sys.exec.out.time {s},test.ellipsoid_intersection.intersection {1},test.root1[0] {1},test.root1[1] {1},test.root1[2] {1},test.root2[0] {1},test.root2[1] {1},test.root2[2] {1}
                   0,1,                   2,                   0,                   0,                  -2,                   0,                   0
                   1,1,                   0,                   3,                   0,                   0,                  -3,                   0
                   2,1,                   0,                   0,                   4,                   0,                   0,                  -4
                   3,1,                   0,                   0,                   4,                   0,                   0,                   4
                   4,1,   1.611258466588724,   1.611258466588724,                   1,  -1.611258466588724,  -1.611258466588724,                   1
                   5,0,   1.611258466588724,   1.611258466588724,                   1,  -1.611258466588724,  -1.611258466588724,                   1
