sys.exec.out.time {s},mutil_verif.vector1[0] {1},mutil_verif.vector1[1] {1},mutil_verif.vector1[2] {1},mutil_verif.T_pfix_enu[0][0] {1},mutil_verif.T_pfix_enu[0][1] {1},mutil_verif.T_pfix_enu[0][2] {1},mutil_verif.T_pfix_enu[1][0] {1},mutil_verif.T_pfix_enu[1][1] {1},mutil_verif.T_pfix_enu[1][2] {1},mutil_verif.T_pfix_enu[2][0] {1},mutil_verif.T_pfix_enu[2][1] {1},mutil_verif.T_pfix_enu[2][2] {1}
                   0,                   0,                   0,                   0,                   0,                   0,                   0,                   0,                   0,                   0,                   0,                   0,                   0
                   1,                 200,                 100,                   0,  -0.447213595499958,   0.894427190999916,                   0,                   0,                  -0,                   1,   0.894427190999916,   0.447213595499958,                   0
                   2,                 100,                   0,                   0,                  -0,                   1,                   0,                   0,                  -0,                   1,                   1,                   0,                   0
                   3,                   0,                   0,                 200,                   1,                   0,                   0,                   0,                   1,                   0,                   0,                   0,                   1
                   4,                 200,                 100,                 300, -0.4472135954999579,  0.8944271909999159,                   0, -0.7171371656006362, -0.3585685828003181,  0.5976143046671968,  0.5345224838248488,  0.2672612419124244,  0.8017837257372732
                   5,                 200,                 100,                 300, -0.4472135954999579,  0.8944271909999159,                   0, -0.7171371656006362, -0.3585685828003181,  0.5976143046671968,  0.5345224838248488,  0.2672612419124244,  0.8017837257372732
                   6,                   0,                   0,                  10,                   1,                   0,                   0,                   0,                   1,                   0,                   0,                   0,                   1
