sys.exec.out.time {s},ts_so.ts.sway_parallel {m},ts_so.ts.sway_normal {m},ts_so.ts.twist_angle {rad},ts_so.ts.fast_mag.parallel {m},ts_so.ts.fast_mag.normal {m},ts_so.ts.fast_mag.twist {rad},ts_so.ts.slow_mag.parallel {m},ts_so.ts.slow_mag.normal {m},ts_so.ts.slow_mag.twist {rad}
                   0, 0.04779270773216709,  0.1255801348894475,3.977501354705872e-06,0.0008753534590858484,0.0003051058221591413,2.167138760390412e-05, 0.04763204798886883,   0.125524136683742,                   0
                  10,  0.3167638794788508, 0.07434413916994817,-0.0001947576545215931, 0.03834253384245889, 0.01336435035498136,0.0009492575873105054,  0.3246305555627676, 0.07708608146689144,                   0
