sys.exec.out.time {s},test.att_manager.maneuver.active {--},test.att_manager.maneuver.maneuvering {--},test.att_manager.maneuver.currentEuler {rad},test.att_manager.maneuver.eulerTarget {rad},test.att_manager.quatBodyWrtRef.scalar {--},test.att_manager.quatBodyWrtRef.vector[0] {--},test.att_manager.quatBodyWrtRef.vector[1] {--},test.att_manager.quatBodyWrtRef.vector[2] {--},test.att_manager.maneuver.mnvrRate[0] {rad/s},test.att_manager.maneuver.mnvrRate[1] {rad/s},test.att_manager.maneuver.mnvrRate[2] {rad/s}
                   0,1,0,                   0,                   0,                   1,                   0,                   0,                   0,               0.001,               0.002,               0.002
                 0.1,1,0,                   0,                   0,  0.9999999923429688,-4.124999989471581e-05,-8.249999978943162e-05,-8.249999978943162e-05,0.0006666666666666659,0.001333333333333332,0.001333333333333332
                 0.2,1,0,                   0,                   0,  0.9999999804968749,-6.583333290534805e-05,-0.0001316666658106961,-0.0001316666658106961,0.0003333333333333322,0.0006666666666666644,0.0006666666666666644
                 0.3,1,1,2.499999999999853e-07,  0.5494767435177079,  0.9999999755235914,-7.408266973323954e-05,-0.000147403125634516,-0.000147434370893202,9.982196998501496e-05,-3.62498793917843e-06,4.736430169546718e-06
                 0.4,1,1,5.774999999999971e-05,  0.5494767435177079,  0.9999999726731055,-0.0001052774197401646,-0.0001462748063288199,-0.0001489098231442378,0.001098041669835194,-3.98748673309638e-05,5.210073186501529e-05
                 0.5,1,1,0.0002152499999999994,  0.5494767435177079,   0.999999960691529,-0.0001863837692009822,-0.0001433411754682387,-0.0001527459983127699,0.002096261369685375,-7.61247467227492e-05,9.946503356048392e-05
                 0.6,1,1,0.0004727499999999994,  0.5494767435177079,  0.9999999273913623,-0.0003174017154988047,-0.000138602231318293,-0.0001589428945208727,0.003094481069535555,-0.0001123746261145346,0.0001468293352559526
                 0.7,1,1,0.0008302499999999993,  0.5494767435177079,  0.9999998530851081,-0.0004983312509261876,-0.0001320579712030089,-0.0001675005085703692,0.004092700769385734,-0.00014862450550632,0.0001941936369514212
                 0.8,1,1,0.001287749999999999,  0.5494767435177079,  0.9999997105852714,-0.0007291723577719569,-0.0001237083916826293,-0.0001784188357104473,0.005090920469235908,-0.0001848743848981051,0.0002415579386468894
                 0.9,1,1,0.001845249999999998,  0.5494767435177079,  0.9999994652043686,-0.001009925001536354,-0.0001135534887990243,-0.0001916978693167501,0.006089140169086079,-0.0002211242642898902,0.0002889222403423577
                   1,1,1,0.002502749999999996,  0.5494767435177079,  0.9999990747549394,-0.001340589122274499,-0.0001015932583888008,-0.0002073376004819398,0.007087359868936252,-0.0002573741436816753,0.0003362865420378259
                 1.1,1,1,0.003260249999999995,  0.5494767435177079,  0.9999984895495651,-0.001721164624068183,-8.78276964641127e-05,-0.0002253380175177367,0.008085579568786435,-0.0002936240230734609,0.0003836508437332947
                 1.2,1,1,0.004117749999999992,  0.5494767435177079,  0.9999976524009044,-0.002151651362625987,-7.225679966117156e-05,-0.0002456991053684321,0.009083799268636623,-0.0003298739024652466,0.0004310151454287637
                 1.3,1,1,0.005075249999999993,  0.5494767435177079,   0.999996498621744,-0.002632049131011756,-5.488056575645734e-05,-0.000268420844935881, 0.01008201896848681,-0.0003661237818570324,0.0004783794471242328
                 1.4,1,1,0.006132749999999993,  0.5494767435177079,  0.9999949560250706,-0.003162357643501447,-3.569899425062985e-05,-0.0002935032123159704,   0.011080238668337,-0.0004023736612488181,0.0005257437488197018
                 1.5,1,1,0.007290249999999996,  0.5494767435177079,  0.9999929449241719,-0.003742576517568382,-1.471208702013959e-05,-0.0003209461779465711, 0.01207845836818719,-0.0004386235406406039,0.0005731080505151709
                 1.6,1,1,          0.00854775,  0.5494767435177079,  0.9999903781327696,-0.00437270525399694,8.080150963461167e-06,-0.0003507497056669729, 0.01307667806803738,-0.0004748734200323896,0.0006204723522106401
                 1.7,1,1,0.009905250000000004,  0.5494767435177079,   0.999987160965195,-0.005052743215124784,3.267771084650982e-05,-0.0003829137516888069, 0.01407489776788757,-0.0005111232994241753,0.0006678366539061092
                 1.8,1,1, 0.01136275000000001,  0.5494767435177079,  0.9999831912366123,-0.005782689601213653,5.908057903852832e-05,-0.0004174382634784613, 0.01507311746773776,-0.000547373178815961,0.0007152009556015783
                 1.9,1,1, 0.01292025000000002,  0.5494767435177079,  0.9999783592633009,-0.006562543424948854,8.728873628982346e-05,-0.0004543231785509971, 0.01607133716758794,-0.0005836230582077464,0.0007625652572970467
                   2,1,1, 0.01457775000000002,  0.5494767435177079,  0.9999725478629986,-0.007392303484067576,0.0001173021567013971,-0.0004935684231755669, 0.01706955686743811,-0.0006198729375995316,0.0008099295589925151
                 2.1,1,1, 0.01633525000000003,  0.5494767435177079,  0.9999656323553245,-0.008271968332116162,0.0001491208066671688,-0.0005351739109923514, 0.01806777656728829,-0.0006561228169913167,0.0008572938606879833
                 2.2,1,1, 0.01819275000000003,  0.5494767435177079,  0.9999574805622872,-0.009201536247336545,0.0001827446437485173,-0.0005791395415410204, 0.01906599626713846,-0.0006923726963831018,0.0009046581623834515
                 2.3,1,1, 0.02015025000000003,  0.5494767435177079,  0.9999479528088877,-0.01018100519968211,0.0002181736154811485,-0.0006254651987007291, 0.02006421596698862,-0.0007286225757748867,0.0009520224640789196
                 2.4,1,1, 0.02220775000000003,  0.5494767435177079,  0.9999369019238296,-0.01121037281596315,0.0002554076581142949,-0.0006741507490416704,  0.0210624356668388,-0.0007648724551666719,0.0009993867657743878
                 2.5,1,1, 0.02436525000000004,  0.5494767435177079,  0.9999241732403532,-0.01228963634312233,0.0002944466952822584,-0.0007251960400881919, 0.02206065536668897,-0.000801122334558457,0.001046751067469856
                 2.6,1,1, 0.02662275000000004,  0.5494767435177079,  0.9999096045972022,-0.01341879260964056,0.0003352906366083096,-0.0007786008984935047, 0.02305887506653915,-0.0008373722139502421,0.001094115369165324
                 2.7,1,1, 0.02898025000000004,  0.5494767435177079,  0.9998930263397312,-0.01459783798507358,0.0003779393762409533,-0.0008343651281260017, 0.02405709476638932,-0.0008736220933420273,0.001141479670860793
                 2.8,1,1, 0.03143775000000004,  0.5494767435177079,  0.9998742613211828,-0.01582676833771984,0.0004223927913225784,-0.0008924885080672114, 0.02505531446623948,-0.0009098719727338121,0.001188843972556261
                 2.9,1,1, 0.03399525000000003,  0.5494767435177079,  0.9998531249041344,-0.01710557899042032,0.0004686507403905126,-0.0009529707905214218, 0.02605353416608966,-0.0009461218521255974,0.001236208274251729
                   3,1,1, 0.03665275000000002,  0.5494767435177079,  0.9998294249621379,-0.01843426467449074,0.0005167130617104977,-0.001015811698636996, 0.02705175386593983,-0.0009823717315173824,0.001283572575947197
                 3.1,1,1, 0.03941025000000002,  0.5494767435177079,  0.9998029618815679,-0.01981281948178714,0.0005665795715426179,-0.001081010924239432,    0.02804997356579,-0.001018621610909168,0.001330936877642666
                 3.2,1,1, 0.04226775000000003,  0.5494767435177079,  0.9997735285636934,-0.02124123681490542,0.0006182500623396971,-0.001148568125476192, 0.02904819326564018,-0.001054871490300953,0.001378301179338134
                 3.3,1,1,          0.04522525,  0.5494767435177079,  0.9997409104269883,  -0.022719509335516,0.0006717243008782083,-0.001218482924373366, 0.03004641296549034,-0.001091121369692738,0.001425665481033602
                 3.4,1,1, 0.04828274999999999,  0.5494767435177079,  0.9997048854097075,-0.02424762891083442,0.0007270020263217248,-0.001290754904304197, 0.03104463266534051,-0.001127371249084523, 0.00147302978272907
                 3.5,1,1, 0.05144025000000001,  0.5494767435177079,  0.9996652239727366, -0.0258255865582293,0.0007840829482169461,-0.001365383607369554, 0.03204285236519071,-0.001163621128476309, 0.00152039408442454
                 3.6,1,1,          0.05469775,  0.5494767435177079,  0.9996216891027412,-0.02745337238796856,0.0008429667444223551,-0.001442368531690396, 0.03304107206504092,-0.001199871007868095,0.001567758386120009
                 3.7,1,1,          0.05805525,  0.5494767435177079,  0.9995740363156346,-0.02913097554410573,0.0009036530589695435,-0.001521709128612299, 0.03403929176489113,-0.001236120887259882,0.001615122687815479
                 3.8,1,1,          0.06151275,  0.5494767435177079,  0.9995220136603823,-0.03085838414350764, 0.00096614149985726,-0.001603404799822128, 0.03503751146474134,-0.001272370766651668,0.001662486989510949
                 3.9,1,1, 0.06507024999999997,  0.5494767435177079,  0.9994653617231709,-0.03263558521302531,0.001030431636778252,-0.001687454894376946, 0.03603573116459154,-0.001308620646043455,0.001709851291206419
                   4,1,1, 0.06872774999999998,  0.5494767435177079,  0.9994038136319532,-0.03446256462480977,0.001096522998778941,-0.001773858705645221, 0.03703395086444175,-0.001344870525435241,0.001757215592901889
                 4.1,1,1,          0.07248525,  0.5494767435177079,  0.9993370950614009,-0.03633930702977516,0.001164415071852034,-0.001862615468160476, 0.03803217056429197,-0.001381120404827028, 0.00180457989459736
                 4.2,1,1, 0.07634275000000003,  0.5494767435177079,  0.9992649242382879,-0.03826579578921094,0.001234107296462116,-0.001953724354387443,  0.0390303902641422,-0.001417370284218815,0.001851944196292831
                 4.3,1,1, 0.08030025000000006,  0.5494767435177079,  0.9991870119473211,-0.04024201290454593, 0.00130559906500433,-0.00204718447140088, 0.04002860996399243,-0.001453620163610602,0.001899308497988301
                 4.4,1,1, 0.08435775000000013,  0.5494767435177079,  0.9991030615374505,-0.04226793894526674,0.001378889719196229,-0.002142994857477156, 0.04102682966384266,-0.001489870043002389,0.001946672799683772
                 4.5,1,1, 0.08851525000000014,  0.5494767435177079,  0.9990127689286783,-0.04434355297499309,0.001453978547402888,-0.002241154478598737, 0.04202504936369288,-0.001526119922394176,0.001994037101379243
                 4.6,1,1, 0.09277275000000015,  0.5494767435177079,  0.9989158226193997,-0.04646883247571383,0.001530864781895405,-0.002341662224871741,  0.0430232690635431,-0.001562369801785963,0.002041401403074713
                 4.7,1,1, 0.09713025000000022,  0.5494767435177079,  0.9988119036942944, -0.0486437532701861,0.001609547596042883,-0.002444516906856709, 0.04402148876339333,-0.00159861968117775,0.002088765704770184
                 4.8,1,1,  0.1015877500000003,  0.5494767435177079,   0.998700685832802,-0.05086828944250164,0.001690026101438034,-0.002549717251812756, 0.04501970846324355,-0.001634869560569537,0.002136130006465655
                 4.9,1,1,  0.1061452500000003,  0.5494767435177079,  0.9985818353182031,-0.05314241325682424,0.001772299344956531,-0.002657261899855321, 0.04601792816309377,-0.001671119439961324,0.002183494308161126
                   5,1,0,  0.1105675000000004,  0.5494767435177079,  0.9984550249387373,-0.05546584590183883,0.001856357291059299,-0.002767137616640928, 0.04691632589295897,-0.001703744331413932,0.002226122179687049
                 5.1,1,0,  0.1105675000000004,  0.5494767435177079,  0.9983232090912962,-0.05778175212392837,0.001940143756528172,-0.00287665662742159, 0.04591810619310876,-0.001667494452022145, 0.00217875787799158
                 5.2,1,0,  0.1105675000000004,  0.5494767435177079,  0.9981890114968063,-0.06004752519442998,0.002022117255697064,-0.002983804092167889, 0.04491988649325853,-0.001631244572630358,0.002131393576296109
                 5.3,1,0,  0.1105675000000004,  0.5494767435177079,  0.9980527733168488,-0.06226317348449129,0.002102278040149213,-0.003088580455922798, 0.04392166679340831,-0.001594994693238572, 0.00208402927460064
                 5.4,1,0,  0.1105675000000004,  0.5494767435177079,  0.9979148281609287,-0.06442870642839148,0.002180626401054918,-0.003190986212926419, 0.04292344709355807,-0.001558744813846784, 0.00203666497290517
                 5.5,1,0,  0.1105675000000004,  0.5494767435177079,  0.9977755020860885,-0.06654413444017225,0.002257162666156137,-0.003291021902672755, 0.04192522739370785,-0.001522494934454997,0.001989300671209699
                 5.6,1,0,  0.1105675000000004,  0.5494767435177079,  0.9976351135969471,-0.06860946883215405,0.002331887196819193,-0.003388688106055654, 0.04092700769385764,-0.00148624505506321,0.001941936369514229
                 5.7,1,0,  0.1105675000000004,  0.5494767435177079,  0.9974939736461368,-0.07062472173533664,0.002404800385155586,-0.003483985441603995,  0.0399287879940074,-0.001449995175671424,0.001894572067818757
                 5.8,1,0,  0.1105675000000004,  0.5494767435177079,  0.9973523856351098,-0.07258990602168595,0.002475902651210987,-0.003576914561806115, 0.03893056829415718,-0.001413745296279636,0.001847207766123286
                 5.9,1,0,  0.1105675000000004,  0.5494767435177079,  0.9972106454152927,-0.07450503522830794,  0.0025451944402224,-0.003667476149523525, 0.03793234859430696,-0.00137749541688785,0.001799843464427815
                   6,1,0,  0.1105675000000004,  0.5494767435177079,  0.9970690412895529, -0.0763701234835084,0.002612676219943525,-0.003755670914493906, 0.03693412889445673,-0.001341245537496063,0.001752479162732344
                 6.1,1,0,  0.1105675000000004,  0.5494767435177079,  0.9969278540139547,-0.07818518543473982,0.002678348478038334,-0.003841499589923393, 0.03593590919460651,-0.001304995658104277,0.001705114861036874
                 6.2,1,0,  0.1105675000000004,  0.5494767435177079,  0.9967873567997866,-0.07995023617843601,0.002742211719542852,-0.003924962929168148, 0.03493768949475629,-0.001268745778712491,0.001657750559341404
                 6.3,1,0,  0.1105675000000004,  0.5494767435177079,  0.9966478153158238,-0.08166529119173226,0.002804266464395137,-0.004006061702505214, 0.03393946979490607,-0.001232495899320704,0.001610386257645934
                 6.4,1,0,  0.1105675000000004,  0.5494767435177079,   0.996509487690811,-0.08333036626607321,0.002864513245033502,-0.004084796693992613, 0.03294125009505584,-0.001196246019928917,0.001563021955950463
                 6.5,1,0,  0.1105675000000004,  0.5494767435177079,  0.9963726245161353,-0.08494547744270617,0.002922952604062875,-0.004161168698418724, 0.03194303039520562,-0.001159996140537131,0.001515657654254993
                 6.6,1,0,  0.1105675000000004,  0.5494767435177079,  0.9962374688486726,-0.08651064095006038, 0.00297958509198939,-0.004235178518340824, 0.03094481069535541,-0.001123746261145345,0.001468293352559522
                 6.7,1,0,  0.1105675000000004,  0.5494767435177079,   0.996104256213783,-0.08802587314301145,0.003034411265023113,-0.004306826961212847, 0.02994659099550524,-0.00108749638175356,0.001420929050864055
                 6.8,1,0,  0.1105675000000004,  0.5494767435177079,  0.9959732146084315,-0.08949119044402991,0.003087431682948913,-0.004376114836602277, 0.02894837129565509,-0.001051246502361775,0.001373564749168587
                 6.9,1,0,  0.1105675000000004,  0.5494767435177079,  0.9958445645044173,-0.09090660928621379,0.003138646907065452,-0.004443042953496154, 0.02795015159580492,-0.001014996622969989,0.001326200447473118
                   7,1,0,  0.1105675000000004,  0.5494767435177079,  0.9957185188516884,-0.09227214605820384,0.003188057498192272,-0.004507612117696162, 0.02695193189595476,-0.000978746743578204, 0.00127883614577765
                 7.1,1,0,  0.1105675000000004,  0.5494767435177079,  0.9955952830817275,-0.09358781705098097,0.003235664014744922,-0.004569823129302709,  0.0259537121961046,-0.0009424968641864192,0.001231471844082183
                 7.2,1,0,  0.1105675000000004,  0.5494767435177079,  0.9954750551109807,-0.09485363840654418,0.003281467010878146,-0.00462967678028801, 0.02495549249625443,-0.0009062469847946337,0.001184107542386715
                 7.3,1,0,  0.1105675000000004,  0.5494767435177079,  0.9953580253443221,-0.09606962606846946,0.003325467034697039,-0.004687173852158093, 0.02395727279640427,-0.0008699971054028495,0.001136743240691248
                 7.4,1,0,  0.1105675000000004,  0.5494767435177079,  0.9952443766785309,-0.09723579573434704,0.003367664626536195,-0.004742315113703683, 0.02295905309655409,-0.0008337472260110644,0.001089378938995779
                 7.5,1,0,  0.1105675000000004,  0.5494767435177079,  0.9951342845057622,-0.09835216281009676,0.003408060317306763,-0.004795101318839911, 0.02196083339670394,-0.0007974973466192794,0.001042014637300312
                 7.6,1,0,  0.1105675000000004,  0.5494767435177079,  0.9950279167170041,-0.09941874236616076,0.003446654626911407,-0.004845533204534803, 0.02096261369685378,-0.0007612474672274944,0.000994650335604844
                 7.7,1,0,  0.1105675000000004,  0.5494767435177079,  0.9949254337054942, -0.1004355490955719,0.003483448062727117,-0.004893611488826476, 0.01996439399700362,-0.0007249975878357097,0.000947286033909376
                 7.8,1,0,  0.1105675000000004,  0.5494767435177079,   0.994826988370091,  -0.101402597273897,0.003518441118155849,-0.004939336868929025, 0.01896617429715345,-0.0006887477084439246,0.000899921732213908
                 7.9,1,0,  0.1105675000000004,  0.5494767435177079,  0.9947327261185809, -0.1023199007210537,0.003551634271242951,-0.004982710019427019, 0.01796795459730328,-0.0006524978290521397,0.0008525574305184399
                   8,1,0,  0.1105675000000004,  0.5494767435177079,  0.9946427848709068, -0.1031874727650005,0.003583027983363319,-0.005023731590558554, 0.01696973489745312,-0.0006162479496603553,0.0008051931288229724
                 8.1,1,0,  0.1105675000000004,  0.5494767435177079,  0.9945572950623102, -0.1040053262072983,0.003612622697975292,-0.005062402206586832, 0.01597151519760293,-0.0005799980702685699,0.0007578288271275035
   8.199999999999999,1,0,  0.1105675000000004,  0.5494767435177079,  0.9944763796463676,  -0.104773473290542,0.003640418839442196,-0.005098722464260201, 0.01497329549775275,-0.0005437481908767847,0.0007104645254320351
   8.300000000000001,1,0,  0.1105675000000004,  0.5494767435177079,  0.9944001540979196, -0.1054919256676629,0.003666416811921559,-0.005132692931360594, 0.01397507579790256,-0.0005074983114849988,0.0006631002237365659
                 8.4,1,0,  0.1105675000000004,  0.5494767435177079,  0.9943287264158704, -0.1061606943730984,0.003690616998321899,-0.005164314145340364, 0.01297685609805238,-0.0004712484320932135,0.0006157359220410973
                 8.5,1,0,  0.1105675000000004,  0.5494767435177079,  0.9942621971258554, -0.1067797897958307,0.003713019759327129,-0.005193586612047396, 0.01197863639820221,-0.0004349985527014281,0.0005683716203456286
                 8.6,1,0,  0.1105675000000004,  0.5494767435177079,  0.9942006592827688, -0.1073492216542915,0.003733625432488484,-0.005220510804538561, 0.01098041669835203,-0.0003987486733096429,0.0005210073186501605
   8.699999999999999,1,0,  0.1105675000000004,  0.5494767435177079,  0.9941441984731344, -0.1078689989731329,0.003752434331383951,-0.005245087161981332,0.009982196998501858,-0.0003624987939178577,0.0004736430169546915
   8.800000000000001,1,0,  0.1105675000000004,  0.5494767435177079,  0.9940928928173179, -0.1083391300618637,0.003769446744845217,-0.005267316088643653,0.008983977298651665,-0.0003262489145260715,0.0004262787152592218
                 8.9,1,0,  0.1105675000000004,  0.5494767435177079,  0.9940468129715723, -0.1087596224953497,0.003784662936252059,-0.005287197952971927,0.007985757598801489,-0.0002899990351342859,0.0003789144135637533
                   9,1,0,  0.1105675000000004,  0.5494767435177079,  0.9940060221299062, -0.1091304830961782, 0.00379808314289417,-0.00530473308675717,0.006987537898951319,-0.0002537491557425006,0.0003315501118682849
                 9.1,1,0,  0.1105675000000004,  0.5494767435177079,  0.9939705760257743,  -0.109451717918885,0.003809707575400411,-0.005319921784389214,0.005989318199101144,-0.0002174992763507154,0.0002841858101728164
   9.199999999999999,1,0,  0.1105675000000004,  0.5494767435177079,  0.9939405229335805, -0.1097233322360447,0.003819536417235452,-0.005332764302199002,0.004991098499250972,-0.0001812493969589301,0.0002368215084773475
   9.300000000000001,1,0,  0.1105675000000004,  0.5494767435177079,  0.9939159036699895, -0.1099453305262217,0.003827569824263782,-0.005343260857888931,0.003992878799400782,-0.0001449995175671443,0.0001894572067818784
                 9.4,1,0,  0.1105675000000004,  0.5494767435177079,  0.9938967515950405, -0.1101177164637842, 0.00383380792438109,-0.005351411630051177,0.002994659099550603,-0.0001087496381753588,0.0001420929050864096
                 9.5,1,0,  0.1105675000000004,  0.5494767435177079,  0.9938830926130668,  -0.110240492910578,0.003838250817212991,-0.005357216757774064,0.001996439399700426,-7.249975878357341e-05,9.472860339094088e-05
                 9.6,1,0,  0.1105675000000004,  0.5494767435177079,  0.9938749451734112, -0.1103136619094622, 0.00384089857388108,-0.005360676340336381,0.0009982196998502503,-3.624987939178806e-05,4.736430169547218e-05
   9.699999999999999,1,1,                   0,   2.338931015665317,  0.9938723202709352, -0.1103372246797045,0.003841751236836321,-0.005361790436989681,-4.433389091234372e-17,-4.972659101380313e-17,-3.404871182260209e-17
   9.800000000000001,1,1,4.750000000000883e-05,   2.338931015665317,   0.993874033236414, -0.1103219045257977, 0.00385785655416061,-0.005347932591291747,-0.0005925665714713052,-0.0006646453749404821,-0.0004550949175118815
                 9.9,1,1,0.000195000000000017,   2.338931015665317,  0.9938790051094013, -0.1102774026952749,0.003904638651272561,-0.005307678828161985,-0.001185133142942556,-0.001329290749880903,-0.0009101898350237209
                  10,1,1,0.0004425000000000244,   2.338931015665317,  0.9938872245223882, -0.1102037179270094,0.003982097483332978,-0.005241029087048605,-0.001777699714413807,-0.001993936124821325,-0.001365284752535561
                10.1,1,1,0.0007900000000000315,   2.338931015665317,  0.9938986726535508, -0.1101008481347713,0.004090232974139238,-0.005147983269380803,-0.002370266285885059,-0.002658581499761747,-0.001820379670047401
                10.2,1,1,0.001237500000000038,   2.338931015665317,  0.9939133232264459, -0.1099687904099911,0.004229045013220582,-0.005028541241068129,-0.002962832857356308,-0.003323226874702166,-0.00227547458755924
                10.3,1,1,0.001785000000000054,   2.338931015665317,  0.9939311425095843, -0.1098075410256172,0.004398533451783071,-0.004882702835989708,-0.003555399428827567,-0.003987872249642596,-0.002730569505071086
                10.4,1,1, 0.00243250000000006,   2.338931015665317,  0.9939520893158874, -0.1096170954410692,0.004598698097504125,-0.004710467860473381,-0.004147966000298816,-0.004652517624583016,-0.003185664422582924
                10.5,1,1,0.003180000000000065,   2.338931015665317,  0.9939761150020313, -0.1093974483082856,0.004829538708176788,-0.004511836098764667,-0.004740532571770065,-0.005317162999523436,-0.003640759340094763
                10.6,1,1, 0.00402750000000007,   2.338931015665317,  0.9940031634676775, -0.1091485934788678,0.005091054984203627,-0.004286807319485672,-0.005333099143241315,-0.005981808374463856,-0.004095854257606602
                10.7,1,1,0.004975000000000072,   2.338931015665317,  0.9940331711546001, -0.1088705240123197,0.005383246559940342,-0.004035381283083902,-0.005925665714712565,-0.006646453749404276,-0.004550949175118441
                10.8,1,1,0.006022500000000095,   2.338931015665317,   0.994066067045712, -0.1085632321853843,0.005706112993889128,-0.003757557750271003,-0.006518232286183826,-0.007311099124344709,-0.005006044092630288
                10.9,1,1,0.007170000000000098,   2.338931015665317,  0.9941017726639927, -0.1082267095024772,0.006059653757741773,-0.003453336491451467,-0.007110798857655076,-0.007975744499285129,-0.005461139010142128
                  11,1,1,0.008417500000000102,   2.338931015665317,  0.9941402020713304, -0.1078609467072177,0.006443868224272631,-0.003122717297141255,-0.007703365429126326,-0.00864038987422555,-0.005916233927653967
                11.1,1,1,0.009765000000000103,   2.338931015665317,  0.9941812618672791, -0.1074659337950595,0.006858755654081462,-0.002765699989376421,-0.008295932000597576,-0.009305035249165969,-0.006371328845165806
                11.2,1,1, 0.01121250000000011,   2.338931015665317,  0.9942248511877392,   -0.10704166002702,  0.0073043151811862,-0.002382284434111679,-0.008888498572068826,-0.00996968062410639,-0.006826423762677645
                11.3,1,1, 0.01276000000000014,   2.338931015665317,  0.9942708617035755, -0.1065881139445098,0.007780545797465857,-0.001972470554608921,-0.00948106514354009,-0.01063432599904682,-0.007281518680189494
                11.4,1,1, 0.01440750000000014,   2.338931015665317,  0.9943191776191739, -0.1061052833852638,0.008287446335953495,-0.001536258345815713,-0.01007363171501135,-0.01129897137398726,-0.007736613597701341
                11.5,1,1, 0.01615500000000014,   2.338931015665317,    0.99436967567095, -0.1055931555003738, 0.00882501545297959,-0.001073647889733623,-0.01066619828648261,-0.01196361674892769,-0.008191708515213187
                11.6,1,1, 0.01800250000000014,   2.338931015665317,   0.994422225125822, -0.1050517167724253,0.009393251609165786,-0.0005846393717764911,-0.01125876485795387,-0.01262826212386812,-0.008646803432725033
                11.7,1,1, 0.01995000000000015,   2.338931015665317,  0.9944766877796505, -0.1044809530347372,0.009992153049269268,-6.923309811845702e-05,-0.01185133142942513,-0.01329290749880855,-0.009101898350236878
                11.8,1,1, 0.02199750000000019,   2.338931015665317,  0.9945329179556671, -0.1038808494917079, 0.01062171778087801,0.000472570485968271, -0.0124438980008964,-0.01395755287374899,-0.009556993267748733
                11.9,1,1,  0.0241450000000002,   2.338931015665317,  0.9945907625028975, -0.1032513907402667, 0.01128194355195705,0.001040770776785986,-0.01303646457236765,-0.01462219824868942,-0.01001208818526058
                  12,1,1, 0.02639250000000021,   2.338931015665317,   0.994650060794592, -0.1025925607924343, 0.01197282782724616,0.001635366991894644,-0.01362903114383891,-0.01528684362362985,-0.01046718310277243
                12.1,1,1, 0.02874000000000022,   2.338931015665317,  0.9947106447266796, -0.1019043430989913, 0.01269436776350919,0.002256358148805582,-0.01422159771531017,-0.01595148899857028,-0.01092227802028427
                12.2,1,1, 0.03118750000000023,   2.338931015665317,  0.9947723387162573, -0.1011867205742566, 0.01344656018363534,0.002903743042686129,-0.01481416428678143,-0.01661613437351071,-0.01137737293779612
                12.3,1,1, 0.03373500000000029,   2.338931015665317,  0.9948349597001307, -0.1004396756219779, 0.01422940154959297,0.003577520223075265, -0.0154067308582527,-0.01728077974845115,-0.01183246785530797
                12.4,1,1,  0.0363825000000003,   2.338931015665317,  0.9948983171334213, -0.0996631901623352, 0.01504288793423616, 0.00427768796961054,-0.01599929742972396,-0.01794542512339159,-0.01228756277281982
                12.5,1,1, 0.03913000000000031,   2.338931015665317,  0.9949622129882547,-0.09885724566005753, 0.01588701499196482,0.005004244266766723,-0.01659186400119522,-0.01861007049833201,-0.01274265769033166
                12.6,1,1, 0.04197750000000033,   2.338931015665317,  0.9950264417525494, -0.0980218231536559,  0.0167617779282386,0.005757186777606286,-0.01718443057266648,-0.01927471587327245,-0.01319775260784351
                12.7,1,1, 0.04492500000000034,   2.338931015665317,  0.9950907904289209,-0.09715690328577298, 0.01766717146794546,0.006536512816542295,-0.01777699714413774,-0.01993936124821288,-0.01365284752535536
                12.8,1,1, 0.04797250000000042,   2.338931015665317,  0.9951550385337191,-0.09626246633465105, 0.01860318982262552,0.007342219321114099,-0.01836956371560901,-0.02060400662315332,-0.01410794244286721
                12.9,1,1, 0.05112000000000044,   2.338931015665317,   0.995218958096222,-0.09533849224671975, 0.01956982665655085,0.008174302822776234,-0.01896213028708025,-0.02126865199809373,-0.01456303736037905
                  13,1,1, 0.05436750000000044,   2.338931015665317,   0.995282313657998,-0.09438496067030451,  0.0205670750516625, 0.00903275941670135,-0.01955469685855149,-0.02193329737303414,-0.01501813227789088
                13.1,1,1, 0.05771500000000047,   2.338931015665317,  0.9953448622724625,-0.09340185099045807, 0.02159492747136495,0.009917584730597498,-0.02014726343002273,-0.02259794274797455,-0.01547322719540271
                13.2,1,1, 0.06116250000000047,   2.338931015665317,  0.9954063535046461,-0.09238914236491511, 0.02265337572317969, 0.01082877389254065,-0.02073983000149397,-0.02326258812291496,-0.01592832211291454
                13.3,1,1, 0.06471000000000053,   2.338931015665317,     0.9954665294312,-0.09134681376117271, 0.02374241092025883, 0.01176632149782325,-0.02133239657296523,-0.02392723349785538,-0.01638341703042638
                13.4,1,1, 0.06835750000000054,   2.338931015665317,  0.9955251246406517,-0.09027484399469729, 0.02486202344175975, 0.01273022157481951,-0.02192496314443647, -0.0245918788727958,-0.01683851194793821
                13.5,1,1, 0.07210500000000054,   2.338931015665317,  0.9955818662339437,-0.08917321176825883, 0.02601220289208243, 0.01372046754986861,-0.02251752971590771,-0.02525652424773621,-0.01729360686545004
                13.6,1,1, 0.07595250000000052,   2.338931015665317,  0.9956364738252761,-0.08804189571239487, 0.02719293805897079, 0.01473705221117672,-0.02311009628737895,-0.02592116962267662,-0.01774870178296188
                13.7,1,1, 0.07990000000000054,   2.338931015665317,  0.9956886595432672,-0.08688087442700457, 0.02840421687047945, 0.01577996767173886,-0.02370266285885019,-0.02658581499761703,-0.01820379670047371
                13.8,1,1, 0.08394750000000063,   2.338931015665317,  0.9957381280324736,-0.08569012652407422, 0.02964602635080796, 0.01684920533128221,-0.02429522943032144,-0.02725046037255745,-0.01865889161798555
                13.9,1,1, 0.08809500000000062,   2.338931015665317,  0.9957845764552794, -0.0844696306715358, 0.03091835257500377, 0.01794475583723169,-0.02488779600179268,-0.02791510574749786,-0.01911398653549738
                  14,1,1, 0.09234250000000065,   2.338931015665317,  0.9958276944941872,-0.08321936563825871, 0.03222118062253668, 0.01906660904469984,-0.02548036257326393,-0.02857975112243827,-0.01956908145300922
                14.1,1,1, 0.09669000000000065,   2.338931015665317,  0.9958671643545413,-0.08193931034017707, 0.03355449452974601, 0.02021475397550228,-0.02607292914473516,-0.02924439649737868,-0.02002417637052105
                14.2,1,1,  0.1011375000000006,   2.338931015665317,  0.9959026607677022,-0.08062944388755185, 0.03491827724116355, 0.02138917877620024, -0.0266654957162064,-0.02990904187231909,-0.02047927128803288
                14.3,1,1,  0.1056850000000007,   2.338931015665317,  0.9959338509947036,-0.07928974563336996, 0.03631251055971399,  0.0225898706751727,-0.02725806228767766,-0.03057368724725951,-0.02093436620554472
                14.4,1,1,  0.1103325000000007,   2.338931015665317,  0.9959603948304239,-0.07792019522288106, 0.03773717509579606, 0.02381681593871928, -0.0278506288591489,-0.03123833262219992,-0.02138946112305655
                14.5,1,1,  0.1150800000000007,   2.338931015665317,  0.9959819446082937,-0.07652077264427135, 0.03919225021524683, 0.02506999982619677,-0.02844319543062014,-0.03190297799714033,-0.02184455604056838
                14.6,1,1,  0.1199275000000007,   2.338931015665317,  0.9959981452055787,-0.07509145828047686, 0.04067771398619214, 0.02634940654419109,-0.02903576200209138,-0.03256762337208074,-0.02229965095808022
                14.7,1,1,  0.1248750000000007,   2.338931015665317,  0.9960086340492558,-0.07363223296213507, 0.04219354312478629, 0.02765501919972728,-0.02962832857356262,-0.03323226874702115,-0.02275474587559205
                14.8,1,1,  0.1299225000000007,   2.338931015665317,  0.9960130411225289,-0.07214307802167616,  0.0437397129398446, 0.02898681975252034,-0.03022089514503387,-0.03389691412196157,-0.02320984079310389
                14.9,1,1,  0.1350700000000007,   2.338931015665317,  0.9960109889720008,-0.07062397534855355, 0.04531619727637199, 0.03034478896626921,-0.03081346171650512,-0.03456155949690198,-0.02366493571061572
                  15,1,1,  0.1403175000000007,   2.338931015665317,  0.9960020927155457,-0.06907490744561426, 0.04692296845799184, 0.03172890635899763,-0.03140602828797635,-0.03522620487184239,-0.02412003062812755
                15.1,1,1,  0.1456650000000007,   2.338931015665317,  0.9959859600509062,-0.06749585748660847,  0.0485599972282787, 0.03313915015244421,-0.03199859485944759, -0.0358908502467828,-0.02457512554563938
                15.2,1,1,  0.1511125000000006,   2.338931015665317,  0.9959621912650539,-0.06588680937483853, 0.05022725269099931, 0.03457549722050574,-0.03259116143091884,-0.03655549562172321,-0.02503022046315122
                15.3,1,1,  0.1566600000000007,   2.338931015665317,  0.9959303792443456, -0.0642477478029464,  0.0519247022492666, 0.03603792303673693,-0.03318372800239009,-0.03722014099666364,-0.02548531538066306
                15.4,1,1,  0.1623075000000007,   2.338931015665317,  0.9958901094855129,-0.06257865831383995, 0.05365231154361089, 0.03752640162091048,-0.03377629457386133,-0.03788478637160405,-0.02594041029817489
                15.5,1,1,  0.1680550000000006,   2.338931015665317,  0.9958409601075124,-0.06087952736275615, 0.05541004438897412,  0.0390409054846416,-0.03436886114533257,-0.03854943174654446,-0.02639550521568672
                15.6,1,1,  0.1739025000000006,   2.338931015665317,  0.9957825018642841,-0.05915034238046109, 0.05719786271063137, 0.04058140557608111,-0.03496142771680381,-0.03921407712148487,-0.02685060013319856
                15.7,1,1,  0.1798500000000006,   2.338931015665317,   0.995714298158445,-0.05739109183758515, 0.05901572647904619, 0.04214787122368152,-0.03555399428827506,-0.03987872249642527,-0.02730569505071039
                15.8,1,1,  0.1858975000000007,   2.338931015665317,  0.9956359050559622,-0.05560176531009231,  0.0608635936436652,  0.0437402700790409, -0.0361465608597463, -0.0405433678713657,-0.02776078996822223
                15.9,1,1,  0.1920450000000006,   2.338931015665317,  0.9955468713018361,-0.05378235354588189, 0.06274142006565776, 0.04535856805882964,-0.03673912743121754,-0.04120801324630611,-0.02821588488573406
                  16,1,1,  0.1982925000000006,   2.338931015665317,  0.9954467383368405,-0.05193284853252056,  0.0646491594496082, 0.04700272928580536, -0.0373316940026888,-0.04187265862124653, -0.0286709798032459
                16.1,1,1,  0.2046400000000006,   2.338931015665317,  0.9953350403153508,-0.05005324356610301, 0.06658676327416616, 0.04867271602892097,-0.03792426057416008,-0.04253730399618699,-0.02912607472075777
                16.2,1,1,  0.2110875000000005,   2.338931015665317,  0.9952113041243081, -0.0481435333212389, 0.06855418072166304, 0.05036848864253243,-0.03851682714563135,-0.04320194937112744,-0.02958116963826962
                16.3,1,1,  0.2176350000000006,   2.338931015665317,   0.995075049403349,-0.04620371392216292, 0.07055135860670224, 0.05209000550471201,-0.03910939371710264, -0.0438665947460679,-0.03003626455578149
                16.4,1,1,  0.2242825000000004,   2.338931015665317,  0.9949257885661532,-0.04423378301496615, 0.07257824130372983, 0.05383722295467303,-0.03970196028857391,-0.04453124012100834,-0.03049135947329334
                16.5,1,1,  0.2310300000000005,   2.338931015665317,  0.9947630268230441,-0.04223373984094415, 0.07463477067359568, 0.05561009522931385,-0.04029452686004519, -0.0451958854959488,-0.03094645439080521
                16.6,1,1,  0.2378775000000006,   2.338931015665317,   0.994586262204883,-0.04020358531106011, 0.07672088598911131, 0.05740857439888656,-0.04088709343151648,-0.04586053087088926,-0.03140154930831707
                16.7,1,1,  0.2448250000000004,   2.338931015665317,  0.9943949855883042,-0.03814332208151748, 0.07883652385961595,  0.0592326103017995,-0.04147966000298775,-0.04652517624582971,-0.03185664422582893
                16.8,1,1,  0.2518725000000006,   2.338931015665317,   0.994188680722332,-0.03605295463043889, 0.08098161815455843, 0.06108215047856023,-0.04207222657445903,-0.04718982162077016, -0.0323117391433408
                16.9,1,1,  0.2590200000000005,   2.338931015665317,    0.99396682425642,-0.03393248933564751, 0.08315609992610504, 0.06295714010486655,-0.04266479314593031, -0.0478544669957106,-0.03276683406085265
                  17,1,1,  0.2662675000000007,   2.338931015665317,  0.9937288857699665,-0.03178193455354446, 0.08535989733078461, 0.06485752192385597,-0.04325735971740159,-0.04851911237065107,-0.03322192897836452
                17.1,1,1,  0.2736150000000007,   2.338931015665317,  0.9934743278033372, -0.0296013006990791, 0.08759293555017959, 0.06678323617751973,-0.04384992628887287,-0.04918375774559153,-0.03367702389587639
                17.2,1,1,  0.2810625000000007,   2.338931015665317,  0.9932026058904517,-0.02739060032680505, 0.08985513671067588, 0.06873422053729317,-0.04444249286034415,-0.04984840312053197,-0.03413211881338823
                17.3,1,1,  0.2886100000000008,   2.338931015665317,   0.992913168592975,-0.02514984821301662, 0.09214641980228276, 0.07071041003382982,-0.04503505943181543,-0.05051304849547243, -0.0345872137309001
                17.4,1,1,  0.2962575000000007,   2.338931015665317,   0.992605457536161,-0.02287906143896037, 0.09446670059653343, 0.07271173698597032, -0.0456276260032867,-0.05117769387041287,-0.03504230864841196
                17.5,1,1,  0.3040050000000009,   2.338931015665317,  0.9922789074463925,-0.02057825947511297, 0.09681589156348105, 0.07473813092891712,-0.04622019257475799,-0.05184233924535333,-0.03549740356592383
                17.6,1,1,   0.311852500000001,   2.338931015665317,  0.9919329461904727,-0.01824746426652074, 0.09919390178780119, 0.07678951854162372,-0.04681275914622927, -0.0525069846202938,-0.03595249848343569
                17.7,1,1,  0.3198000000000009,   2.338931015665317,  0.9915669948167042,-0.01588670031919124,  0.1016006368840151, 0.07886582357341158,-0.04740532571770054,-0.05317162999523423,-0.03640759340094755
                17.8,1,1,  0.3278475000000011,   2.338931015665317,  0.9911804675978144,-0.01349599478752994,  0.1040359989108489, 0.08096696676982637,-0.04799789228917183,-0.05383627537017469,-0.03686268831845942
                17.9,1,1,  0.3359950000000009,   2.338931015665317,  0.9907727720757716,-0.01107537756281403,  0.1064998862847405, 0.08309286579774326, -0.0485904588606431,-0.05450092074511514,-0.03731778323597126
                  18,1,1,  0.3442425000000012,   2.338931015665317,  0.9903433091085374,-0.008624881362692566,  0.1089921936925125, 0.08524343516973786,-0.04918302543211438, -0.0551655661200556,-0.03777287815348313
                18.1,1,1,  0.3525900000000013,   2.338931015665317,  0.9898914729188154,-0.006144541821706197,   0.111512812003224, 0.08741858616773138,-0.04977559200358567,-0.05583021149499606,  -0.038227973070995
                18.2,1,1,  0.3610375000000012,   2.338931015665317,  0.9894166511448342,-0.003634397582814077,  0.1140616281792202, 0.08961822676592747,-0.05036815857505694, -0.0564948568699365,-0.03868306798850685
                18.3,1,1,  0.3695850000000014,   2.338931015665317,  0.9889182248932225,-0.001094490389918757,  0.1166385251863943,   0.091842261553053,-0.05096072514652823,-0.05715950224487696,-0.03913816290601872
                18.4,1,1,  0.3782325000000013,   2.338931015665317,  0.9883955687940272,0.001475134818621256,  0.1192433819036801, 0.09409059165391619,-0.05155329171799949,-0.05782414761981741,-0.03959325782353058
                18.5,1,1,  0.3869800000000015,   2.338931015665317,  0.9878480510579216,0.004074429815504851,  0.1218760730317944, 0.09636311465030019,-0.05214585828947078,-0.05848879299475786,-0.04004835274104245
                18.6,1,1,  0.3958275000000018,   2.338931015665317,  0.9872750335356575,0.006703342989036994,   0.124536469001245, 0.09865972450120458,-0.05273842486094207,-0.05915343836969832,-0.04050344765855431
                18.7,1,1,  0.4047750000000017,   2.338931015665317,  0.9866758717798165,0.009361819246727611,  0.1272244358796269,  0.1009803114624533,-0.05333099143241334,-0.05981808374463877,-0.04095854257606616
                18.8,1,1,   0.413822500000002,   2.338931015665317,  0.9860499151089086, 0.01204979991795298,  0.1299398352782252,  0.1033247620056851,-0.05392355800388463,-0.06048272911957923,-0.04141363749357803
                18.9,1,1,  0.4229700000000018,   2.338931015665317,  0.9853965066738684, 0.01476722265569248,  0.1326825242579432,  0.1056929587367422,-0.05451612457535589,-0.06114737449451967,-0.04186873241108988
                  19,1,1,  0.4322175000000021,   2.338931015665317,    0.98471498352701, 0.01751402133735755,  0.1354523552345823,  0.1080847803134776,-0.05510869114682718,-0.06181201986946013,-0.04232382732860175
                19.1,1,1,  0.4415650000000023,   2.338931015665317,  0.9840046766934863, 0.02029012596472487,  0.1382491758834887,  0.1105001013629977,-0.05570125771829847,-0.06247666524440059,-0.04277892224611362
                19.2,1,1,  0.4510125000000023,   2.338931015665317,  0.9832649112453122, 0.02309546256299208,  0.1410728290435964,  0.1129387923983601,-0.05629382428976974,-0.06314131061934103,-0.04323401716362547
                19.3,1,1,  0.4605600000000025,   2.338931015665317,  0.9824950063779987, 0.02592995307897132,  0.1439231526208848,  0.1154007197347457,-0.05688639086124102,-0.06380595599428149,-0.04368911208113734
                19.4,1,1,  0.4702075000000024,   2.338931015665317,  0.9816942754898603, 0.02879351527843666,  0.1467999794912777,  0.1178857454051259,-0.05747895743271229,-0.06447060136922193,-0.04414420699864919
                19.5,1,1,  0.4799550000000027,   2.338931015665317,  0.9808620262640406, 0.03168606264264547,  0.1497031374030074,  0.1203937270754458,-0.05807152400418358,-0.06513524674416239,-0.04459930191616106
                19.6,1,1,   0.489802500000003,   2.338931015665317,  0.9799975607533175, 0.03460750426404945,  0.1526324488784703,   0.122924517959344,-0.05866409057565486,-0.06579989211910285,-0.04505439683367293
                19.7,1,1,   0.499750000000003,   2.338931015665317,  0.9791001754677415, 0.03755774474121661,  0.1555877311155995,  0.1254779667324329,-0.05925665714712613, -0.0664645374940433,-0.04550949175118478
                19.8,1,1,  0.5097500000000038,   2.338931015665317,  0.9781740879745777, 0.04052112891441708,  0.1585532373757524,  0.1280404726806671,-0.05925665714712613, -0.0664645374940433,-0.04550949175118478
                19.9,1,1,  0.5197500000000044,   2.338931015665317,  0.9772235461801605, 0.04348350006150506,  0.1615147798132288,   0.130599777623753,-0.05925665714712613, -0.0664645374940433,-0.04550949175118478
                  20,1,1,  0.5297500000000053,   2.338931015665317,  0.9762485738479861, 0.04644478412335638,  0.1644722843896221,  0.1331558175792006,-0.05925665714712613, -0.0664645374940433,-0.04550949175118478
                20.1,1,1,  0.5397500000000062,   2.338931015665317,  0.9752491953523114, 0.04940490706802358,  0.1674256771674719,  0.1357085286461437,-0.05925665714712613, -0.0664645374940433,-0.04550949175118478
                20.2,1,1,  0.5497500000000067,   2.338931015665317,  0.9742254356775475, 0.05236379489258718,  0.1703748843121126,  0.1382578470069389,-0.05925665714712613, -0.0664645374940433,-0.04550949175118478
                20.3,1,1,  0.5597500000000076,   2.338931015665317,  0.9731773204176323, 0.05532137362500585,  0.1733198320935191,  0.1408037089287599,-0.05925665714712613, -0.0664645374940433,-0.04550949175118478
                20.4,1,1,  0.5697500000000082,   2.338931015665317,  0.9721048757753934,  0.0582775693259651,  0.1762604468881504,  0.1433460507651912,-0.05925665714712613, -0.0664645374940433,-0.04550949175118478
                20.5,1,1,  0.5797500000000091,   2.338931015665317,    0.97100812856189, 0.06123230809072664,  0.1791966551807898,  0.1458848089578193,-0.05925665714712613, -0.0664645374940433,-0.04550949175118478
                20.6,1,1,    0.58975000000001,   2.338931015665317,  0.9698871061957461, 0.06418551605097507,  0.1821283835663829,  0.1484199200378215,-0.05925665714712613, -0.0664645374940433,-0.04550949175118478
                20.7,1,1,  0.5997500000000106,   2.338931015665317,  0.9687418367024623, 0.06713711937666514,  0.1850555587518724,   0.150951320627553,-0.05925665714712613, -0.0664645374940433,-0.04550949175118478
                20.8,1,1,  0.6097500000000114,   2.338931015665317,   0.967572348713716, 0.07008704427786758,  0.1879781075580315,  0.1534789474421309,-0.05925665714712613, -0.0664645374940433,-0.04550949175118478
                20.9,1,1,   0.619750000000012,   2.338931015665317,   0.966378671466646, 0.07303521700661335,  0.1908959569212922,  0.1560027372910162,-0.05925665714712613, -0.0664645374940433,-0.04550949175118478
                  21,1,1,  0.6297500000000129,   2.338931015665317,  0.9651608348031212, 0.07598156385873799,  0.1938090338955724,  0.1585226270795946,-0.05925665714712613, -0.0664645374940433,-0.04550949175118478
                21.1,1,1,  0.6397500000000138,   2.338931015665317,  0.9639188691689959, 0.07892601117572355,  0.1967172656540994,  0.1610385538107523,-0.05925665714712613, -0.0664645374940433,-0.04550949175118478
                21.2,1,1,  0.6497500000000144,   2.338931015665317,  0.9626528056133453, 0.08186848534654029,  0.1996205794912308,  0.1635504545864522,-0.05925665714712613, -0.0664645374940433,-0.04550949175118478
                21.3,1,1,  0.6597500000000153,   2.338931015665317,  0.9613626757876924, 0.08480891280948744,  0.2025189028242718,  0.1660582666093058,-0.05925665714712613, -0.0664645374940433,-0.04550949175118478
                21.4,1,1,  0.6697500000000158,   2.338931015665317,  0.9600485119452155, 0.08774722005403145,  0.2054121631952899,  0.1685619271841429,-0.05925665714712613, -0.0664645374940433,-0.04550949175118478
                21.5,1,1,  0.6797500000000167,   2.338931015665317,  0.9587103469399425,  0.0906833336226443,  0.2083002882729267,  0.1710613737195797,-0.05925665714712613, -0.0664645374940433,-0.04550949175118478
                21.6,1,1,  0.6897500000000176,   2.338931015665317,  0.9573482142259289, 0.09361718011263975,  0.2111832058542058,   0.173556543729583,-0.05925665714712613, -0.0664645374940433,-0.04550949175118478
                21.7,1,1,  0.6997500000000182,   2.338931015665317,  0.9559621478564219, 0.09654868617800814,  0.2140608438663375,  0.1760473748350322,-0.05925665714712613, -0.0664645374940433,-0.04550949175118478
                21.8,1,1,  0.7097500000000191,   2.338931015665317,  0.9545521824830079, 0.09947777853125082,  0.2169331303685216,  0.1785338047652799,-0.05925665714712613, -0.0664645374940433,-0.04550949175118478
                21.9,1,1,  0.7197500000000197,   2.338931015665317,  0.9531183533547479,  0.1024043839452112,  0.2197999935537451,   0.181015771359707,-0.05925665714712613, -0.0664645374940433,-0.04550949175118478
                  22,1,1,  0.7297500000000205,   2.338931015665317,  0.9516606963172954,  0.1053284292549066,  0.2226613617505777,  0.1834932125692781,-0.05925665714712613, -0.0664645374940433,-0.04550949175118478
                22.1,1,1,  0.7397500000000214,   2.338931015665317,  0.9501792478120009,  0.1082498413593565,  0.2255171634249636,   0.185966066458092,-0.05925665714712613, -0.0664645374940433,-0.04550949175118478
                22.2,1,1,   0.749750000000022,   2.338931015665317,  0.9486740448749993,  0.1111685472234104,  0.2283673271820093,  0.1884342712049299,-0.05925665714712613, -0.0664645374940433,-0.04550949175118478
                22.3,1,1,  0.7597500000000229,   2.338931015665317,   0.947145125136286,  0.1140844738795738,  0.2312117817677698,  0.1908977651048021,-0.05925665714712613, -0.0664645374940433,-0.04550949175118478
                22.4,1,1,  0.7697500000000235,   2.338931015665317,  0.9455925268187747,   0.116997548429832,  0.2340504560710282,  0.1933564865704893,-0.05925665714712613, -0.0664645374940433,-0.04550949175118478
                22.5,1,1,  0.7797500000000244,   2.338931015665317,  0.9440162887373427,  0.1199076980474731,   0.236883279125075,  0.1958103741340828,-0.05925665714712613, -0.0664645374940433,-0.04550949175118478
                22.6,1,1,  0.7897500000000253,   2.338931015665317,  0.9424164502978594,  0.1228148499789083,  0.2397101801094814,  0.1982593664485214,-0.05925665714712613, -0.0664645374940433,-0.04550949175118478
                22.7,1,1,  0.7997500000000258,   2.338931015665317,   0.940793051496203,  0.1257189315454904,  0.2425310883518699,  0.2007034022891248,-0.05925665714712613, -0.0664645374940433,-0.04550949175118478
                22.8,1,1,  0.8097500000000267,   2.338931015665317,  0.9391461329172586,   0.128619870145332,  0.2453459333296814,  0.2031424205551244,-0.05925665714712613, -0.0664645374940433,-0.04550949175118478
                22.9,1,1,  0.8197500000000273,   2.338931015665317,  0.9374757357339053,  0.1315175932551186,   0.248154644671938,  0.2055763602711903,-0.05925665714712613, -0.0664645374940433,-0.04550949175118478
                  23,1,1,  0.8297500000000282,   2.338931015665317,  0.9357819017059853,  0.1344120284319238,  0.2509571521610027,  0.2080051605889566,-0.05925665714712613, -0.0664645374940433,-0.04550949175118478
                23.1,1,1,  0.8397500000000291,   2.338931015665317,  0.9340646731792615,  0.1373031033150189,  0.2537533857343344,  0.2104287607885418,-0.05925665714712613, -0.0664645374940433,-0.04550949175118478
                23.2,1,1,  0.8497500000000296,   2.338931015665317,   0.932324093084357,  0.1401907456276822,  0.2565432754862386,  0.2128471002800671,-0.05925665714712613, -0.0664645374940433,-0.04550949175118478
                23.3,1,1,  0.8597500000000305,   2.338931015665317,   0.930560204935684,  0.1430748831790066,  0.2593267516696173,  0.2152601186051712,-0.05925665714712613, -0.0664645374940433,-0.04550949175118478
                23.4,1,1,  0.8697500000000311,   2.338931015665317,  0.9287730528303543,  0.1459554438657032,  0.2621037446977106,  0.2176677554385213,-0.05925665714712613, -0.0664645374940433,-0.04550949175118478
                23.5,1,1,   0.879750000000032,   2.338931015665317,  0.9269626814470776,  0.1488323556739052,  0.2648741851458382,  0.2200699505893227,-0.05925665714712613, -0.0664645374940433,-0.04550949175118478
                23.6,1,1,  0.8897500000000329,   2.338931015665317,  0.9251291360450434,  0.1517055466809669,  0.2676380037531323,  0.2224666440028212,-0.05925665714712613, -0.0664645374940433,-0.04550949175118478
                23.7,1,1,  0.8997500000000335,   2.338931015665317,  0.9232724624627922,  0.1545749450572627,  0.2703951314242721,  0.2248577757618064,-0.05925665714712613, -0.0664645374940433,-0.04550949175118478
                23.8,1,1,  0.9097500000000344,   2.338931015665317,  0.9213927071170659,  0.1574404790679831,  0.2731454992312095,  0.2272432860881088,-0.05925665714712613, -0.0664645374940433,-0.04550949175118478
                23.9,1,1,  0.9197500000000349,   2.338931015665317,  0.9194899170016517,  0.1603020770749269,  0.2758890384148922,  0.2296231153440946,-0.05925665714712613, -0.0664645374940433,-0.04550949175118478
                  24,1,1,  0.9297500000000358,   2.338931015665317,  0.9175641396862022,  0.1631596675382927,  0.2786256803869839,  0.2319972040341564,-0.05925665714712613, -0.0664645374940433,-0.04550949175118478
                24.1,1,1,  0.9397500000000367,   2.338931015665317,  0.9156154233150505,  0.1660131790184681,  0.2813553567315778,  0.2343654928062005,-0.05925665714712613, -0.0664645374940433,-0.04550949175118478
                24.2,1,1,  0.9497500000000373,   2.338931015665317,  0.9136438166060042,  0.1688625401778142,   0.284077999206907,   0.236727922453131,-0.05925665714712613, -0.0664645374940433,-0.04550949175118478
                24.3,1,1,  0.9597500000000382,   2.338931015665317,  0.9116493688491282,  0.1717076797824511,   0.286793539747052,  0.2390844339143297,-0.05925665714712613, -0.0664645374940433,-0.04550949175118478
                24.4,1,1,  0.9697500000000387,   2.338931015665317,  0.9096321299055126,  0.1745485267040363,  0.2895019104636403,  0.2414349682771329,-0.05925665714712613, -0.0664645374940433,-0.04550949175118478
                24.5,1,1,  0.9797500000000396,   2.338931015665317,  0.9075921502060258,   0.177385009921545,  0.2922030436475455,  0.2437794667783038,-0.05925665714712613, -0.0664645374940433,-0.04550949175118478
                24.6,1,1,  0.9897500000000405,   2.338931015665317,  0.9055294807500546,  0.1802170585230446,  0.2948968717705782,  0.2461178708055022,-0.05925665714712613, -0.0664645374940433,-0.04550949175118478
                24.7,1,1,  0.9997500000000411,   2.338931015665317,  0.9034441731042274,  0.1830446017074672,   0.297583327487176,  0.2484501218987489,-0.05925665714712613, -0.0664645374940433,-0.04550949175118478
                24.8,1,1,   1.009750000000041,   2.338931015665317,  0.9013362794011273,  0.1858675687863809,  0.3002623436360856,  0.2507761617518885,-0.05925665714712613, -0.0664645374940433,-0.04550949175118478
                24.9,1,1,   1.019750000000041,   2.338931015665317,  0.8992058523379866,  0.1886858891857555,  0.3029338532420427,  0.2530959322140452,-0.05925665714712613, -0.0664645374940433,-0.04550949175118478
                  25,1,1,   1.029750000000041,   2.338931015665317,   0.897052945175371,  0.1914994924477279,  0.3055977895174471,  0.2554093752910788,-0.05925665714712613, -0.0664645374940433,-0.04550949175118478
                25.1,1,1,   1.039750000000042,   2.338931015665317,  0.8948776117358477,   0.194308308232363,  0.3082540858640299,  0.2577164331470329,-0.05925665714712613, -0.0664645374940433,-0.04550949175118478
                25.2,1,1,   1.049750000000042,   2.338931015665317,  0.8926799064026388,  0.1971122663194124,  0.3109026758745208,  0.2600170481055807,-0.05925665714712613, -0.0664645374940433,-0.04550949175118478
                25.3,1,1,   1.059750000000042,   2.338931015665317,  0.8904598841182637,  0.1999112966100703,  0.3135434933343079,  0.2623111626514686,-0.05925665714712613, -0.0664645374940433,-0.04550949175118478
                25.4,1,1,   1.069750000000042,   2.338931015665317,  0.8882176003831633,  0.2027053291287248,  0.3161764722230919,  0.2645987194319523,-0.05925665714712613, -0.0664645374940433,-0.04550949175118478
                25.5,1,1,   1.079750000000042,   2.338931015665317,   0.885953111254315,  0.2054942940247086,  0.3188015467165379,  0.2668796612582313,-0.05925665714712613, -0.0664645374940433,-0.04550949175118478
                25.6,1,1,   1.089750000000042,   2.338931015665317,  0.8836664733438283,  0.2082781215740448,  0.3214186511879198,   0.269153931106879,-0.05925665714712613, -0.0664645374940433,-0.04550949175118478
                25.7,1,1,   1.099750000000042,   2.338931015665317,  0.8813577438175324,  0.2110567421811893,  0.3240277202097631,  0.2714214721212674,-0.05925665714712613, -0.0664645374940433,-0.04550949175118478
                25.8,1,1,   1.109750000000043,   2.338931015665317,  0.8790269803935452,  0.2138300863807721,  0.3266286885554773,  0.2736822276129892,-0.05925665714712613, -0.0664645374940433,-0.04550949175118478
                25.9,1,1,   1.119750000000043,   2.338931015665317,  0.8766742413408311,   0.216598084839332,  0.3292214912009894,  0.2759361410632747,-0.05925665714712613, -0.0664645374940433,-0.04550949175118478
                  26,1,1,   1.129750000000043,   2.338931015665317,  0.8742995854777432,  0.2193606683570522,  0.3318060633263686,  0.2781831561244057,-0.05925665714712613, -0.0664645374940433,-0.04550949175118478
                26.1,1,1,   1.139750000000043,   2.338931015665317,  0.8719030721705546,  0.2221177678694886,  0.3343823403174463,  0.2804232166211222,-0.05925665714712613, -0.0664645374940433,-0.04550949175118478
                26.2,1,1,   1.149750000000043,   2.338931015665317,  0.8694847613319736,  0.2248693144492967,  0.3369502577674318,  0.2826562665520283,-0.05925665714712613, -0.0664645374940433,-0.04550949175118478
                26.3,1,1,   1.159750000000043,   2.338931015665317,  0.8670447134196452,  0.2276152393079556,  0.3395097514785227,  0.2848822500909924,-0.05925665714712613, -0.0664645374940433,-0.04550949175118478
                26.4,1,1,   1.169750000000043,   2.338931015665317,  0.8645829894346395,  0.2303554737974867,  0.3420607574635092,  0.2871011115885418,-0.05925665714712613, -0.0664645374940433,-0.04550949175118478
                26.5,1,1,   1.179750000000044,   2.338931015665317,  0.8620996509199282,  0.2330899494121706,  0.3446032119473746,  0.2893127955732548,-0.05925665714712613, -0.0664645374940433,-0.04550949175118478
                26.6,1,1,   1.189750000000044,   2.338931015665317,  0.8595947599588448,  0.2358185977902594,  0.3471370513688894,  0.2915172467531469,-0.05925665714712613, -0.0664645374940433,-0.04550949175118478
                26.7,1,1,   1.199750000000044,   2.338931015665317,  0.8570683791735331,  0.2385413507156856,  0.3496622123822001,  0.2937144100170529,-0.05925665714712613, -0.0664645374940433,-0.04550949175118478
                26.8,1,1,   1.209750000000044,   2.338931015665317,  0.8545205717233809,  0.2412581401197678,  0.3521786318584128,  0.2959042304360063,-0.05925665714712613, -0.0664645374940433,-0.04550949175118478
                26.9,1,1,   1.219750000000044,   2.338931015665317,  0.8519514013034422,  0.2439688980829126,  0.3546862468871718,  0.2980866532646105,-0.05925665714712613, -0.0664645374940433,-0.04550949175118478
                  27,1,1,   1.229750000000044,   2.338931015665317,   0.849360932142843,   0.246673556836312,  0.3571849947782321,  0.3002616239424085,-0.05925665714712613, -0.0664645374940433,-0.04550949175118478
                27.1,1,1,   1.239750000000045,   2.338931015665317,  0.8467492290031778,  0.2493720487636381,   0.359674813063026,  0.3024290880952464,-0.05925665714712613, -0.0664645374940433,-0.04550949175118478
                27.2,1,1,   1.249750000000045,   2.338931015665317,  0.8441163571768893,   0.252064306402733,  0.3621556394962265,  0.3045889915366336,-0.05925665714712613, -0.0664645374940433,-0.04550949175118478
                27.3,1,1,   1.259750000000045,   2.338931015665317,  0.8414623824856353,  0.2547502624472965,  0.3646274120573018,  0.3067412802690965,-0.05925665714712613, -0.0664645374940433,-0.04550949175118478
                27.4,1,1,   1.269750000000045,   2.338931015665317,  0.8387873712786456,  0.2574298497485668,  0.3670900689520665,  0.3088859004855287,-0.05925665714712613, -0.0664645374940433,-0.04550949175118478
                27.5,1,1,   1.279750000000045,   2.338931015665317,  0.8360913904310605,  0.2601030013170014,  0.3695435486142268,  0.3110227985705366,-0.05925665714712613, -0.0664645374940433,-0.04550949175118478
                27.6,1,1,   1.289750000000045,   2.338931015665317,  0.8333745073422614,  0.2627696503239499,   0.371987789706919,  0.3131519211017791,-0.05925665714712613, -0.0664645374940433,-0.04550949175118478
                27.7,1,1,   1.299750000000045,   2.338931015665317,   0.830636789934183,  0.2654297301033263,  0.3744227311242426,  0.3152732148513042,-0.05925665714712613, -0.0664645374940433,-0.04550949175118478
                27.8,1,1,   1.309750000000045,   2.338931015665317,  0.8278783066496188,  0.2680831741532745,  0.3768483119927893,  0.3173866267868786,-0.05925665714712613, -0.0664645374940433,-0.04550949175118478
                27.9,1,1,   1.319750000000045,   2.338931015665317,  0.8250991264505069,  0.2707299161378315,  0.3792644716731638,  0.3194921040733135,-0.05925665714712613, -0.0664645374940433,-0.04550949175118478
                  28,1,1,   1.329750000000046,   2.338931015665317,  0.8222993188162075,  0.2733698898885857,  0.3816711497614999,  0.3215895940737868,-0.05925665714712613, -0.0664645374940433,-0.04550949175118478
                28.1,1,1,   1.339750000000046,   2.338931015665317,  0.8194789537417664,  0.2760030294063308,  0.3840682860909706,  0.3236790443511579,-0.05925665714712613, -0.0664645374940433,-0.04550949175118478
                28.2,1,1,   1.349750000000046,   2.338931015665317,  0.8166381017361629,  0.2786292688627155,  0.3864558207332927,  0.3257604026692782,-0.05925665714712613, -0.0664645374940433,-0.04550949175118478
                28.3,1,1,   1.359750000000046,   2.338931015665317,  0.8137768338205486,   0.281248542601891,  0.3888336940002241,  0.3278336169942988,-0.05925665714712613, -0.0664645374940433,-0.04550949175118478
                28.4,1,1,   1.369750000000046,   2.338931015665317,  0.8108952215264732,  0.2838607851421497,  0.3912018464450573,  0.3298986354959691,-0.05925665714712613, -0.0664645374940433,-0.04550949175118478
                28.5,1,1,   1.379750000000046,   2.338931015665317,  0.8079933368940939,  0.2864659311775641,  0.3935602188641044,  0.3319554065489342,-0.05925665714712613, -0.0664645374940433,-0.04550949175118478
                28.6,1,1,   1.389750000000047,   2.338931015665317,   0.805071252470375,  0.2890639155796192,  0.3959087522981777,  0.3340038787340249,-0.05925665714712613, -0.0664645374940433,-0.04550949175118478
                28.7,1,1,   1.399750000000047,   2.338931015665317,  0.8021290413072752,  0.2916546733988402,  0.3982473880340637,  0.3360440008395432,-0.05925665714712613, -0.0664645374940433,-0.04550949175118478
                28.8,1,1,   1.409750000000047,   2.338931015665317,  0.7991667769599203,  0.2942381398664166,  0.4005760676059912,  0.3380757218625429,-0.05925665714712613, -0.0664645374940433,-0.04550949175118478
                28.9,1,1,   1.419750000000047,   2.338931015665317,  0.7961845334847647,  0.2968142503958213,  0.4028947327970918,  0.3400989910101041,-0.05925665714712613, -0.0664645374940433,-0.04550949175118478
                  29,1,1,   1.429750000000047,   2.338931015665317,  0.7931823854377394,  0.2993829405844253,  0.4052033256408563,  0.3421137577006035,-0.05925665714712613, -0.0664645374940433,-0.04550949175118478
                29.1,1,1,   1.439750000000047,   2.338931015665317,  0.7901604078723897,  0.3019441462151076,  0.4075017884225844,   0.344119971564979,-0.05925665714712613, -0.0664645374940433,-0.04550949175118478
                29.2,1,1,   1.449750000000047,   2.338931015665317,  0.7871186763379971,  0.3044978032578605,   0.409790063680826,   0.346117582447988,-0.05925665714712613, -0.0664645374940433,-0.04550949175118478
                29.3,1,1,   1.459750000000048,   2.338931015665317,  0.7840572668776923,  0.3070438478713912,  0.4120680942088187,  0.3481065404094629,-0.05925665714712613, -0.0664645374940433,-0.04550949175118478
                29.4,1,1,   1.469750000000048,   2.338931015665317,  0.7809762560265517,   0.309582216404717,  0.4143358230559179,   0.350086795725558,-0.05925665714712613, -0.0664645374940433,-0.04550949175118478
                29.5,1,1,   1.479750000000048,   2.338931015665317,  0.7778757208096866,  0.3121128453987568,  0.4165931935290209,  0.3520582988899936,-0.05925665714712613, -0.0664645374940433,-0.04550949175118478
                29.6,1,1,   1.489750000000048,   2.338931015665317,  0.7747557387403152,  0.3146356715879176,  0.4188401491939834,  0.3540210006152932,-0.05925665714712613, -0.0664645374940433,-0.04550949175118478
                29.7,1,1,   1.499750000000048,   2.338931015665317,   0.771616387817827,  0.3171506319016758,  0.4210766338770305,  0.3559748518340163,-0.05925665714712613, -0.0664645374940433,-0.04550949175118478
                29.8,1,1,   1.509750000000048,   2.338931015665317,  0.7684577465258318,  0.3196576634661547,  0.4233025916661617,   0.357919803699984,-0.05925665714712613, -0.0664645374940433,-0.04550949175118478
                29.9,1,1,   1.519750000000048,   2.338931015665317,  0.7652798938301973,  0.3221567036056959,  0.4255179669125481,  0.3598558075895006,-0.05925665714712613, -0.0664645374940433,-0.04550949175118478
                  30,1,1,   1.529750000000049,   2.338931015665317,  0.7620829091770753,  0.3246476898444258,   0.427722704231924,  0.3617828151025701,-0.05925665714712613, -0.0664645374940433,-0.04550949175118478
                30.1,1,1,   1.539750000000049,   2.338931015665317,  0.7588668724909157,  0.3271305599078185,  0.4299167485059714,  0.3637007780641046,-0.05925665714712613, -0.0664645374940433,-0.04550949175118478
                30.2,1,1,   1.549750000000049,   2.338931015665317,  0.7556318641724681,  0.3296052517242514,  0.4321000448836976,  0.3656096485251303,-0.05925665714712613, -0.0664645374940433,-0.04550949175118478
                30.3,1,1,   1.559750000000049,   2.338931015665317,  0.7523779650967721,  0.3320717034265583,  0.4342725387828071,   0.367509378763985,-0.05925665714712613, -0.0664645374940433,-0.04550949175118478
                30.4,1,1,   1.569750000000049,   2.338931015665317,  0.7491052566111349,  0.3345298533535747,  0.4364341758910651,  0.3693999212875117,-0.05925665714712613, -0.0664645374940433,-0.04550949175118478
                30.5,1,1,   1.579750000000049,   2.338931015665317,  0.7458138205330983,  0.3369796400516808,   0.438584902167657,  0.3712812288322458,-0.05925665714712613, -0.0664645374940433,-0.04550949175118478
                30.6,1,1,    1.58975000000005,   2.338931015665317,  0.7425037391483925,  0.3394210022763366,  0.4407246638445374,  0.3731532543655968,-0.05925665714712613, -0.0664645374940433,-0.04550949175118478
                30.7,1,1,    1.59975000000005,   2.338931015665317,  0.7391750952088804,  0.3418538789936135,   0.442853407427776,  0.3750159510870236,-0.05925665714712613, -0.0664645374940433,-0.04550949175118478
                30.8,1,1,    1.60975000000005,   2.338931015665317,  0.7358279719304867,  0.3442782093817205,  0.4449710796988945,  0.3768692724292053,-0.05925665714712613, -0.0664645374940433,-0.04550949175118478
                30.9,1,1,    1.61975000000005,   2.338931015665317,  0.7324624529911191,  0.3466939328325241,  0.4470776277161961,  0.3787131720592049,-0.05925665714712613, -0.0664645374940433,-0.04550949175118478
                  31,1,1,    1.62975000000005,   2.338931015665317,  0.7290786225285758,   0.349100988953064,  0.4491729988160899,  0.3805476038796276,-0.05925665714712613, -0.0664645374940433,-0.04550949175118478
                31.1,1,1,    1.63975000000005,   2.338931015665317,  0.7256765651384418,  0.3514993175670624,  0.4512571406144079,  0.3823725220297737,-0.05925665714712613, -0.0664645374940433,-0.04550949175118478
                31.2,1,1,    1.64975000000005,   2.338931015665317,  0.7222563658719754,  0.3538888587164286,  0.4533300010077133,   0.384187880886784,-0.05925665714712613, -0.0664645374940433,-0.04550949175118478
                31.3,1,1,    1.65975000000005,   2.338931015665317,  0.7188181102339792,  0.3562695526627587,  0.4553915281746045,   0.385993635066782,-0.05925665714712613, -0.0664645374940433,-0.04550949175118478
                31.4,1,1,    1.66975000000005,   2.338931015665317,   0.715361884180666,  0.3586413398888277,  0.4574416705770097,   0.387789739426007,-0.05925665714712613, -0.0664645374940433,-0.04550949175118478
                31.5,1,1,   1.679750000000051,   2.338931015665317,  0.7118877741175061,   0.361004161100079,  0.4594803769614755,   0.389576149061944,-0.05925665714712613, -0.0664645374940433,-0.04550949175118478
                31.6,1,1,   1.689750000000051,   2.338931015665317,  0.7083958668970713,  0.3633579572261052,  0.4615075963604487,  0.3913528193144449,-0.05925665714712613, -0.0664645374940433,-0.04550949175118478
                31.7,1,1,   1.699750000000051,   2.338931015665317,  0.7048862498168597,  0.3657026694221254,  0.4635232780935493,  0.3931197057668455,-0.05925665714712613, -0.0664645374940433,-0.04550949175118478
                31.8,1,1,   1.709750000000051,   2.338931015665317,  0.7013590106171148,  0.3680382390704574,  0.4655273717688397,   0.394876764247077,-0.05925665714712613, -0.0664645374940433,-0.04550949175118478
                31.9,1,1,   1.719750000000051,   2.338931015665317,  0.6978142374786339,  0.3703646077819809,  0.4675198272840819,  0.3966239508287691,-0.05925665714712613, -0.0664645374940433,-0.04550949175118478
                  32,1,1,   1.729750000000051,   2.338931015665317,  0.6942520190205602,     0.3726817173976,  0.4695005948279921,  0.3983612218323478,-0.05925665714712613, -0.0664645374940433,-0.04550949175118478
                32.1,1,1,    1.73975000000005,   2.338931015665317,  0.6906724442981703,  0.3749895099896946,  0.4714696248814846,  0.4000885338261289,-0.05925665714712613, -0.0664645374940433,-0.04550949175118478
                32.2,1,1,   1.749750000000049,   2.338931015665317,  0.6870756028006457,  0.3772879278635701,  0.4734268682189109,   0.401805843627402,-0.05925665714712613, -0.0664645374940433,-0.04550949175118478
                32.3,1,1,   1.759750000000047,   2.338931015665317,  0.6834615844488365,  0.3795769135588991,  0.4753722759092892,  0.4035131083035117,-0.05925665714712613, -0.0664645374940433,-0.04550949175118478
                32.4,1,1,   1.769750000000045,   2.338931015665317,  0.6798304795930126,   0.381856409851159,  0.4773057993175286,  0.4052102851729303,-0.05925665714712613, -0.0664645374940433,-0.04550949175118478
                32.5,1,1,   1.779750000000044,   2.338931015665317,  0.6761823790106065,  0.3841263597530608,   0.479227390105645,   0.406897331806324,-0.05925665714712613, -0.0664645374940433,-0.04550949175118478
                32.6,1,1,   1.789750000000043,   2.338931015665317,  0.6725173739039428,  0.3863867065159754,  0.4811370002339685,  0.4085742060276152,-0.05925665714712613, -0.0664645374940433,-0.04550949175118478
                32.7,1,1,   1.799750000000041,   2.338931015665317,  0.6688355558979584,  0.3886373936313514,  0.4830345819623452,  0.4102408659150356,-0.05925665714712613, -0.0664645374940433,-0.04550949175118478
                32.8,1,1,   1.809750000000039,   2.338931015665317,  0.6651370170379121,  0.3908783648321281,  0.4849200878513308,  0.4118972698021748,-0.05925665714712613, -0.0664645374940433,-0.04550949175118478
                32.9,1,1,   1.819750000000038,   2.338931015665317,  0.6614218497870819,  0.3931095640941423,  0.4867934707633766,   0.413543376279022,-0.05925665714712613, -0.0664645374940433,-0.04550949175118478
                  33,1,1,   1.829750000000037,   2.338931015665317,  0.6576901470244559,  0.3953309356375287,  0.4886546838640071,  0.4151791441930011,-0.05925665714712613, -0.0664645374940433,-0.04550949175118478
                33.1,1,1,   1.839750000000036,   2.338931015665317,  0.6539420959507761,  0.3975423687649058,  0.4905036345511589,  0.4168044921453668,-0.05922702881855255,-0.06643130522529626,-0.04548673700530918
                33.2,1,1,   1.849697500000036,   2.338931015665317,  0.6501992952486404,  0.3997312883659551,  0.4923298429669999,  0.4184102045645087,-0.05863446224708133,-0.06576665985035586,-0.04503164208779736
                33.3,1,1,   1.859545000000036,   2.338931015665317,  0.6464783117578375,   0.401888462226072,  0.4941256996958962,  0.4199895823190147,-0.05804189567561014,-0.06510201447541551,-0.04457654717028556
                33.4,1,1,   1.869292500000036,   2.338931015665317,  0.6427797142022293,  0.4040141339643716,  0.4958915253302536,  0.4215428965988086,-0.05744932910413891,-0.06443736910047512,-0.04412145225277374
                33.5,1,1,   1.878940000000036,   2.338931015665317,  0.6391040613793848,  0.4061085475624843,  0.4976276396565814,  0.4230704179862325,-0.05685676253266768,-0.06377272372553472,-0.04366635733526192
                33.6,1,1,   1.888487500000036,   2.338931015665317,   0.635451902259923,  0.4081719472627509,  0.4993343615616545,  0.4245724163743506,-0.05626419596119645,-0.06310807835059433, -0.0432112624177501
                33.7,1,1,   1.897935000000037,   2.338931015665317,  0.6318237760874408,  0.4102045774681141,  0.5010120089405093,   0.426049160886827,-0.05567162938972522,-0.06244343297565393,-0.04275616750023827
                33.8,1,1,   1.907282500000036,   2.338931015665317,  0.6282202124789532,  0.4122066826436962,  0.5026608986062491,  0.4275009197993577,-0.05507906281825404,-0.06177878760071358,-0.04230107258272648
                33.9,1,1,   1.916530000000036,   2.338931015665317,  0.6246417315257941,  0.4141785072200529,  0.5042813462016449,  0.4289279604626446,-0.05448649624678281,-0.06111414222577319,-0.04184597766521466
                  34,1,1,   1.925677500000037,   2.338931015665317,  0.6210888438949138,  0.4161202954980871,  0.5058736661125065,  0.4303305492268911,-0.05389392967531158,-0.06044949685083279,-0.04139088274770283
                34.1,1,1,   1.934725000000037,   2.338931015665317,  0.6175620509305163,  0.4180322915556136,  0.5074381713828068,  0.4317089513678067,-0.05330136310384035,-0.05978485147589239,-0.04093578783019101
                34.2,1,1,   1.943672500000038,   2.338931015665317,  0.6140618447559839,  0.4199147391555594,   0.508975173631538,  0.4330634310140982,-0.05270879653236912,  -0.059120206100952,-0.04048069291267919
                34.3,1,1,   1.952520000000037,   2.338931015665317,  0.6105887083760273,   0.421767881655787,  0.5104849829712809,  0.4343942510764345,-0.05211622996089794,-0.05845556072601165, -0.0400255979951674
                34.4,1,1,   1.961267500000037,   2.338931015665317,  0.6071431157790093,  0.4235919619205251,  0.5119679079284611,  0.4357016731778671,-0.05152366338942671,-0.05779091535107125,-0.03957050307765558
                34.5,1,1,   1.969915000000038,   2.338931015665317,  0.6037255320393928,  0.4253872222333968,  0.5134242553652777,  0.4369859575856855,-0.05093109681795548,-0.05712626997613086,-0.03911540816014376
                34.6,1,1,   1.978462500000038,   2.338931015665317,  0.6003364134202529,  0.4271539042120273,  0.5148543304032821,  0.4382473631446963,-0.05033853024648426,-0.05646162460119046,-0.03866031324263194
                34.7,1,1,   1.986910000000039,   2.338931015665317,   0.596976207475809,  0.4288922487242184,   0.516258436348584,     0.4394861472119,-0.04974596367501302,-0.05579697922625006,-0.03820521832512011
                34.8,1,1,   1.995257500000039,   2.338931015665317,  0.5936453531539235,  0.4306024958056753,  0.5176368746186628,  0.4407025655925567,-0.04915339710354184,-0.05513233385130972,-0.03775012340760832
                34.9,1,1,   2.003505000000039,   2.338931015665317,  0.5903442808985184,  0.4322848845792687,  0.5189899446707655,  0.4418968724776146,-0.04856083053207061,-0.05446768847636932, -0.0372950284900965
                  35,1,1,   2.011652500000039,   2.338931015665317,   0.587073412751863,  0.4339396531758233,  0.5203179439318698,  0.4430693203824893,-0.04796826396059938,-0.05380304310142892,-0.03683993357258467
                35.1,1,1,    2.01970000000004,   2.338931015665317,  0.5838331624566813,  0.4355670386564077,  0.5216211677301892,  0.4442201600871731,-0.04737569738912815,-0.05313839772648853,-0.03638483865507285
                35.2,1,1,    2.02764750000004,   2.338931015665317,  0.5806239355580417,  0.4371672769361204,  0.5228999092282018,  0.4453496405776576,-0.04678313081765692,-0.05247375235154813,-0.03592974373756103
                35.3,1,1,    2.03549500000004,   2.338931015665317,  0.5774461295049745,  0.4387406027093496,  0.5241544593571761,  0.4464580089886503,-0.04619056424618573,-0.05180910697660778,-0.03547464882004924
                35.4,1,1,    2.04324250000004,   2.338931015665317,  0.5743001337517786,  0.4402872493764944,  0.5253851067531786,  0.4475455105475687,-0.04559799767471451,-0.05114446160166738,-0.03501955390253741
                35.5,1,1,   2.050890000000041,   2.338931015665317,  0.5711863298589744,  0.4418074489721327,  0.5265921376945375,  0.4486123885197909,-0.04500543110324328,-0.05047981622672699, -0.0345644589850256
                35.6,1,1,   2.058437500000041,   2.338931015665317,  0.5681050915938601,  0.4433014320946134,  0.5277758360407432,    0.44965888415515,-0.04441286453177205,-0.04981517085178659,-0.03410936406751378
                35.7,1,1,   2.065885000000042,   2.338931015665317,  0.5650567850306275,  0.4447694278370688,  0.5289364831727629,  0.4506852366356485,-0.04382029796030083,-0.04915052547684619,-0.03365426915000195
                35.8,1,1,   2.073232500000042,   2.338931015665317,  0.5620417686500009,  0.4462116637198187,  0.5300743579347512,  0.4516916830243777,-0.04322773138882963,-0.04848588010190585,-0.03319917423249016
                35.9,1,1,   2.080480000000043,   2.338931015665317,  0.5590603934383587,  0.4476283656241595,  0.5311897365771284,  0.4526784582156254,-0.04263516481735841,-0.04782123472696545,-0.03274407931497834
                  36,1,1,   2.087627500000043,   2.338931015665317,  0.5561130029862997,  0.4490197577275162,  0.5322828927010146,  0.4536457948861491,-0.04204259824588718,-0.04715658935202505,-0.03228898439746652
                36.1,1,1,   2.094675000000044,   2.338931015665317,  0.5531999335866156,  0.4503860624399465,  0.5333540972039902,  0.4545939234476031,-0.04145003167441595,-0.04649194397708466,-0.03183388947995469
                36.2,1,1,   2.101622500000044,   2.338931015665317,  0.5503215143316321,  0.4517275003419761,  0.5344036182271674,  0.4555230720000961,-0.04085746510294472,-0.04582729860214426,-0.03137879456244287
                36.3,1,1,   2.108470000000044,   2.338931015665317,  0.5474780672098891,  0.4530442901237526,  0.5354317211035495,  0.4564334662868663,-0.04026489853147353,-0.04516265322720391,-0.03092369964493108
                36.4,1,1,   2.115217500000044,   2.338931015665317,  0.5446699072021141,  0.4543366485254995,  0.5364386683076567,  0.4573253296500523, -0.0396723319600023,-0.04449800785226352,-0.03046860472741926
                36.5,1,1,   2.121865000000045,   2.338931015665317,  0.5418973423764678,  0.4556047902792563,  0.5374247194063987,  0.4581988829875449,-0.03907976538853108,-0.04383336247732312,-0.03001350980990743
                36.6,1,1,   2.128412500000045,   2.338931015665317,  0.5391606739830181,  0.4568489280518873,  0.5383901310111735,  0.4590543447109007,-0.03848719881705985,-0.04316871710238272,-0.02955841489239561
                36.7,1,1,   2.134860000000045,   2.338931015665317,  0.5364601965474179,  0.4580692723893433,  0.5393351567311692,  0.4598919307043038,-0.03789463224558862,-0.04250407172744233,-0.02910331997488379
                36.8,1,1,   2.141207500000045,   2.338931015665317,  0.5337961979637489,  0.4592660316621601,  0.5402600471278551,  0.4607118542845506,-0.03730206567411744,-0.04183942635250198,  -0.028648225057372
                36.9,1,1,   2.147455000000046,   2.338931015665317,  0.5311689595865036,  0.4604394120121804,  0.5411650496706346,  0.4615143261620498, -0.0367094991026462,-0.04117478097756158,-0.02819313013986018
                  37,1,1,   2.153602500000046,   2.338931015665317,  0.5285787563216796,  0.4615896173004768,  0.5420504086936435,  0.4622995544028151,-0.03611693253117498,-0.04051013560262118,-0.02773803522234835
                37.1,1,1,   2.159650000000047,   2.338931015665317,  0.5260258567169492,  0.4627168490564685,  0.5429163653536742,  0.4630677443914338,-0.03552436595970375, -0.0398454902276808,-0.02728294030483653
                37.2,1,1,   2.165597500000047,   2.338931015665317,  0.5235105230508804,  0.4638213064282096,  0.5437631575892035,  0.4638190987949973,-0.03493179938823252, -0.0391808448527404,-0.02682784538732471
                37.3,1,1,   2.171445000000047,   2.338931015665317,  0.5210330114211826,  0.4649031861338364,  0.5445910200805079,  0.4645538175279748,-0.03433923281676134,-0.03851619947780004,-0.02637275046981292
                37.4,1,1,   2.177192500000048,   2.338931015665317,  0.5185935718319477,  0.4659626824141578,  0.5454001842108462,  0.4652720977180148,-0.03374666624529011,-0.03785155410285965,-0.02591765555230109
                37.5,1,1,   2.182840000000049,   2.338931015665317,  0.5161924482798619,  0.4669999869863716,  0.5461908780286873,  0.4659741336726574,-0.03315409967381888,-0.03718690872791926,-0.02546256063478927
                37.6,1,1,   2.188387500000049,   2.338931015665317,  0.5138298788393629,  0.4680152889988951,  0.5469633262109675,  0.4666601168469428,-0.03256153310234765,-0.03652226335297886,-0.02500746571727745
                37.7,1,1,    2.19383500000005,   2.338931015665317,  0.5115060957467129,  0.4690087749872903,  0.5477177500273589,  0.4673302358118977,-0.03196896653087642,-0.03585761797803846,-0.02455237079976563
                37.8,1,1,   2.199182500000049,   2.338931015665317,  0.5092213254829751,  0.4699806288312733,  0.5484543673055273,  0.4679846762238871,-0.03137639995940524,-0.03519297260309811,-0.02409727588225384
                37.9,1,1,    2.20443000000005,   2.338931015665317,  0.5069757888558553,   0.470931031712789,  0.5491733923973657,  0.4686236207948123,  -0.030783833387934,-0.03452832722815772,-0.02364218096474201
                  38,1,1,   2.209577500000051,   2.338931015665317,  0.5047697010803964,  0.4718601620751392,  0.5498750361461804,  0.4692472492631439,-0.03019126681646278,-0.03386368185321732,-0.02318708604723019
                38.1,1,1,   2.214625000000051,   2.338931015665317,  0.5026032718585021,  0.4727681955831469,  0.5505595058548169,  0.4698557383657703,-0.02959870024499155,-0.03319903647827693,-0.02273199112971837
                38.2,1,1,   2.219572500000051,   2.338931015665317,  0.5004767054572635,  0.4736553050843469,  0.5512270052547044,  0.4704492618106517,-0.02900613367352032,-0.03253439110333653,-0.02227689621220655
                38.3,1,1,   2.224420000000051,   2.338931015665317,   0.498390200786073,  0.4745216605711824,  0.5518777344758041,  0.4710279902502596,-0.02841356710204913,-0.03186974572839618,-0.02182180129469476
                38.4,1,1,   2.229167500000051,   2.338931015665317,  0.4963439514725029,  0.4753674291441986,  0.5525118900174411,  0.4715920912557924,-0.02782100053057791,-0.03120510035345578,-0.02136670637718293
                38.5,1,1,   2.233815000000052,   2.338931015665317,   0.494338145936929,   0.476192774976216,  0.5531296647200088,   0.472141729292148,-0.02722843395910668,-0.03054045497851538,-0.02091161145967111
                38.6,1,1,   2.238362500000052,   2.338931015665317,  0.4923729674658821,  0.4769978592774734,  0.5537312477375225,   0.472677065693645,-0.02663586738763545,-0.02987580960357499,-0.02045651654215929
                38.7,1,1,   2.242810000000053,   2.338931015665317,  0.4904485942841052,  0.4777828402617219,  0.5543168245110111,  0.4731982586404719,-0.02604330081616422, -0.0292111642286346,-0.02000142162464747
                38.8,1,1,   2.247157500000053,   2.338931015665317,  0.4885651996253024,  0.4785478731132622,  0.5548865767427277,  0.4737054631358577,-0.02545073424469303,-0.02854651885369424,-0.01954632670713568
                38.9,1,1,   2.251405000000054,   2.338931015665317,  0.4867229518015596,  0.4792931099549079,  0.5554406823711673,  0.4741988309839446,-0.02485816767322181,-0.02788187347875385,-0.01909123178962385
                  39,1,1,   2.255552500000055,   2.338931015665317,  0.4849220142714226,   0.480018699816865,  0.5559793155468716,  0.4746785107683544,-0.02426560110175058,-0.02721722810381345,-0.01863613687211203
                39.1,1,1,   2.259600000000055,   2.338931015665317,  0.4831625457066126,  0.4807247886065116,  0.5565026466090097,  0.4751446478314326,-0.02367303453027935,-0.02655258272887306,-0.01818104195460021
                39.2,1,1,   2.263547500000056,   2.338931015665317,  0.4814447000573675,  0.4814115190790685,  0.5570108420627153,  0.4755973842541584,-0.02308046795880812,-0.02588793735393266,-0.01772594703708839
                39.3,1,1,   2.267395000000056,   2.338931015665317,  0.4797686266163916,  0.4820790308091477,  0.5575040645571741,  0.4760368588367105,-0.02248790138733693,-0.02522329197899231,-0.01727085211957659
                39.4,1,1,   2.271142500000056,   2.338931015665317,  0.4781344700813978,  0.4827274601631644,  0.5579824728644378,   0.476463207079672, -0.0218953348158657,-0.02455864660405192,-0.01681575720206477
                39.5,1,1,   2.274790000000058,   2.338931015665317,  0.4765423706162319,  0.4833569402726051,  0.5584462218589555,  0.4768765611658676,-0.02130276824439448,-0.02389400122911152,-0.01636066228455295
                39.6,1,1,   2.278337500000058,   2.338931015665317,  0.4749924639105608,  0.4839676010081363,  0.5588954624978119,  0.4772770499428181,-0.02071020167292325,-0.02322935585417112,-0.01590556736704113
                39.7,1,1,   2.281785000000058,   2.338931015665317,  0.4734848812381155,  0.4845595689545451,  0.5593303418016505,  0.4776647989058022,-0.02011763510145202,-0.02256471047923073, -0.0154504724495293
                39.8,1,1,   2.285132500000059,   2.338931015665317,  0.4720197495134728,   0.485132967386499,  0.5597510028362788,  0.4780399301815142,-0.01952506852998083,-0.02190006510429038,-0.01499537753201751
                39.9,1,1,    2.28838000000006,   2.338931015665317,  0.4705971913473636,  0.4856879162451171,  0.5601575846949354,  0.4784025625123088, -0.0189325019585096,-0.02123541972934998,-0.01454028261450569
                  40,1,1,    2.29152750000006,   2.338931015665317,  0.4692173251005006,   0.486224532115336,  0.5605502224812107,  0.4787528112410174,-0.01833993538703837,-0.02057077435440957,-0.01408518769699386
                40.1,1,1,    2.29457500000006,   2.338931015665317,  0.4678802649359063,  0.4867429282040694,  0.5609290472926065,  0.4790907882963323,-0.01774736881556711,-0.01990612897946915,-0.01363009277948202
                40.2,1,1,   2.297522500000061,   2.338931015665317,  0.4665861208697373,  0.4872432143191426,  0.5612941862047272,  0.4794166021787443,-0.01715480224409586,-0.01924148360452872,-0.01317499786197018
                40.3,1,1,   2.300370000000061,   2.338931015665317,  0.4653349988205897,  0.4877254968489969,  0.5616457622560848,   0.479730357947025,-0.01656223567262465,-0.01857683822958835,-0.01271990294445837
                40.4,1,1,   2.303117500000062,   2.338931015665317,  0.4641270006572767,   0.488189878743155,   0.561983894433514,   0.480032157205246,-0.01596966910115339,-0.01791219285464792,-0.01226480802694652
                40.5,1,1,   2.305765000000062,   2.338931015665317,  0.4629622242450721,   0.488636459493436,  0.5623086976581826,  0.4803220980903247,-0.01537710252968214,-0.01724754747970749,-0.01180971310943468
                40.6,1,1,   2.308312500000063,   2.338931015665317,   0.461840763490403,  0.4890653351159109,  0.5626202827721825,  0.4806002752600856,-0.01478453595821088,-0.01658290210476707,-0.01135461819192284
                40.7,1,1,   2.310760000000063,   2.338931015665317,  0.4607627083839904,  0.4894765981335941,  0.5629187565257038,  0.4808667798818365,-0.01419196938673963,-0.01591825672982664,  -0.010899523274411
                40.8,1,1,   2.313107500000064,   2.338931015665317,  0.4597281450424237,  0.4898703375598558,  0.5632042215647712,   0.481121699621439,-0.01359940281526841,-0.01525361135488626,-0.01044442835689918
                40.9,1,1,   2.315355000000064,   2.338931015665317,  0.4587371557481648,  0.4902466388825554,  0.5634767764195372,  0.4813651186328785,-0.01300683624379716,-0.01458896597994584,-0.009989333439387342
                  41,1,1,   2.317502500000064,   2.338931015665317,  0.4577898189879702,  0.4906055840488813,   0.563736515493124,  0.4815971175483154, -0.0124142696723259,-0.01392432060500541,-0.009534238521875498
                41.1,1,1,   2.319550000000065,   2.338931015665317,  0.4568862094897263,  0.4909472514508935,  0.5639835290510034,  0.4818177734686183,-0.01182170310085465,-0.01325967523006499,-0.009079143604363656
                41.2,1,1,   2.321497500000066,   2.338931015665317,  0.4560263982576915,  0.4912717159117607,  0.5642179032109109,  0.4820271599543659,-0.01122913652938339,-0.01259502985512456,-0.008624048686851814
                41.3,1,1,   2.323345000000066,   2.338931015665317,  0.4552104526061351,  0.4915790486726866,  0.5644397199332802,  0.4822253470173167,-0.01063656995791218,-0.01193038448018418,-0.008168953769340003
                41.4,1,1,   2.325092500000067,   2.338931015665317,  0.4544384361913685,  0.4918693173805158,  0.5646490570121938,  0.4824124011123327,-0.01004400338644093,-0.01126573910524376,-0.00771385885182816
                41.5,1,1,   2.326740000000067,   2.338931015665317,  0.4537104090421649,  0.4921425860760151,  0.5648459880668454,  0.4825883851297604,-0.00945143681496967,-0.01060109373030333,-0.007258763934316318
                41.6,1,1,   2.328287500000068,   2.338931015665317,  0.4530264275885569,  0.4923989151828266,  0.5650305825334987,  0.4827533583882542,-0.00885887024349841,-0.009936448355362899,-0.00680366901680447
                41.7,1,1,   2.329735000000069,   2.338931015665317,  0.4523865446890105,  0.4926383614970815,  0.5652029056579482,  0.4829073766280429,-0.008266303672027148,-0.009271802980422465,-0.006348574099292622
                41.8,1,1,   2.331082500000069,   2.338931015665317,  0.4517908096559703,  0.4928609781776743,  0.5653630184884649,  0.4830504920046324,-0.007673737100555928,-0.008607157605482078,-0.005893479181780806
                41.9,1,1,    2.33233000000007,   2.338931015665317,  0.4512392682797676,  0.4930668147371915,  0.5655109778692274,   0.483182753082937,-0.007081170529084666,-0.007942512230541644,-0.005438384264268957
                  42,1,1,    2.33347750000007,   2.338931015665317,  0.4507319628508931,  0.4932559170334874,  0.5656468364342309,  0.4833042048318405,-0.006488603957613404,-0.007277866855601211,-0.004983289346757108
                42.1,1,1,   2.334525000000071,   2.338931015665317,  0.4502689321806231,  0.4934283272619039,  0.5657706426016696,  0.4834148886191769,-0.005896037386142142,-0.006613221480660776,-0.00452819442924526
                42.2,1,1,   2.335472500000072,   2.338931015665317,  0.4498502116200012,  0.4935840839481356,  0.5658824405687907,    0.48351484220713,-0.00530347081467088,-0.005948576105720342,-0.004073099511733412
                42.3,1,1,   2.336320000000072,   2.338931015665317,    0.44947583307717,  0.4937232219417261,  0.5659822703072077,  0.4836040997480484,-0.004710904243199659,-0.005283930730779956,-0.003618004594221595
                42.4,1,1,   2.337067500000072,   2.338931015665317,  0.4491458250330484,  0.4938457724102025,  0.5660701675586817,  0.4836826917806714,-0.004118337671728397,-0.004619285355839521,-0.003162909676709747
                42.5,1,1,   2.337715000000073,   2.338931015665317,  0.4488602125553536,  0.4939517628338377,  0.5661461638313513,  0.4837506452267624,-0.003525771100257135,-0.003954639980899087,-0.002707814759197898
                42.6,1,1,   2.338262500000073,   2.338931015665317,  0.4486190173109649,  0.4940412170010419,  0.5662102863964257,  0.4838079833881502,-0.002933204528785873,-0.003289994605958653,-0.00225271984168605
                42.7,1,1,   2.338710000000074,   2.338931015665317,  0.4484222575766256,  0.4941141550043796,  0.5662625582853226,  0.4838547259441718,-0.00234063795731461,-0.002625349231018219,-0.001797624924174201
                42.8,1,1,   2.339057500000074,   2.338931015665317,  0.4482699482479839,  0.4941705932372101,  0.5663029982872579,  0.4838908889495164,-0.00174807138584339,-0.001960703856077832,-0.001342530006662385
                42.9,1,1,   2.339305000000075,   2.338931015665317,  0.4481621008469681,  0.4942105443909489,  0.5663316209472834,  0.4839164848324706,-0.001155504814372128,-0.001296058481137398,-0.0008874350891505367
                  43,1,1,   2.339452500000076,   2.338931015665317,  0.4480987235274971,  0.4942340174529493,  0.5663484365647666,  0.4839315223935604,-0.0005629382429008674,-0.0006314131061969661,-0.0004323401716386894
                43.1,1,1,   2.339500000000076,   2.338931015665317,  0.4480798210795241,  0.4942410177050052,  0.5663534511923181,  0.4839360068045909,2.962832857039348e-05,3.323226874346652e-05,2.275474587315812e-05
                43.2,1,1,   2.339447500000077,   2.338931015665317,  0.4481053949314127,  0.4942315467224687,    0.56634666663516,  0.4839299396080819,0.0006221949000416544,0.0006978776436838991,0.0004778496633850056
                43.3,1,1,   2.339295000000077,   2.338931015665317,  0.4481754431506468,  0.4942056023739896,  0.5663280804509395,  0.4839133187171004,0.001214761471512873,0.001362523018624284,0.0009329445808968207
                43.4,0,0,   2.339155500000078,   2.338931015665317,  0.4482859580220486,  0.4941646617249511,  0.5662987484403719,  0.4838870885418908,0.001570301414395639,0.001761310243588554,0.001206001531403936
                43.5,0,0,   2.339155500000078,   2.338931015665317,  0.4484038032777743,  0.4941209942771459,  0.5662674591989629,  0.4838591084945104,0.001570301414395639,0.001761310243588554,0.001206001531403936
                43.6,0,0,   2.339155500000078,   2.338931015665317,  0.4485216406612109,  0.4940773181544291,  0.5662361600160207,  0.4838311199523787,0.001570301414395639,0.001761310243588554,0.001206001531403936
                43.7,0,0,   2.339155500000078,   2.338931015665317,  0.4486394701702893,  0.4940336333575673,  0.5662048508920956,  0.4838031229159866,0.001570301414395639,0.001761310243588554,0.001206001531403936
                43.8,0,0,   2.339155500000078,   2.338931015665317,   0.448757291802941,  0.4939899398873274,   0.566173531827736,  0.4837751173858261,0.001570301414395639,0.001761310243588554,0.001206001531403936
                43.9,0,0,   2.339155500000078,   2.338931015665317,  0.4488751055570976,  0.4939462377444767,  0.5661422028234923,  0.4837471033623889,0.001570301414395639,0.001761310243588554,0.001206001531403936
                  44,0,0,   2.339155500000078,   2.338931015665317,  0.4489929114306905,  0.4939025269297824,  0.5661108638799147,  0.4837190808461664,0.001570301414395639,0.001761310243588554,0.001206001531403936
                44.1,0,0,   2.339155500000078,   2.338931015665317,  0.4491107094216515,  0.4938588074440117,  0.5660795149975533,  0.4836910498376512,0.001570301414395639,0.001761310243588554,0.001206001531403936
                44.2,0,0,   2.339155500000078,   2.338931015665317,  0.4492284995279129,  0.4938150792879324,  0.5660481561769588,  0.4836630103373346,0.001570301414395639,0.001761310243588554,0.001206001531403936
                44.3,0,0,   2.339155500000078,   2.338931015665317,  0.4493462817474063,  0.4937713424623122,   0.566016787418681,  0.4836349623457092,0.001570301414395639,0.001761310243588554,0.001206001531403936
                44.4,0,0,   2.339155500000078,   2.338931015665317,   0.449464056078064,   0.493727596967919,  0.5659854087232712,  0.4836069058632679,0.001570301414395639,0.001761310243588554,0.001206001531403936
                44.5,0,0,   2.339155500000078,   2.338931015665317,  0.4495818225178186,  0.4936838428055205,  0.5659540200912798,  0.4835788408905027,0.001570301414395639,0.001761310243588554,0.001206001531403936
                44.6,0,0,   2.339155500000078,   2.338931015665317,  0.4496995810646023,  0.4936400799758852,  0.5659226215232581,  0.4835507674279064,0.001570301414395639,0.001761310243588554,0.001206001531403936
                44.7,0,0,   2.339155500000078,   2.338931015665317,  0.4498173317163475,  0.4935963084797813,  0.5658912130197572,   0.483522685475972,0.001570301414395639,0.001761310243588554,0.001206001531403936
                44.8,0,0,   2.339155500000078,   2.338931015665317,  0.4499350744709874,   0.493552528317977,  0.5658597945813286,  0.4834945950351927,0.001570301414395639,0.001761310243588554,0.001206001531403936
                44.9,0,0,   2.339155500000078,   2.338931015665317,  0.4500528093264547,  0.4935087394912412,  0.5658283662085244,  0.4834664961060613,0.001570301414395639,0.001761310243588554,0.001206001531403936
                  45,0,0,   2.339155500000078,   2.338931015665317,  0.4501705362806822,  0.4934649420003426,  0.5657969279018956,  0.4834383886890712,0.001570301414395639,0.001761310243588554,0.001206001531403936
                45.1,0,0,   2.339155500000078,   2.338931015665317,  0.4502882553316033,  0.4934211358460503,  0.5657654796619946,  0.4834102727847159,0.001570301414395639,0.001761310243588554,0.001206001531403936
                45.2,0,0,   2.339155500000078,   2.338931015665317,  0.4504059664771513,  0.4933773210291331,  0.5657340214893734,  0.4833821483934889,0.001570301414395639,0.001761310243588554,0.001206001531403936
                45.3,0,0,   2.339155500000078,   2.338931015665317,  0.4505236697152595,  0.4933334975503602,  0.5657025533845847,  0.4833540155158841,0.001570301414395639,0.001761310243588554,0.001206001531403936
                45.4,0,0,   2.339155500000078,   2.338931015665317,  0.4506413650438617,  0.4932896654105011,  0.5656710753481804,  0.4833258741523954,0.001570301414395639,0.001761310243588554,0.001206001531403936
                45.5,0,0,   2.339155500000078,   2.338931015665317,  0.4507590524608913,  0.4932458246103255,  0.5656395873807135,  0.4832977243035169,0.001570301414395639,0.001761310243588554,0.001206001531403936
                45.6,0,0,   2.339155500000078,   2.338931015665317,  0.4508767319642824,  0.4932019751506029,  0.5656080894827364,  0.4832695659697429,0.001570301414395639,0.001761310243588554,0.001206001531403936
                45.7,0,0,   2.339155500000078,   2.338931015665317,  0.4509944035519687,  0.4931581170321029,  0.5655765816548021,  0.4832413991515676,0.001570301414395639,0.001761310243588554,0.001206001531403936
                45.8,0,0,   2.339155500000078,   2.338931015665317,  0.4511120672218846,  0.4931142502555958,   0.565545063897464,  0.4832132238494854,0.001570301414395639,0.001761310243588554,0.001206001531403936
                45.9,0,0,   2.339155500000078,   2.338931015665317,  0.4512297229719643,  0.4930703748218517,  0.5655135362112756,   0.483185040063991,0.001570301414395639,0.001761310243588554,0.001206001531403936
                  46,0,0,   2.339155500000078,   2.338931015665317,  0.4513473708001421,   0.493026490731641,  0.5654819985967902,  0.4831568477955792,0.001570301414395639,0.001761310243588554,0.001206001531403936
                46.1,0,0,   2.339155500000078,   2.338931015665317,  0.4514650107043528,  0.4929825979857336,  0.5654504510545613,   0.483128647044745,0.001570301414395639,0.001761310243588554,0.001206001531403936
                46.2,0,0,   2.339155500000078,   2.338931015665317,  0.4515826426825308,  0.4929386965849008,   0.565418893585143,  0.4831004378119834,0.001570301414395639,0.001761310243588554,0.001206001531403936
                46.3,0,0,   2.339155500000078,   2.338931015665317,  0.4517002667326109,   0.492894786529913,  0.5653873261890893,    0.48307222009779,0.001570301414395639,0.001761310243588554,0.001206001531403936
                46.4,0,0,   2.339155500000078,   2.338931015665317,  0.4518178828525286,   0.492850867821541,  0.5653557488669545,    0.48304399390266,0.001570301414395639,0.001761310243588554,0.001206001531403936
                46.5,0,0,   2.339155500000078,   2.338931015665317,  0.4519354910402183,  0.4928069404605558,  0.5653241616192928,  0.4830157592270886,0.001570301414395639,0.001761310243588554,0.001206001531403936
                46.6,0,0,   2.339155500000078,   2.338931015665317,  0.4520530912936157,  0.4927630044477289,  0.5652925644466588,   0.482987516071572,0.001570301414395639,0.001761310243588554,0.001206001531403936
                46.7,0,0,   2.339155500000078,   2.338931015665317,   0.452170683610656,  0.4927190597838316,  0.5652609573496069,  0.4829592644366057,0.001570301414395639,0.001761310243588554,0.001206001531403936
                46.8,0,0,   2.339155500000078,   2.338931015665317,  0.4522882679892747,  0.4926751064696352,  0.5652293403286923,  0.4829310043226859,0.001570301414395639,0.001761310243588554,0.001206001531403936
                46.9,0,0,   2.339155500000078,   2.338931015665317,  0.4524058444274075,  0.4926311445059118,  0.5651977133844708,  0.4829027357303086,0.001570301414395639,0.001761310243588554,0.001206001531403936
                  47,0,0,   2.339155500000078,   2.338931015665317,  0.4525234129229903,  0.4925871738934328,  0.5651660765174964,  0.4828744586599701,0.001570301414395639,0.001761310243588554,0.001206001531403936
                47.1,0,0,   2.339155500000078,   2.338931015665317,  0.4526409734739588,    0.49254319463297,  0.5651344297283253,  0.4828461731121668,0.001570301414395639,0.001761310243588554,0.001206001531403936
                47.2,0,0,   2.339155500000078,   2.338931015665317,  0.4527585260782493,  0.4924992067252957,  0.5651027730175123,  0.4828178790873956,0.001570301414395639,0.001761310243588554,0.001206001531403936
                47.3,0,0,   2.339155500000078,   2.338931015665317,  0.4528760707337979,  0.4924552101711824,  0.5650711063856144,  0.4827895765861531,0.001570301414395639,0.001761310243588554,0.001206001531403936
                47.4,0,0,   2.339155500000078,   2.338931015665317,  0.4529936074385409,  0.4924112049714023,  0.5650394298331867,  0.4827612656089358,0.001570301414395639,0.001761310243588554,0.001206001531403936
                47.5,0,0,   2.339155500000078,   2.338931015665317,  0.4531111361904149,  0.4923671911267278,  0.5650077433607857,  0.4827329461562413,0.001570301414395639,0.001761310243588554,0.001206001531403936
                47.6,0,0,   2.339155500000078,   2.338931015665317,  0.4532286569873566,  0.4923231686379319,  0.5649760469689676,  0.4827046182285665,0.001570301414395639,0.001761310243588554,0.001206001531403936
                47.7,0,0,   2.339155500000078,   2.338931015665317,  0.4533461698273027,  0.4922791375057877,  0.5649443406582884,  0.4826762818264086,0.001570301414395639,0.001761310243588554,0.001206001531403936
                47.8,0,0,   2.339155500000078,   2.338931015665317,  0.4534636747081903,  0.4922350977310677,  0.5649126244293051,  0.4826479369502653,0.001570301414395639,0.001761310243588554,0.001206001531403936
                47.9,0,0,   2.339155500000078,   2.338931015665317,   0.453581171627956,  0.4921910493145452,  0.5648808982825752,  0.4826195836006343,0.001570301414395639,0.001761310243588554,0.001206001531403936
                  48,0,0,   2.339155500000078,   2.338931015665317,  0.4536986605845374,  0.4921469922569939,  0.5648491622186544,  0.4825912217780131,0.001570301414395639,0.001761310243588554,0.001206001531403936
                48.1,0,0,   2.339155500000078,   2.338931015665317,  0.4538161415758716,  0.4921029265591867,  0.5648174162381009,  0.4825628514828998,0.001570301414395639,0.001761310243588554,0.001206001531403936
                48.2,0,0,   2.339155500000078,   2.338931015665317,  0.4539336145998962,  0.4920588522218975,  0.5647856603414714,  0.4825344727157926,0.001570301414395639,0.001761310243588554,0.001206001531403936
                48.3,0,0,   2.339155500000078,   2.338931015665317,  0.4540510796545488,  0.4920147692459001,  0.5647538945293237,  0.4825060854771894,0.001570301414395639,0.001761310243588554,0.001206001531403936
                48.4,0,0,   2.339155500000078,   2.338931015665317,  0.4541685367377672,  0.4919706776319685,  0.5647221188022155,  0.4824776897675889,0.001570301414395639,0.001761310243588554,0.001206001531403936
                48.5,0,0,   2.339155500000078,   2.338931015665317,  0.4542859858474893,  0.4919265773808767,  0.5646903331607049,  0.4824492855874894,0.001570301414395639,0.001761310243588554,0.001206001531403936
                48.6,0,0,   2.339155500000078,   2.338931015665317,  0.4544034269816531,  0.4918824684933989,  0.5646585376053496,  0.4824208729373896,0.001570301414395639,0.001761310243588554,0.001206001531403936
                48.7,0,0,   2.339155500000078,   2.338931015665317,  0.4545208601381968,  0.4918383509703096,  0.5646267321367078,  0.4823924518177883,0.001570301414395639,0.001761310243588554,0.001206001531403936
                48.8,0,0,   2.339155500000078,   2.338931015665317,  0.4546382853150587,  0.4917942248123832,  0.5645949167553381,  0.4823640222291847,0.001570301414395639,0.001761310243588554,0.001206001531403936
                48.9,0,0,   2.339155500000078,   2.338931015665317,   0.454755702510177,  0.4917500900203945,  0.5645630914617981,  0.4823355841720777,0.001570301414395639,0.001761310243588554,0.001206001531403936
                  49,0,0,   2.339155500000078,   2.338931015665317,  0.4548731117214906,  0.4917059465951182,  0.5645312562566479,  0.4823071376469664,0.001570301414395639,0.001761310243588554,0.001206001531403936
                49.1,0,0,   2.339155500000078,   2.338931015665317,  0.4549905129469382,  0.4916617945373294,  0.5644994111404456,  0.4822786826543506,0.001570301414395639,0.001761310243588554,0.001206001531403936
                49.2,0,0,   2.339155500000078,   2.338931015665317,  0.4551079061844584,  0.4916176338478033,  0.5644675561137505,  0.4822502191947297,0.001570301414395639,0.001761310243588554,0.001206001531403936
                49.3,0,0,   2.339155500000078,   2.338931015665317,  0.4552252914319904,  0.4915734645273154,  0.5644356911771224,  0.4822217472686035,0.001570301414395639,0.001761310243588554,0.001206001531403936
                49.4,0,0,   2.339155500000078,   2.338931015665317,  0.4553426686874735,  0.4915292865766405,  0.5644038163311202,  0.4821932668764717,0.001570301414395639,0.001761310243588554,0.001206001531403936
                49.5,0,0,   2.339155500000078,   2.338931015665317,   0.455460037948847,  0.4914850999965546,  0.5643719315763035,  0.4821647780188343,0.001570301414395639,0.001761310243588554,0.001206001531403936
                49.6,0,0,   2.339155500000078,   2.338931015665317,  0.4555773992140502,  0.4914409047878335,  0.5643400369132319,  0.4821362806961915,0.001570301414395639,0.001761310243588554,0.001206001531403936
                49.7,0,0,   2.339155500000078,   2.338931015665317,  0.4556947524810226,  0.4913967009512532,  0.5643081323424655,  0.4821077749090437,0.001570301414395639,0.001761310243588554,0.001206001531403936
                49.8,0,0,   2.339155500000078,   2.338931015665317,  0.4558120977477041,  0.4913524884875893,  0.5642762178645644,  0.4820792606578913,0.001570301414395639,0.001761310243588554,0.001206001531403936
                49.9,0,0,   2.339155500000078,   2.338931015665317,  0.4559294350120346,  0.4913082673976183,  0.5642442934800895,  0.4820507379432349,0.001570301414395639,0.001761310243588554,0.001206001531403936
                  50,0,0,   2.339155500000078,   2.338931015665317,  0.4560467642719538,  0.4912640376821167,  0.5642123591896004,  0.4820222067655752,0.001570301414395639,0.001761310243588554,0.001206001531403936
