sys.exec.out.time {s},test.att_manager.perturbation.randomRates {--},test.att_manager.perturbation.prescribedAng[0] {rad},test.att_manager.perturbation.prescribedAng[1] {rad},test.att_manager.perturbation.prescribedAng[2] {rad},test.att_manager.perturbation.driftRate[0] {rad/s},test.att_manager.perturbation.driftRate[1] {rad/s},test.att_manager.perturbation.driftRate[2] {rad/s}
                   0,0,               0.005,              -0.005,                0.01,               0.001,               0.002,               0.002
                0.05,0,0.005049999999999998,-0.004900000000000004,          0.01008875,               0.001,               0.002,              0.0015
                 0.1,0,0.005099999999999996,-0.004800000000000008,           0.0101525,               0.001,               0.002,               0.001
                0.15,0,0.005149999999999994,-0.004700000000000012,          0.01019125,               0.001,               0.002,0.0005000000000000002
                 0.2,0,0.005199999999999992,-0.004600000000000016,            0.010205,               0.001,               0.002,1.490777987167569e-19
                0.25,0, 0.00524999999999999,-0.00450000000000002,          0.01019375,               0.001,               0.002,-0.0004999999999999997
                 0.3,0,0.005299999999999988,-0.004400000000000025,           0.0101575,               0.001,               0.002,-0.0009999999999999994
                0.35,0,0.005349999999999986,-0.004300000000000029,          0.01009625,               0.001,               0.002,             -0.0015
                 0.4,0,0.005399999999999984,-0.004200000000000033,             0.01001,               0.001,               0.002,-0.002000000000000001
                0.45,0,0.005449999999999982,-0.004100000000000037,0.009910000000000004,               0.001,               0.002,-0.002000000000000001
                 0.5,0, 0.00549999999999998,-0.004000000000000041,0.009810000000000008,               0.001,               0.002,-0.002000000000000001
                0.55,0,0.005549999999999978,-0.003900000000000044,0.009710000000000012,               0.001,               0.002,-0.002000000000000001
                 0.6,0,0.005599999999999976,-0.003800000000000045,0.009610000000000016,               0.001,               0.002,-0.002000000000000001
                0.65,0,0.005649999999999974,-0.003700000000000044, 0.00951000000000002,               0.001,               0.002,-0.002000000000000001
                 0.7,0,0.005699999999999972,-0.003600000000000045,0.009410000000000024,               0.001,               0.002,-0.002000000000000001
                0.75,0, 0.00574999999999997,-0.003500000000000044,0.009310000000000028,               0.001,               0.002,-0.002000000000000001
                 0.8,0,0.005799999999999968,-0.003400000000000044,0.009210000000000032,               0.001,               0.002,-0.002000000000000001
                0.85,0,0.005849999999999965,-0.003300000000000044,0.009110000000000036,               0.001,               0.002,-0.002000000000000001
                 0.9,0,0.005899999999999963,-0.003200000000000044,0.009010000000000041,               0.001,               0.002,-0.002000000000000001
                0.95,0,0.005949999999999961,-0.003100000000000044,0.008910000000000045,               0.001,               0.002,-0.002000000000000001
                   1,0,0.005999999999999959,-0.003000000000000044,0.008810000000000049,               0.001,               0.002,-0.002000000000000001
                1.05,0,0.006049999999999957,-0.002900000000000046,0.008710000000000053,               0.001,               0.002,-0.002000000000000001
                 1.1,0,0.006099999999999955,-0.002800000000000048,0.008610000000000057,               0.001,               0.002,-0.002000000000000001
                1.15,0,0.006149999999999953,-0.00270000000000005,0.008510000000000061,               0.001,               0.002,-0.002000000000000001
                 1.2,0,0.006199999999999951,-0.002600000000000052,0.008410000000000065,               0.001,               0.002,-0.002000000000000001
                1.25,0,0.006249999999999949,-0.002500000000000054,0.008310000000000069,               0.001,               0.002,-0.002000000000000001
                 1.3,0,0.006299999999999947,-0.002400000000000056,0.008210000000000073,               0.001,               0.002,-0.002000000000000001
                1.35,0,0.006349999999999945,-0.002300000000000058,0.008110000000000077,               0.001,               0.002,-0.002000000000000001
                 1.4,0,0.006399999999999943,-0.00220000000000006,0.008010000000000081,               0.001,               0.002,-0.002000000000000001
                1.45,0,0.006449999999999941,-0.002100000000000062,0.007910000000000085,               0.001,               0.002,-0.002000000000000001
                 1.5,0,0.006499999999999939,-0.002000000000000064,0.007810000000000089,               0.001,               0.002,-0.002000000000000001
                1.55,0,0.006549999999999937,-0.001900000000000064,0.007710000000000089,               0.001,               0.002,-0.002000000000000001
                 1.6,0,0.006599999999999935,-0.001800000000000064,0.007610000000000089,               0.001,               0.002,-0.002000000000000001
                1.65,0,0.006649999999999933,-0.001700000000000064, 0.00751000000000009,               0.001,               0.002,-0.002000000000000001
                 1.7,0,0.006699999999999931,-0.001600000000000064,0.007410000000000089,               0.001,               0.002,-0.002000000000000001
                1.75,0,0.006749999999999929,-0.001500000000000064,0.007310000000000089,               0.001,               0.002,-0.002000000000000001
                 1.8,0,0.006799999999999927,-0.001400000000000064,0.007210000000000089,               0.001,               0.002,-0.002000000000000001
                1.85,0,0.006849999999999925,-0.001300000000000063,0.007110000000000088,               0.001,               0.002,-0.002000000000000001
                 1.9,0,0.006899999999999923,-0.001200000000000063,0.007010000000000089,               0.001,               0.002,-0.002000000000000001
                1.95,0,0.006949999999999921,-0.001100000000000063,0.006910000000000089,               0.001,               0.002,-0.002000000000000001
                   2,0,0.006999999999999919,-0.001000000000000063,0.006810000000000089,               0.001,               0.002,-0.002000000000000001
                2.05,0,0.007049999999999918,-0.0009000000000000631,0.006710000000000091,               0.001,               0.002,-0.002000000000000001
                 2.1,0,0.007099999999999919,-0.0008000000000000624,0.006610000000000092,               0.001,               0.002,-0.002000000000000001
                2.15,0,0.007149999999999919,-0.0007000000000000626,0.006510000000000095,               0.001,               0.002,-0.002000000000000001
                 2.2,0,0.007199999999999919,-0.0006000000000000619,0.006410000000000096,               0.001,               0.002,-0.002000000000000001
                2.25,0,0.007249999999999919,-0.000500000000000062,0.006310000000000099,               0.001,               0.002,-0.002000000000000001
                 2.3,0,0.007299999999999919,-0.0004000000000000622,0.006210000000000101,               0.001,               0.002,-0.002000000000000001
                2.35,0,0.007349999999999919,-0.0003000000000000615,0.006110000000000102,               0.001,               0.002,-0.002000000000000001
                 2.4,0,0.007399999999999919,-0.0002000000000000618,0.006010000000000105,               0.001,               0.002,-0.002000000000000001
                2.45,0,0.007449999999999919,-0.0001000000000000613,0.005910000000000106,               0.001,               0.002,-0.002000000000000001
                 2.5,0,0.007499999999999919,-6.163350537401191e-17,0.005810000000000108,               0.001,               0.002,-0.002000000000000001
                2.55,0,0.007549999999999919, 9.9999999999938e-05,0.005710000000000111,               0.001,               0.002,-0.002000000000000001
                 2.6,0,0.007599999999999919,0.0001999999999999385,0.005610000000000112,               0.001,               0.002,-0.002000000000000001
                2.65,0,0.007649999999999919,0.0002999999999999382,0.005510000000000115,               0.001,               0.002,-0.002000000000000001
                 2.7,0, 0.00769999999999992,0.0003999999999999389,0.005410000000000116,               0.001,               0.002,-0.002000000000000001
                2.75,0,0.007749999999999919,0.0004999999999999388,0.005310000000000118,               0.001,               0.002,-0.002000000000000001
                 2.8,0,0.007799999999999919,0.0005999999999999386,0.005210000000000121,               0.001,               0.002,-0.002000000000000001
                2.85,0,0.007849999999999918,0.0006999999999999393,0.005110000000000122,               0.001,               0.002,-0.002000000000000001
                 2.9,0,0.007899999999999916,0.0007999999999999391,0.005010000000000125,               0.001,               0.002,-0.002000000000000001
                2.95,0,0.007949999999999914,0.0008999999999999398,0.004910000000000126,               0.001,               0.002,-0.002000000000000001
                   3,0,0.007999999999999912,0.0009999999999999395,0.004810000000000128,               0.001,               0.002,-0.002000000000000001
                3.05,0, 0.00804999999999991,0.001099999999999939,0.004710000000000131,               0.001,               0.002,-0.002000000000000001
                 3.1,0,0.008099999999999908, 0.00119999999999994,0.004610000000000132,               0.001,               0.002,-0.002000000000000001
                3.15,0,0.008149999999999906, 0.00129999999999994,0.004510000000000135,               0.001,               0.002,-0.002000000000000001
                 3.2,0,0.008199999999999904,0.001399999999999941,0.004410000000000136,               0.001,               0.002,-0.002000000000000001
                3.25,0,0.008249999999999902, 0.00149999999999994,0.004310000000000138,               0.001,               0.002,-0.002000000000000001
                 3.3,0,0.008299999999999899, 0.00159999999999994,0.004210000000000141,               0.001,               0.002,-0.002000000000000001
                3.35,0,0.008349999999999897,0.001699999999999941,0.004110000000000142,               0.001,               0.002,-0.002000000000000001
                 3.4,0,0.008399999999999895,0.001799999999999941,0.004010000000000145,               0.001,               0.002,-0.002000000000000001
                3.45,0,0.008449999999999893,0.001899999999999941,0.003910000000000146,               0.001,               0.002,-0.002000000000000001
                 3.5,0,0.008499999999999891, 0.00199999999999994,0.003810000000000147,               0.001,               0.002,-0.002000000000000001
                3.55,0,0.008549999999999889,0.002099999999999938,0.003710000000000149,               0.001,               0.002,-0.002000000000000001
                 3.6,0,0.008599999999999887,0.002199999999999936,0.003610000000000149,               0.001,               0.002,-0.002000000000000001
                3.65,0,0.008649999999999885,0.002299999999999934,0.003510000000000151,               0.001,               0.002,-0.002000000000000001
                 3.7,0,0.008699999999999883,0.002399999999999933,0.003410000000000151,               0.001,               0.002,-0.002000000000000001
                3.75,0,0.008749999999999881, 0.00249999999999993,0.003310000000000152,               0.001,               0.002,-0.002000000000000001
                 3.8,0,0.008799999999999879,0.002599999999999928,0.003210000000000154,               0.001,               0.002,-0.002000000000000001
                3.85,0,0.008849999999999877,0.002699999999999926,0.003110000000000154,               0.001,               0.002,-0.002000000000000001
                 3.9,0,0.008899999999999875,0.002799999999999924,0.003010000000000155,               0.001,               0.002,-0.002000000000000001
                3.95,0,0.008949999999999873,0.002899999999999923,0.002910000000000156,               0.001,               0.002,-0.002000000000000001
                   4,0,0.008999999999999871, 0.00299999999999992,0.002810000000000157,               0.001,               0.002,-0.002000000000000001
                4.05,0,0.009049999999999871,0.003099999999999918,0.002710000000000159,               0.001,               0.002,-0.002000000000000001
                 4.1,0, 0.00909999999999987,0.003199999999999916,0.002610000000000161,               0.001,               0.002,-0.002000000000000001
                4.15,0,0.009149999999999872,0.003299999999999917,0.002510000000000161,               0.001,               0.002,-0.002000000000000001
                 4.2,0,0.009199999999999871,0.003399999999999915,0.002410000000000162,               0.001,               0.002,-0.002000000000000001
                4.25,0,0.009249999999999871,0.003499999999999913,0.002310000000000164,               0.001,               0.002,-0.002000000000000001
                 4.3,0,0.009299999999999871,0.003599999999999911,0.002210000000000166,               0.001,               0.002,-0.002000000000000001
                4.35,0,0.009349999999999871,0.003699999999999909,0.002110000000000168,               0.001,               0.002,-0.002000000000000001
                 4.4,0,0.009399999999999872,0.003799999999999909,0.002010000000000168,               0.001,               0.002,-0.002000000000000001
                4.45,0,0.009449999999999872,0.003899999999999907,0.001910000000000169,               0.001,               0.002,-0.002000000000000001
                 4.5,0,0.009499999999999871,0.003999999999999906,0.001810000000000169,               0.001,               0.002,-0.002000000000000001
                4.55,0,0.009549999999999871,0.004099999999999903, 0.00171000000000017,               0.001,               0.002,-0.002000000000000001
                 4.6,0,0.009599999999999871,0.004199999999999901, 0.00161000000000017,               0.001,               0.002,-0.002000000000000001
                4.65,0,0.009649999999999872,  0.0042999999999999,0.001510000000000168,               0.001,               0.002,-0.002000000000000001
                 4.7,0,0.009699999999999872,0.004399999999999898,0.001410000000000168,               0.001,               0.002,-0.002000000000000001
                4.75,0,0.009749999999999872,0.004499999999999896,0.001310000000000168,               0.001,               0.002,-0.002000000000000001
                 4.8,0,0.009799999999999871,0.004599999999999893,0.001210000000000169,               0.001,               0.002,-0.002000000000000001
                4.85,0,0.009849999999999871,0.004699999999999891,0.001110000000000169,               0.001,               0.002,-0.002000000000000001
                 4.9,0,0.009899999999999872, 0.00479999999999989,0.001010000000000167,               0.001,               0.002,-0.002000000000000001
                4.95,0,0.009949999999999872,0.004899999999999888,0.0009100000000001674,               0.001,               0.002,-0.002000000000000001
                   5,0,0.009990999999999872,0.004999999999999886,0.0008100000000001676,0.0005500000000000007,               0.002,-0.002000000000000001
                5.05,0, 0.01000724999999987,0.005099999999999883,0.0007100000000001677,5.000000000000241e-05,               0.002,-0.002000000000000001
                 5.1,0,0.009998499999999872,0.005199999999999881,0.0006100000000001679,-0.0004499999999999959,               0.002,-0.002000000000000001
                5.15,0,0.009964749999999871, 0.00529999999999988,0.0005100000000001664,-0.000950000000000003,               0.002,-0.002000000000000001
                 5.2,0,0.009905999999999872,0.005399999999999878,0.0004100000000001665,-0.001450000000000001,               0.002,-0.002000000000000001
                5.25,0,0.009822249999999871,0.005499999999999876,0.0003100000000001667,-0.001949999999999998,               0.002,-0.002000000000000001
                 5.3,0,0.009720499999999872,0.005599999999999873,0.000210000000000167,-0.002049999999999996,               0.002,-0.002000000000000001
                5.35,0,0.009617999999999871,0.005699999999999871,0.0001100000000001673,-0.002049999999999996,               0.002,-0.002000000000000001
                 5.4,0, 0.00951549999999987, 0.00579999999999987,1.000000000016583e-05,-0.002049999999999996,               0.002,-0.002000000000000001
                5.45,0,0.009412999999999869,0.005899999999999868,-8.999999999983389e-05,-0.002049999999999996,               0.002,-0.002000000000000001
                 5.5,0,0.009310499999999869,0.005999999999999866,-0.0001899999999998336,-0.002049999999999996,               0.002,-0.002000000000000001
                5.55,0,0.009207999999999869,0.006099999999999863,-0.0002899999999998333,-0.002049999999999996,               0.002,-0.002000000000000001
                 5.6,0,0.009105499999999869,0.006199999999999861,-0.0003899999999998331,-0.002049999999999996,               0.002,-0.002000000000000001
                5.65,0,0.009002999999999867, 0.00629999999999986,-0.0004899999999998348,-0.002049999999999996,               0.002,-0.002000000000000001
                 5.7,0,0.008900499999999867,0.006399999999999858,-0.0005899999999998346,-0.002049999999999996,               0.002,-0.002000000000000001
                5.75,0,0.008797999999999867,0.006499999999999856,-0.0006899999999998344,-0.002049999999999996,               0.002,-0.002000000000000001
                 5.8,0,0.008695499999999867,0.006599999999999853,-0.0007899999999998342,-0.002049999999999996,               0.002,-0.002000000000000001
                5.85,0,0.008592999999999866,0.006699999999999851,-0.0008899999999998341,-0.002049999999999996,               0.002,-0.002000000000000001
                 5.9,0,0.008490499999999864, 0.00679999999999985,-0.0009899999999998356,-0.002049999999999996,               0.002,-0.002000000000000001
                5.95,0,0.008387999999999864,0.006899999999999848,-0.001089999999999835,-0.002049999999999996,               0.002,-0.002000000000000001
                   6,0,0.008285499999999864,0.006999999999999846,-0.001189999999999835,-0.002049999999999996,               0.002,-0.002000000000000001
                6.05,0,0.008182999999999864,0.007099999999999843,-0.001289999999999835,-0.002049999999999996,               0.002,-0.002000000000000001
                 6.1,0,0.008080499999999864,0.007199999999999841,-0.001389999999999835,-0.002049999999999996,               0.002,-0.002000000000000001
                6.15,0,0.007977999999999862, 0.00729999999999984,-0.001489999999999837,-0.002049999999999996,               0.002,-0.002000000000000001
                 6.2,0,0.007875499999999862,0.007399999999999838,-0.001589999999999836,-0.002049999999999996,               0.002,-0.002000000000000001
                6.25,0,0.007772999999999862,0.007499999999999836,-0.001689999999999836,-0.002049999999999996,               0.002,-0.002000000000000001
                 6.3,0,0.007670499999999861,0.007599999999999833,-0.001789999999999836,-0.002049999999999996,               0.002,-0.002000000000000001
                6.35,0,0.007567999999999861,0.007699999999999831,-0.001889999999999836,-0.002049999999999996,               0.002,-0.002000000000000001
                 6.4,0,0.007465499999999859,0.007799999999999831,-0.001989999999999837,-0.002049999999999996,               0.002,-0.002000000000000001
                6.45,0,0.007362999999999859,0.007899999999999829,-0.002089999999999835,-0.002049999999999996,               0.002,-0.002000000000000001
                 6.5,0,0.007260499999999859,0.007999999999999827,-0.002189999999999833,-0.002049999999999996,               0.002,-0.002000000000000001
                6.55,0,0.007157999999999859,0.008099999999999824,-0.002289999999999831,-0.002049999999999996,               0.002,-0.002000000000000001
                 6.6,0,0.007055499999999859,0.008199999999999822,-0.002389999999999829,-0.002049999999999996,               0.002,-0.002000000000000001
                6.65,0,0.006952999999999857,0.008299999999999821,-0.00248999999999983,-0.002049999999999996,               0.002,-0.002000000000000001
                 6.7,0,0.006850499999999857,0.008399999999999819,-0.002589999999999828,-0.002049999999999996,               0.002,-0.002000000000000001
                6.75,0,0.006747999999999857,0.008499999999999817,-0.002689999999999826,-0.002049999999999996,               0.002,-0.002000000000000001
                 6.8,0,0.006645499999999856,0.008599999999999814,-0.002789999999999824,-0.002049999999999996,               0.002,-0.002000000000000001
                6.85,0,0.006542999999999856,0.008699999999999812,-0.002889999999999822,-0.002049999999999996,               0.002,-0.002000000000000001
                 6.9,0,0.006440499999999854,0.008799999999999811,-0.002989999999999822,-0.002049999999999996,               0.002,-0.002000000000000001
                6.95,0,0.006337999999999854,0.008899999999999809,-0.00308999999999982,-0.002049999999999996,               0.002,-0.002000000000000001
                   7,0,0.006235499999999854,0.008999999999999807,-0.003189999999999818,-0.002049999999999996,               0.002,-0.002000000000000001
                7.05,0,0.006132999999999854,0.009099999999999804,-0.003289999999999817,-0.002049999999999996,               0.002,-0.002000000000000001
                 7.1,0,0.006030499999999854,0.009199999999999802,-0.003389999999999815,-0.002049999999999996,               0.002,-0.002000000000000001
                7.15,0,0.005927999999999852,0.009299999999999801,-0.003489999999999815,-0.002049999999999996,               0.002,-0.002000000000000001
                 7.2,0,0.005825499999999852,0.009399999999999799,-0.003589999999999813,-0.002049999999999996,               0.002,-0.002000000000000001
                7.25,0,0.005722999999999851,0.009499999999999797,-0.003689999999999811,-0.002049999999999996,               0.002,-0.002000000000000001
                 7.3,0,0.005620499999999851,0.009599999999999794,-0.003789999999999809,-0.002049999999999996,               0.002,-0.002000000000000001
                7.35,0,0.005517999999999851,0.009699999999999792,-0.003889999999999807,-0.002049999999999996,               0.002,-0.002000000000000001
                 7.4,0,0.005415499999999849,0.009799999999999792,-0.003989999999999807,-0.002049999999999996,               0.002,-0.002000000000000001
                7.45,0,0.005312999999999849,0.009890999999999791,-0.004089999999999805,-0.002049999999999996,0.001550000000000001,-0.002000000000000001
                 7.5,0,0.005210499999999849,0.009957249999999791,-0.004189999999999802,-0.002049999999999996,0.001050000000000004,-0.002000000000000001
                7.55,0,0.005107999999999849,0.009998499999999791, -0.0042899999999998,-0.002049999999999996,0.0005500000000000059,-0.002000000000000001
                 7.6,0,0.005005499999999849, 0.01001474999999979,-0.004389999999999798,-0.002049999999999996,5.000000000000761e-05,-0.002000000000000001
                7.65,0,0.004902999999999847, 0.01000599999999979,-0.004489999999999797,-0.002049999999999996,-0.0004499999999999996,-0.002000000000000001
                 7.7,0,0.004800499999999847,0.009972249999999792,-0.004589999999999795,-0.002049999999999996,-0.0009499999999999978,-0.002000000000000001
                7.75,0,0.004697999999999846,0.009913499999999792,-0.004689999999999792,-0.002049999999999996,-0.001449999999999996,-0.002000000000000001
                 7.8,0,0.004595499999999846,0.009829749999999792,-0.00478999999999979,-0.002049999999999996,-0.001949999999999993,-0.002000000000000001
                7.85,0,0.004492999999999846,0.009727999999999792,-0.004889999999999788,-0.002049999999999996,-0.002049999999999991,-0.002000000000000001
                 7.9,0,0.004390499999999844, 0.00962549999999979,-0.004989999999999787,-0.002049999999999996,-0.002049999999999991,-0.002000000000000001
                7.95,0,0.004287999999999844, 0.00952299999999979,-0.005089999999999785,-0.002049999999999996,-0.002049999999999991,-0.002000000000000001
                   8,0,0.004185499999999844, 0.00942049999999979,-0.005189999999999782,-0.002049999999999996,-0.002049999999999991,-0.002000000000000001
   8.050000000000001,0,0.004082999999999842,0.009317999999999788,-0.005289999999999782,-0.002049999999999996,-0.002049999999999991,-0.002000000000000001
                 8.1,0,0.003980499999999844, 0.00921549999999979,-0.005389999999999778,-0.002049999999999996,-0.002049999999999991,-0.002000000000000001
                8.15,0,0.003877999999999842,0.009112999999999788,-0.005489999999999777,-0.002049999999999996,-0.002049999999999991,-0.002000000000000001
   8.199999999999999,0,0.003775499999999843, 0.00901049999999979,-0.005589999999999773,-0.002049999999999996,-0.002049999999999991,-0.002000000000000001
                8.25,0,0.003672999999999841,0.008907999999999788,-0.005689999999999772,-0.002049999999999996,-0.002049999999999991,-0.002000000000000001
   8.300000000000001,0,0.003570499999999839,0.008805499999999786,-0.005789999999999772,-0.002049999999999996,-0.002049999999999991,-0.002000000000000001
                8.35,0,0.003467999999999841,0.008702999999999787,-0.005889999999999768,-0.002049999999999996,-0.002049999999999991,-0.002000000000000001
                 8.4,0,0.003365499999999839,0.008600499999999785,-0.005989999999999767,-0.002049999999999996,-0.002049999999999991,-0.002000000000000001
   8.449999999999999,0,0.003262999999999841,0.008497999999999787,-0.006089999999999763,-0.002049999999999996,-0.002049999999999991,-0.002000000000000001
                 8.5,0,0.003160499999999839,0.008395499999999785,-0.006189999999999763,-0.002049999999999996,-0.002049999999999991,-0.002000000000000001
   8.550000000000001,0,0.003057999999999837,0.008292999999999783,-0.006289999999999762,-0.002049999999999996,-0.002049999999999991,-0.002000000000000001
                 8.6,0,0.002955499999999838,0.008190499999999785,-0.006389999999999758,-0.002049999999999996,-0.002049999999999991,-0.002000000000000001
                8.65,0,0.002852999999999837,0.008087999999999783,-0.006489999999999757,-0.002049999999999996,-0.002049999999999991,-0.002000000000000001
   8.699999999999999,0,0.002750499999999838,0.007985499999999784,-0.006589999999999753,-0.002049999999999996,-0.002049999999999991,-0.002000000000000001
                8.75,0,0.002647999999999836,0.007882999999999783,-0.006689999999999753,-0.002049999999999996,-0.002049999999999991,-0.002000000000000001
   8.800000000000001,0,0.002545499999999834,0.007780499999999781,-0.006789999999999752,-0.002049999999999996,-0.002049999999999991,-0.002000000000000001
                8.85,0,0.002442999999999836,0.007677999999999782,-0.006889999999999748,-0.002049999999999996,-0.002049999999999991,-0.002000000000000001
                 8.9,0,0.002340499999999834, 0.00757549999999978,-0.006989999999999747,-0.002049999999999996,-0.002049999999999991,-0.002000000000000001
   8.949999999999999,0,0.002237999999999836,0.007472999999999782,-0.007089999999999743,-0.002049999999999996,-0.002049999999999991,-0.002000000000000001
                   9,0,0.002135499999999834, 0.00737049999999978,-0.007189999999999743,-0.002049999999999996,-0.002049999999999991,-0.002000000000000001
   9.050000000000001,0,0.002032999999999832,0.007267999999999778,-0.007289999999999742,-0.002049999999999996,-0.002049999999999991,-0.002000000000000001
                 9.1,0,0.001930499999999834, 0.00716549999999978,-0.007389999999999738,-0.002049999999999996,-0.002049999999999991,-0.002000000000000001
                9.15,0,0.001827999999999833,0.007062999999999778,-0.007489999999999737,-0.002049999999999996,-0.002049999999999991,-0.002000000000000001
   9.199999999999999,0,0.001725499999999835,0.006960499999999779,-0.007589999999999733,-0.002049999999999996,-0.002049999999999991,-0.002000000000000001
                9.25,0,0.001622999999999834,0.006857999999999777,-0.007689999999999733,-0.002049999999999996,-0.002049999999999991,-0.002000000000000001
   9.300000000000001,0,0.001520499999999833,0.006755499999999776,-0.007789999999999732,-0.002049999999999996,-0.002049999999999991,-0.002000000000000001
                9.35,0,0.001417999999999836,0.006652999999999777,-0.007889999999999729,-0.002049999999999996,-0.002049999999999991,-0.002000000000000001
                 9.4,0,0.001315499999999835,0.006550499999999775,-0.007989999999999728,-0.002049999999999996,-0.002049999999999991,-0.002000000000000001
   9.449999999999999,0,0.001212999999999838,0.006447999999999777,-0.008089999999999724,-0.002049999999999996,-0.002049999999999991,-0.002000000000000001
                 9.5,0,0.001110499999999837,0.006345499999999775,-0.008189999999999724,-0.002049999999999996,-0.002049999999999991,-0.002000000000000001
   9.550000000000001,0,0.001007999999999836,0.006242999999999773,-0.008289999999999723,-0.002049999999999996,-0.002049999999999991,-0.002000000000000001
                 9.6,0,0.0009054999999998383,0.006140499999999775,-0.008389999999999719,-0.002049999999999996,-0.002049999999999991,-0.002000000000000001
                9.65,0,0.0008029999999998373,0.006037999999999773,-0.008489999999999718,-0.002049999999999996,-0.002049999999999991,-0.002000000000000001
   9.699999999999999,0,0.0007004999999998399,0.005935499999999774,-0.008589999999999714,-0.002049999999999996,-0.002049999999999991,-0.002000000000000001
                9.75,0,0.0005979999999998389,0.005832999999999772,-0.008689999999999714,-0.002049999999999996,-0.002049999999999991,-0.002000000000000001
   9.800000000000001,0,0.0004954999999998379, 0.00573049999999977,-0.008789999999999713,-0.002049999999999996,-0.002049999999999991,-0.002000000000000001
                9.85,0,0.0003929999999998403,0.005627999999999772,-0.008889999999999709,-0.002049999999999996,-0.002049999999999991,-0.002000000000000001
                 9.9,0,0.000290499999999839, 0.00552549999999977,-0.008989999999999708,-0.002049999999999996,-0.002049999999999991,-0.002000000000000001
   9.949999999999999,0,0.0001879999999998414,0.005422999999999772,-0.009089999999999704,-0.002049999999999996,-0.002049999999999991,-0.002000000000000001
                  10,0,8.549999999984015e-05, 0.00532049999999977,-0.009189999999999704,-0.002049999999999996,-0.002049999999999991,-0.002000000000000001
               10.05,0,-1.700000000016109e-05,0.005217999999999768,-0.009289999999999703,-0.002049999999999996,-0.002049999999999991,-0.002000000000000001
                10.1,0,-0.0001195000000001587, 0.00511549999999977,-0.009389999999999699,-0.002049999999999996,-0.002049999999999991,-0.002000000000000001
               10.15,0,-0.0002220000000001599,0.005012999999999768,-0.009489999999999698,-0.002049999999999996,-0.002049999999999991,-0.002000000000000001
                10.2,0,-0.0003245000000001576,0.004910499999999769,-0.009589999999999694,-0.002049999999999996,-0.002049999999999991,-0.002000000000000001
               10.25,0,-0.0004270000000001588,0.004807999999999767,-0.009689999999999694,-0.002049999999999996,-0.002049999999999991,-0.002000000000000001
                10.3,0,-0.0005295000000001599,0.004705499999999765,-0.009789999999999693,-0.002049999999999996,-0.002049999999999991,-0.002000000000000001
               10.35,0,-0.0006320000000001573,0.004602999999999767,-0.009882999999999691,-0.002049999999999996,-0.002049999999999991,-0.00160000000000001
                10.4,0,-0.0007345000000001583,0.004500499999999765,-0.009951749999999693,-0.002049999999999996,-0.002049999999999991,-0.001100000000000003
               10.45,0,-0.0008370000000001557,0.004397999999999767,-0.009995499999999692,-0.002049999999999996,-0.002049999999999991,-0.0006000000000000135
                10.5,0,-0.0009395000000001567,0.004295499999999765,-0.01001424999999969,-0.002049999999999996,-0.002049999999999991,-0.0001000000000000063
               10.55,0,-0.001042000000000158,0.004192999999999763, -0.0100079999999997,-0.002049999999999996,-0.002049999999999991,0.0004000000000000008
                10.6,0,-0.001144500000000155,0.004090499999999764,-0.009976749999999698,-0.002049999999999996,-0.002049999999999991,0.0008999999999999901
               10.65,0,-0.001247000000000156,0.003987999999999763,-0.009920499999999695,-0.002049999999999996,-0.002049999999999991,0.001399999999999997
                10.7,0,-0.001349500000000154,0.003885499999999764,-0.009839249999999697,-0.002049999999999996,-0.002049999999999991,0.001899999999999987
               10.75,0,-0.001452000000000155,0.003782999999999762,-0.009739999999999699,-0.002049999999999996,-0.002049999999999991,0.002000000000000002
                10.8,0,-0.001554500000000156, 0.00368049999999976,-0.009639999999999699,-0.002049999999999996,-0.002049999999999991,0.002000000000000002
               10.85,0,-0.001657000000000153,0.003577999999999762,-0.009539999999999703,-0.002049999999999996,-0.002049999999999991,0.002000000000000002
                10.9,0,-0.001759500000000154, 0.00347549999999976,-0.009439999999999704,-0.002049999999999996,-0.002049999999999991,0.002000000000000002
               10.95,0,-0.001862000000000151,0.003372999999999762,-0.009339999999999708,-0.002049999999999996,-0.002049999999999991,0.002000000000000002
                  11,0,-0.001964500000000152, 0.00327049999999976,-0.009239999999999709,-0.002049999999999996,-0.002049999999999991,0.002000000000000002
               11.05,0,-0.002067000000000154,0.003167999999999758,-0.009139999999999709,-0.002049999999999996,-0.002049999999999991,0.002000000000000002
                11.1,0,-0.002169500000000153,0.003065499999999759,-0.009039999999999713,-0.002049999999999996,-0.002049999999999991,0.002000000000000002
               11.15,0,-0.002272000000000155,0.002962999999999757,-0.008939999999999714,-0.002049999999999996,-0.002049999999999991,0.002000000000000002
                11.2,0,-0.002374500000000153,0.002860499999999759,-0.008839999999999718,-0.002049999999999996,-0.002049999999999991,0.002000000000000002
               11.25,0,-0.002477000000000155,0.002757999999999757,-0.008739999999999718,-0.002049999999999996,-0.002049999999999991,0.002000000000000002
                11.3,0,-0.002579500000000157,0.002655499999999755,-0.008639999999999719,-0.002049999999999996,-0.002049999999999991,0.002000000000000002
               11.35,0,-0.002682000000000155,0.002552999999999757,-0.008539999999999723,-0.002049999999999996,-0.002049999999999991,0.002000000000000002
                11.4,0,-0.002784500000000157,0.002450499999999755,-0.008439999999999724,-0.002049999999999996,-0.002049999999999991,0.002000000000000002
               11.45,0,-0.002887000000000156,0.002347999999999757,-0.008339999999999728,-0.002049999999999996,-0.002049999999999991,0.002000000000000002
                11.5,0,-0.002989500000000157,0.002245499999999755,-0.008239999999999728,-0.002049999999999996,-0.002049999999999991,0.002000000000000002
               11.55,0,-0.003092000000000159,0.002142999999999753,-0.008139999999999729,-0.002049999999999996,-0.002049999999999991,0.002000000000000002
                11.6,0,-0.003194500000000158,0.002040499999999754,-0.008039999999999733,-0.002049999999999996,-0.002049999999999991,0.002000000000000002
               11.65,0,-0.00329700000000016,0.001937999999999753,-0.007939999999999734,-0.002049999999999996,-0.002049999999999991,0.002000000000000002
                11.7,0,-0.003399500000000158,0.001835499999999755,-0.007839999999999738,-0.002049999999999996,-0.002049999999999991,0.002000000000000002
               11.75,0,-0.00350200000000016,0.001732999999999754,-0.007739999999999738,-0.002049999999999996,-0.002049999999999991,0.002000000000000002
                11.8,0,-0.003604500000000162,0.001630499999999753,-0.007639999999999739,-0.002049999999999996,-0.002049999999999991,0.002000000000000002
               11.85,0,-0.00370700000000016,0.001527999999999756,-0.007539999999999743,-0.002049999999999996,-0.002049999999999991,0.002000000000000002
                11.9,0,-0.003809500000000162,0.001425499999999755,-0.007439999999999744,-0.002049999999999996,-0.002049999999999991,0.002000000000000002
               11.95,0,-0.00391200000000016,0.001322999999999758,-0.007339999999999748,-0.002049999999999996,-0.002049999999999991,0.002000000000000002
                  12,0,-0.004014500000000162,0.001220499999999757,-0.007239999999999748,-0.002049999999999996,-0.002049999999999991,0.002000000000000002
               12.05,0,-0.004117000000000164,0.001117999999999755,-0.007139999999999749,-0.002049999999999996,-0.002049999999999991,0.002000000000000002
                12.1,0,-0.004219500000000162,0.001015499999999758,-0.007039999999999753,-0.002049999999999996,-0.002049999999999991,0.002000000000000002
               12.15,0,-0.004322000000000164,0.0009129999999997571,-0.006939999999999754,-0.002049999999999996,-0.002049999999999991,0.002000000000000002
                12.2,0,-0.004424500000000163,0.0008104999999997598,-0.006839999999999758,-0.002049999999999996,-0.002049999999999991,0.002000000000000002
               12.25,0,-0.004527000000000165,0.0007079999999997587,-0.006739999999999758,-0.002049999999999996,-0.002049999999999991,0.002000000000000002
                12.3,0,-0.004629500000000166,0.0006054999999997577,-0.006639999999999759,-0.002049999999999996,-0.002049999999999991,0.002000000000000002
               12.35,0,-0.004732000000000165,0.0005029999999997604,-0.006539999999999763,-0.002049999999999996,-0.002049999999999991,0.002000000000000002
                12.4,0,-0.004834500000000167,0.0004004999999997593,-0.006439999999999764,-0.002049999999999996,-0.002049999999999991,0.002000000000000002
               12.45,0,-0.004937000000000165,0.000297999999999762,-0.006339999999999768,-0.002049999999999996,-0.002049999999999991,0.002000000000000002
                12.5,0,-0.005039500000000167,0.000195499999999761,-0.006239999999999768,-0.002049999999999996,-0.002049999999999991,0.002000000000000002
               12.55,0,-0.005142000000000169,9.299999999976002e-05,-0.006139999999999769,-0.002049999999999996,-0.002049999999999991,0.002000000000000002
                12.6,0,-0.005244500000000167,-9.500000000237331e-06,-0.006039999999999773,-0.002049999999999996,-0.002049999999999991,0.002000000000000002
               12.65,0,-0.005347000000000169,-0.0001120000000002383,-0.005939999999999774,-0.002049999999999996,-0.002049999999999991,0.002000000000000002
                12.7,0,-0.005449500000000168,-0.0002145000000002357,-0.005839999999999778,-0.002049999999999996,-0.002049999999999991,0.002000000000000002
               12.75,0,-0.00555200000000017,-0.0003170000000002366,-0.005739999999999778,-0.002049999999999996,-0.002049999999999991,0.002000000000000002
                12.8,0,-0.005654500000000172,-0.0004195000000002377,-0.005639999999999779,-0.002049999999999996,-0.002049999999999991,0.002000000000000002
               12.85,0,-0.00575700000000017,-0.0005220000000002349,-0.005539999999999783,-0.002049999999999996,-0.002049999999999991,0.002000000000000002
                12.9,0,-0.005859500000000172,-0.000624500000000236,-0.005439999999999784,-0.002049999999999996,-0.002049999999999991,0.002000000000000002
               12.95,0,-0.00596200000000017,-0.0007270000000002333,-0.005339999999999788,-0.002049999999999996,-0.002049999999999991,0.002000000000000002
                  13,0,-0.006064500000000172,-0.0008295000000002343,-0.005239999999999788,-0.002049999999999996,-0.002049999999999991,0.002000000000000002
               13.05,0,-0.006167000000000174,-0.0009320000000002354,-0.005139999999999789,-0.002049999999999996,-0.002049999999999991,0.002000000000000002
                13.1,0,-0.006269500000000173,-0.001034500000000233,-0.005039999999999793,-0.002049999999999996,-0.002049999999999991,0.002000000000000002
               13.15,0,-0.006372000000000174,-0.001137000000000234,-0.004939999999999794,-0.002049999999999996,-0.002049999999999991,0.002000000000000002
                13.2,0,-0.006474500000000173,-0.001239500000000231,-0.004839999999999798,-0.002049999999999996,-0.002049999999999991,0.002000000000000002
               13.25,0,-0.006577000000000175,-0.001342000000000232,-0.004739999999999798,-0.002049999999999996,-0.002049999999999991,0.002000000000000002
                13.3,0,-0.006679500000000177,-0.001444500000000233,-0.004639999999999799,-0.002049999999999996,-0.002049999999999991,0.002000000000000002
               13.35,0,-0.006782000000000175,-0.00154700000000023,-0.004539999999999803,-0.002049999999999996,-0.002049999999999991,0.002000000000000002
                13.4,0,-0.006884500000000177,-0.001649500000000232,-0.004439999999999803,-0.002049999999999996,-0.002049999999999991,0.002000000000000002
               13.45,0,-0.006987000000000175,-0.001752000000000229,-0.004339999999999808,-0.002049999999999996,-0.002049999999999991,0.002000000000000002
                13.5,0,-0.007089500000000177,-0.00185450000000023,-0.004239999999999808,-0.002049999999999996,-0.002049999999999991,0.002000000000000002
               13.55,0,-0.007192000000000179,-0.001957000000000231,-0.004139999999999809,-0.002049999999999996,-0.002049999999999991,0.002000000000000002
                13.6,0,-0.007294500000000178,-0.002059500000000229,-0.004039999999999813,-0.002049999999999996,-0.002049999999999991,0.002000000000000002
               13.65,0,-0.007397000000000179,-0.002162000000000231,-0.003939999999999813,-0.002049999999999996,-0.002049999999999991,0.002000000000000002
                13.7,0,-0.007499500000000178,-0.002264500000000229,-0.003839999999999816,-0.002049999999999996,-0.002049999999999991,0.002000000000000002
               13.75,0,-0.00760200000000018,-0.002367000000000231,-0.003739999999999814,-0.002049999999999996,-0.002049999999999991,0.002000000000000002
                13.8,0,-0.007704500000000182,-0.002469500000000233,-0.003639999999999812,-0.002049999999999996,-0.002049999999999991,0.002000000000000002
               13.85,0,-0.00780700000000018,-0.002572000000000232,-0.003539999999999814,-0.002049999999999996,-0.002049999999999991,0.002000000000000002
                13.9,0,-0.007909500000000182,-0.002674500000000234,-0.003439999999999812,-0.002049999999999996,-0.002049999999999991,0.002000000000000002
               13.95,0,-0.00801200000000018,-0.002777000000000232,-0.003339999999999814,-0.002049999999999996,-0.002049999999999991,0.002000000000000002
                  14,0,-0.008114500000000182,-0.002879500000000234,-0.003239999999999812,-0.002049999999999996,-0.002049999999999991,0.002000000000000002
               14.05,0,-0.008217000000000184,-0.002982000000000236,-0.00313999999999981,-0.002049999999999996,-0.002049999999999991,0.002000000000000002
                14.1,0,-0.008319500000000183,-0.003084500000000234,-0.003039999999999812,-0.002049999999999996,-0.002049999999999991,0.002000000000000002
               14.15,0,-0.008422000000000185,-0.003187000000000236,-0.00293999999999981,-0.002049999999999996,-0.002049999999999991,0.002000000000000002
                14.2,0,-0.008524500000000183,-0.003289500000000235,-0.002839999999999811,-0.002049999999999996,-0.002049999999999991,0.002000000000000002
               14.25,0,-0.008627000000000185,-0.003392000000000236,-0.002739999999999809,-0.002049999999999996,-0.002049999999999991,0.002000000000000002
                14.3,0,-0.008729500000000187,-0.003494500000000238,-0.002639999999999807,-0.002049999999999996,-0.002049999999999991,0.002000000000000002
               14.35,0,-0.008832000000000185,-0.003597000000000237,-0.002539999999999809,-0.002049999999999996,-0.002049999999999991,0.002000000000000002
                14.4,0,-0.008934500000000187,-0.003699500000000239,-0.002439999999999807,-0.002049999999999996,-0.002049999999999991,0.002000000000000002
               14.45,0,-0.009037000000000186,-0.003802000000000237,-0.002339999999999809,-0.002049999999999996,-0.002049999999999991,0.002000000000000002
                14.5,0,-0.009139500000000187,-0.003904500000000239,-0.002239999999999807,-0.002049999999999996,-0.002049999999999991,0.002000000000000002
               14.55,0,-0.009242000000000189,-0.00400700000000024,-0.002139999999999805,-0.002049999999999996,-0.002049999999999991,0.002000000000000002
                14.6,0,-0.009344500000000188,-0.004109500000000239,-0.002039999999999807,-0.002049999999999996,-0.002049999999999991,0.002000000000000002
               14.65,0,-0.00944700000000019,-0.004212000000000241,-0.001939999999999805,-0.002049999999999996,-0.002049999999999991,0.002000000000000002
                14.7,0,-0.009549500000000188,-0.004314500000000239,-0.001839999999999807,-0.002049999999999996,-0.002049999999999991,0.002000000000000002
               14.75,0,-0.00965200000000019,-0.004417000000000241,-0.001739999999999806,-0.002049999999999996,-0.002049999999999991,0.002000000000000002
                14.8,0,-0.009754500000000192,-0.004519500000000243,-0.001639999999999804,-0.002049999999999996,-0.002049999999999991,0.002000000000000002
               14.85,0,-0.009854500000000189,-0.004622000000000241,-0.001539999999999806,-0.001799999999999992,-0.002049999999999991,0.002000000000000002
                14.9,0,-0.00993325000000019,-0.004724500000000243,-0.001439999999999804,-0.001299999999999985,-0.002049999999999991,0.002000000000000002
               14.95,0,-0.009987000000000188,-0.004827000000000242,-0.001339999999999806,-0.0007999999999999958,-0.002049999999999991,0.002000000000000002
                  15,0,-0.01001575000000019,-0.004929500000000244,-0.001239999999999805,-0.0002999999999999886,-0.002049999999999991,0.002000000000000002
               15.05,0,-0.01001950000000019,-0.005032000000000245,-0.001139999999999803,0.0002000000000000185,-0.002049999999999991,0.002000000000000002
                15.1,0,-0.009998250000000186,-0.005134500000000244,-0.001039999999999805,0.0007000000000000078,-0.002049999999999991,0.002000000000000002
               15.15,0,-0.009952000000000186,-0.005237000000000246,-0.0009399999999998034,0.001200000000000015,-0.002049999999999991,0.002000000000000002
                15.2,0,-0.009880750000000186,-0.005339500000000244,-0.0008399999999998053,0.001700000000000004,-0.002049999999999991,0.002000000000000002
               15.25,0,-0.009786000000000185,-0.005442000000000246,-0.0007399999999998037,0.002000000000000016,-0.002049999999999991,0.002000000000000002
                15.3,0,-0.009686000000000186,-0.005544500000000248,-0.0006399999999998022,0.002000000000000016,-0.002049999999999991,0.002000000000000002
               15.35,0,-0.00958600000000019,-0.005647000000000246,-0.0005399999999998041,0.002000000000000016,-0.002049999999999991,0.002000000000000002
                15.4,0,-0.00948600000000019,-0.005749500000000248,-0.0004399999999998025,0.002000000000000016,-0.002049999999999991,0.002000000000000002
               15.45,0,-0.009386000000000195,-0.005852000000000247,-0.0003399999999998044,0.002000000000000016,-0.002049999999999991,0.002000000000000002
                15.5,0,-0.009286000000000195,-0.005954500000000249,-0.0002399999999998027,0.002000000000000016,-0.002049999999999991,0.002000000000000002
               15.55,0,-0.009186000000000196,-0.006057000000000251,-0.0001399999999998012,0.002000000000000016,-0.002049999999999991,0.002000000000000002
                15.6,0, -0.0090860000000002,-0.006159500000000249,-3.999999999980327e-05,0.002000000000000016,-0.002049999999999991,0.002000000000000002
               15.65,0, -0.0089860000000002,-0.006262000000000251,6.000000000019827e-05,0.002000000000000016,-0.002049999999999991,0.002000000000000002
                15.7,0,-0.008886000000000204,-0.006364500000000249,0.0001600000000001962,0.002000000000000016,-0.002049999999999991,0.002000000000000002
               15.75,0,-0.008786000000000205,-0.006467000000000251,0.0002600000000001978,0.002000000000000016,-0.002049999999999991,0.002000000000000002
                15.8,0,-0.008686000000000206,-0.006569500000000253,0.0003600000000001995,0.002000000000000016,-0.002049999999999991,0.002000000000000002
               15.85,0,-0.00858600000000021,-0.006672000000000252,0.0004600000000001976,0.002000000000000016,-0.002049999999999991,0.002000000000000002
                15.9,0,-0.00848600000000021,-0.006774500000000253,0.0005600000000001991,0.002000000000000016,-0.002049999999999991,0.002000000000000002
               15.95,0,-0.008386000000000214,-0.006877000000000252,0.0006600000000001972,0.002000000000000016,-0.002049999999999991,0.002000000000000002
                  16,0,-0.008286000000000215,-0.006979500000000254,0.0007600000000001988,0.002000000000000016,-0.002049999999999991,0.002000000000000002
               16.05,0,-0.008186000000000216,-0.007082000000000256,0.0008600000000002007,0.002000000000000016,-0.002049999999999991,0.002000000000000002
                16.1,0,-0.008086000000000216,-0.007184500000000258,0.0009600000000002026,0.002000000000000016,-0.002049999999999991,0.002000000000000002
               16.15,0,-0.007986000000000224,-0.007287000000000252,0.001060000000000198,0.002000000000000016,-0.002049999999999991,0.002000000000000002
                16.2,0,-0.007886000000000224,-0.007389500000000254,  0.0011600000000002,0.002000000000000016,-0.002049999999999991,0.002000000000000002
               16.25,0,-0.007786000000000225,-0.007492000000000256,0.001260000000000202,0.002000000000000016,-0.002049999999999991,0.002000000000000002
                16.3,0,-0.007686000000000226,-0.007594500000000258,0.001360000000000204,0.002000000000000016,-0.002049999999999991,0.002000000000000002
               16.35,0,-0.007586000000000226,-0.00769700000000026,0.001460000000000206,0.002000000000000016,-0.002049999999999991,0.002000000000000002
                16.4,0,-0.007486000000000234,-0.007799500000000255,0.001560000000000201,0.002000000000000016,-0.002049999999999991,0.002000000000000002
               16.45,0,-0.007386000000000234,-0.007902000000000256,0.001660000000000204,0.002000000000000016,-0.002049999999999991,0.002000000000000002
                16.5,0,-0.007286000000000235,-0.008004500000000258,0.001760000000000206,0.002000000000000016,-0.002049999999999991,0.002000000000000002
               16.55,0,-0.007186000000000236,-0.00810700000000026,0.001860000000000208,0.002000000000000016,-0.002049999999999991,0.002000000000000002
                16.6,0,-0.007086000000000236,-0.008209500000000262, 0.00196000000000021,0.002000000000000016,-0.002049999999999991,0.002000000000000002
               16.65,0,-0.006986000000000244,-0.008312000000000257,0.002060000000000204,0.002000000000000016,-0.002049999999999991,0.002000000000000002
                16.7,0,-0.006886000000000244,-0.008414500000000259,0.002160000000000204,0.002000000000000016,-0.002049999999999991,0.002000000000000002
               16.75,0,-0.006786000000000245,-0.00851700000000026,0.002260000000000205,0.002000000000000016,-0.002049999999999991,0.002000000000000002
                16.8,0,-0.006686000000000246,-0.008619500000000262,0.002360000000000206,0.002000000000000016,-0.002049999999999991,0.002000000000000002
               16.85,0,-0.006586000000000246,-0.008722000000000264,0.002460000000000206,0.002000000000000016,-0.002049999999999991,0.002000000000000002
                16.9,0,-0.006486000000000254,-0.008824500000000259,  0.0025600000000002,0.002000000000000016,-0.002049999999999991,0.002000000000000002
               16.95,0,-0.006386000000000254,-0.008927000000000261,  0.0026600000000002,0.002000000000000016,-0.002049999999999991,0.002000000000000002
                  17,0,-0.006286000000000255,-0.009029500000000263,0.002760000000000201,0.002000000000000016,-0.002049999999999991,0.002000000000000002
               17.05,0,-0.006186000000000256,-0.009132000000000265,0.002860000000000202,0.002000000000000016,-0.002049999999999991,0.002000000000000002
                17.1,0,-0.006086000000000256,-0.009234500000000267,0.002960000000000202,0.002000000000000016,-0.002049999999999991,0.002000000000000002
               17.15,0,-0.005986000000000264,-0.009337000000000262,0.003060000000000196,0.002000000000000016,-0.002049999999999991,0.002000000000000002
                17.2,0,-0.005886000000000264,-0.009439500000000264,0.003160000000000197,0.002000000000000016,-0.002049999999999991,0.002000000000000002
               17.25,0,-0.005786000000000265,-0.009542000000000266,0.003260000000000197,0.002000000000000016,-0.002049999999999991,0.002000000000000002
                17.3,0,-0.005686000000000265,-0.009644500000000267,0.003360000000000198,0.002000000000000016,-0.002049999999999991,0.002000000000000002
               17.35,0,-0.005586000000000266,-0.009747000000000269,0.003460000000000199,0.002000000000000016,-0.002049999999999991,0.002000000000000002
                17.4,0,-0.005486000000000274,-0.009848000000000263,0.003560000000000192,0.002000000000000016,-0.001849999999999994,0.002000000000000002
               17.45,0,-0.005386000000000274,-0.009929250000000264,0.003660000000000193,0.002000000000000016,-0.001349999999999987,0.002000000000000002
                17.5,0,-0.005286000000000275,-0.009985500000000265,0.003760000000000193,0.002000000000000016,-0.0008499999999999794,0.002000000000000002
               17.55,0,-0.005186000000000275,-0.01001675000000027,0.003860000000000194,0.002000000000000016,-0.0003499999999999722,0.002000000000000002
                17.6,0,-0.005086000000000276,-0.01002300000000026,0.003960000000000194,0.002000000000000016,0.0001500000000000349,0.002000000000000002
               17.65,0,-0.004986000000000284,-0.01000425000000026,0.004060000000000187,0.002000000000000016,0.0006500000000000065,0.002000000000000002
                17.7,0,-0.004886000000000284,-0.009960500000000264,0.004160000000000186,0.002000000000000016,0.001150000000000014,0.002000000000000002
               17.75,0,-0.004786000000000285,-0.009891750000000261,0.004260000000000186,0.002000000000000016,0.001650000000000021,0.002000000000000002
                17.8,0,-0.004686000000000285,-0.00979875000000026,0.004360000000000185,0.002000000000000016,0.002000000000000023,0.002000000000000002
               17.85,0,-0.004586000000000286,-0.009698750000000261,0.004460000000000184,0.002000000000000016,0.002000000000000023,0.002000000000000002
                17.9,0,-0.004486000000000294,-0.009598750000000269,0.004560000000000177,0.002000000000000016,0.002000000000000023,0.002000000000000002
               17.95,0,-0.004386000000000294,-0.009498750000000269,0.004660000000000176,0.002000000000000016,0.002000000000000023,0.002000000000000002
                  18,0,-0.004286000000000295,-0.00939875000000027,0.004760000000000176,0.002000000000000016,0.002000000000000023,0.002000000000000002
               18.05,0,-0.004186000000000295,-0.00929875000000027,0.004860000000000175,0.002000000000000016,0.002000000000000023,0.002000000000000002
                18.1,0,-0.004086000000000296,-0.009198750000000271,0.004960000000000174,0.002000000000000016,0.002000000000000023,0.002000000000000002
               18.15,0,-0.003986000000000304,-0.009098750000000278,0.005060000000000167,0.002000000000000016,0.002000000000000023,0.002000000000000002
                18.2,0,-0.003886000000000303,-0.008998750000000279,0.005160000000000166,0.002000000000000016,0.002000000000000023,0.002000000000000002
               18.25,0,-0.003786000000000299,-0.00889875000000028,0.005260000000000166,0.002000000000000016,0.002000000000000023,0.002000000000000002
                18.3,0,-0.003686000000000295,-0.00879875000000028,0.005360000000000165,0.002000000000000016,0.002000000000000023,0.002000000000000002
               18.35,0,-0.003586000000000292,-0.008698750000000281,0.005460000000000164,0.002000000000000016,0.002000000000000023,0.002000000000000002
                18.4,0,-0.003486000000000295,-0.008598750000000288,0.005560000000000157,0.002000000000000016,0.002000000000000023,0.002000000000000002
               18.45,0,-0.003386000000000291,-0.008498750000000289,0.005660000000000156,0.002000000000000016,0.002000000000000023,0.002000000000000002
                18.5,0,-0.003286000000000287,-0.00839875000000029,0.005760000000000156,0.002000000000000016,0.002000000000000023,0.002000000000000002
               18.55,0,-0.003186000000000284,-0.00829875000000029,0.005860000000000155,0.002000000000000016,0.002000000000000023,0.002000000000000002
                18.6,0,-0.00308600000000028,-0.008198750000000291,0.005960000000000154,0.002000000000000016,0.002000000000000023,0.002000000000000002
               18.65,0,-0.002986000000000283,-0.008098750000000298,0.006060000000000147,0.002000000000000016,0.002000000000000023,0.002000000000000002
                18.7,0,-0.002886000000000279,-0.007998750000000299,0.006160000000000146,0.002000000000000016,0.002000000000000023,0.002000000000000002
               18.75,0,-0.002786000000000276, -0.0078987500000003,0.006260000000000146,0.002000000000000016,0.002000000000000023,0.002000000000000002
                18.8,0,-0.002686000000000272, -0.0077987500000003,0.006360000000000145,0.002000000000000016,0.002000000000000023,0.002000000000000002
               18.85,0,-0.002586000000000268,-0.007698750000000301,0.006460000000000144,0.002000000000000016,0.002000000000000023,0.002000000000000002
                18.9,0,-0.002486000000000271,-0.007598750000000308,0.006560000000000137,0.002000000000000016,0.002000000000000023,0.002000000000000002
               18.95,0,-0.002386000000000268,-0.007498750000000309,0.006660000000000136,0.002000000000000016,0.002000000000000023,0.002000000000000002
                  19,0,-0.002286000000000264,-0.00739875000000031,0.006760000000000136,0.002000000000000016,0.002000000000000023,0.002000000000000002
               19.05,0,-0.00218600000000026,-0.00729875000000031,0.006860000000000135,0.002000000000000016,0.002000000000000023,0.002000000000000002
                19.1,0,-0.002086000000000256,-0.007198750000000311,0.006960000000000134,0.002000000000000016,0.002000000000000023,0.002000000000000002
               19.15,0,-0.00198600000000026,-0.007098750000000318,0.007060000000000127,0.002000000000000016,0.002000000000000023,0.002000000000000002
                19.2,0,-0.001886000000000257,-0.006998750000000319,0.007160000000000126,0.002000000000000016,0.002000000000000023,0.002000000000000002
               19.25,0,-0.001786000000000255,-0.00689875000000032,0.007260000000000126,0.002000000000000016,0.002000000000000023,0.002000000000000002
                19.3,0,-0.001686000000000253,-0.00679875000000032,0.007360000000000125,0.002000000000000016,0.002000000000000023,0.002000000000000002
               19.35,0,-0.00158600000000025,-0.006698750000000321,0.007460000000000125,0.002000000000000016,0.002000000000000023,0.002000000000000002
                19.4,0,-0.001486000000000255,-0.006598750000000328,0.007560000000000117,0.002000000000000016,0.002000000000000023,0.002000000000000002
               19.45,0,-0.001386000000000253,-0.006498750000000329,0.007660000000000116,0.002000000000000016,0.002000000000000023,0.002000000000000002
                19.5,0,-0.001286000000000251,-0.00639875000000033,0.007760000000000116,0.002000000000000016,0.002000000000000023,0.002000000000000002
               19.55,0,-0.001186000000000249,-0.00629875000000033,0.007860000000000115,0.002000000000000016,0.002000000000000023,0.002000000000000002
                19.6,0,-0.001086000000000246,-0.006198750000000331,0.007960000000000115,0.002000000000000016,0.002000000000000023,0.002000000000000002
               19.65,0,-0.0009860000000002514,-0.006098750000000338,0.008060000000000107,0.002000000000000016,0.002000000000000023,0.002000000000000002
                19.7,0,-0.0008860000000002492,-0.005998750000000339,0.008160000000000106,0.002000000000000016,0.002000000000000023,0.002000000000000002
               19.75,0,-0.000786000000000247,-0.005898750000000339,0.008260000000000106,0.002000000000000016,0.002000000000000023,0.002000000000000002
                19.8,0,-0.0006860000000002448,-0.00579875000000034,0.008360000000000105,0.002000000000000016,0.002000000000000023,0.002000000000000002
               19.85,0,-0.0005860000000002426,-0.005698750000000341,0.008460000000000105,0.002000000000000016,0.002000000000000023,0.002000000000000002
                19.9,0,-0.0004860000000002475,-0.005598750000000348,0.008560000000000097,0.002000000000000016,0.002000000000000023,0.002000000000000002
               19.95,0,-0.0003860000000002455,-0.005498750000000349,0.008660000000000096,0.002000000000000016,0.002000000000000023,0.002000000000000002
                  20,0,                   0,                   0,                   0, 0.00197113248654054,0.001971132486540547,0.001971132486540527
               20.05,0,                   0,                   0,                   0,0.001682457351945722,0.001682457351945729, 0.00168245735194571
                20.1,0,                   0,                   0,                   0,0.001393782217350904, 0.00139378221735091,0.001393782217350894
               20.15,0,                   0,                   0,                   0,0.001105107082756106,0.001105107082756111,0.001105107082756099
                20.2,0,                   0,                   0,                   0,0.0008164319481612889,0.0008164319481612924,0.0008164319481612836
               20.25,0,                   0,                   0,                   0,0.0005277568135664715,0.0005277568135664737,0.000527756813566468
                20.3,0,                   0,                   0,                   0,0.0002390816789716542,0.0002390816789716553,0.0002390816789716527
               20.35,0,                   0,                   0,                   0,0.0001139978735966936,-3.572438380899459e-06,3.301677831304326e-06
                20.4,0,                   0,                   0,                   0,0.0006135432720514469,-1.922707384151419e-05,1.776982461133324e-05
               20.45,0,                   0,                   0,                   0,0.001113088670506236,-3.488170930213003e-05,3.22379713913632e-05
                20.5,0,                   0,                   0,                   0,0.001612634068961026,-5.053634476274588e-05,4.670611817139315e-05
               20.55,0,                   0,                   0,                   0,0.002112179467415815,-6.619098022336175e-05,6.117426495142311e-05
                20.6,0,                   0,                   0,                   0,0.002611724865870605,-8.184561568397762e-05,7.56424117314531e-05
               20.65,0,                   0,                   0,                   0, 0.00311127026432536,-9.750025114459237e-05,9.011055851148205e-05
                20.7,0,                   0,                   0,                   0, 0.00361081566278015,-0.0001131548866052083,0.000104578705291512
               20.75,0,                   0,                   0,                   0, 0.00411036106123494,-0.0001288095220658241,0.000119046852071542
                20.8,0,                   0,                   0,                   0,0.004609906459689729,-0.00014446415752644,0.000133514998851572
               20.85,0,                   0,                   0,                   0, 0.00510945185814452,-0.0001601187929870559,0.000147983145631602
                20.9,0,                   0,                   0,                   0,0.005608997256599274,-0.0001757734284476706,0.0001624512924116309
               20.95,0,                   0,                   0,                   0,0.006108542655054065,-0.0001914280639082865,0.0001769194391916609
                  21,0,                   0,                   0,                   0,0.006608088053508854,-0.0002070826993689024,0.0001913875859716908
               21.05,0,                   0,                   0,                   0,0.007107633451963645,-0.0002227373348295183,0.0002058557327517208
                21.1,0,                   0,                   0,                   0,0.007607178850418434,-0.0002383919702901341,0.0002203238795317508
               21.15,0,                   0,                   0,                   0,0.008106724248873185,-0.0002540466057507487,0.0002347920263117796
                21.2,0,                   0,                   0,                   0,0.008606269647327969,-0.0002697012412113644,0.0002492601730918094
               21.25,0,                   0,                   0,                   0,0.009105815045782752,-0.0002853558766719801,0.0002637283198718392
                21.3,0,                   0,                   0,                   0,0.009605360444237536,-0.0003010105121325958,0.000278196466651869
               21.35,0,                   0,                   0,                   0, 0.01010490584269232,-0.0003166651475932115,0.0002926646134318989
                21.4,0,                   0,                   0,                   0, 0.01060445124114707,-0.000332319783053826,0.0003071327602119276
               21.45,0,                   0,                   0,                   0, 0.01110399663960185,-0.0003479744185144417,0.0003216009069919574
                21.5,0,                   0,                   0,                   0, 0.01160354203805664,-0.0003636290539750574,0.0003360690537719872
               21.55,0,                   0,                   0,                   0, 0.01210308743651142,-0.0003792836894356731,0.000350537200552017
                21.6,0,                   0,                   0,                   0,  0.0126026328349662,-0.0003949383248962888,0.0003650053473320468
               21.65,0,                   0,                   0,                   0, 0.01310217823342095,-0.0004105929603569033,0.0003794734941120755
                21.7,0,                   0,                   0,                   0, 0.01360172363187574,-0.000426247595817519,0.0003939416408921053
               21.75,0,                   0,                   0,                   0, 0.01410126903033052,-0.0004419022312781346,0.0004084097876721351
                21.8,0,                   0,                   0,                   0,  0.0146008144287853,-0.0004575568667387503,0.0004228779344521649
               21.85,0,                   0,                   0,                   0, 0.01510035982724009,-0.000473211502199366,0.0004373460812321947
                21.9,0,                   0,                   0,                   0, 0.01559990522569484,-0.0004888661376599805,0.0004518142280122235
               21.95,0,                   0,                   0,                   0, 0.01609945062414963,-0.0005045207731205967,0.0004662823747922536
                  22,0,                   0,                   0,                   0, 0.01659899602260443,-0.0005201754085812127,0.0004807505215722838
               22.05,0,                   0,                   0,                   0, 0.01709854142105922,-0.0005358300440418287,0.000495218668352314
                22.1,0,                   0,                   0,                   0, 0.01759808681951402,-0.0005514846795024449,0.0005096868151323441
               22.15,0,                   0,                   0,                   0, 0.01809763221796878,-0.0005671393149630598,0.0005241549619123732
                22.2,0,                   0,                   0,                   0, 0.01859717761642358,-0.0005827939504236759,0.0005386231086924034
               22.25,0,                   0,                   0,                   0, 0.01909672301487837,-0.0005984485858842919,0.0005530912554724336
                22.3,0,                   0,                   0,                   0, 0.01959626841333317,-0.000614103221344908,0.0005675594022524637
               22.35,0,                   0,                   0,                   0, 0.02009581381178796,-0.0006297578568055241,0.0005820275490324939
                22.4,0,                   0,                   0,                   0, 0.02059535921024273,-0.000645412492266139,0.000596495695812523
               22.45,0,                   0,                   0,                   0, 0.02109490460869752,-0.0006610671277267551,0.0006109638425925532
                22.5,0,                   0,                   0,                   0, 0.02159445000715232,-0.0006767217631873712,0.0006254319893725833
               22.55,0,                   0,                   0,                   0, 0.02209399540560712,-0.0006923763986479872,0.0006399001361526135
                22.6,0,                   0,                   0,                   0, 0.02259354080406191,-0.0007080310341086033,0.0006543682829326436
               22.65,0,                   0,                   0,                   0, 0.02309308620251667,-0.0007236856695692183,0.0006688364297126728
                22.7,0,                   0,                   0,                   0, 0.02359263160097147,-0.0007393403050298343,0.0006833045764927029
               22.75,0,                   0,                   0,                   0, 0.02409217699942626,-0.0007549949404904504,0.0006977727232727331
                22.8,0,                   0,                   0,                   0, 0.02459172239788106,-0.0007706495759510664,0.0007122408700527632
               22.85,0,                   0,                   0,                   0, 0.02509126779633586,-0.0007863042114116826,0.0007267090168327934
                22.9,0,                   0,                   0,                   0, 0.02559081319479062,-0.0008019588468722975,0.0007411771636128225
               22.95,0,                   0,                   0,                   0, 0.02609035859324542,-0.0008176134823329135,0.0007556453103928527
                  23,0,                   0,                   0,                   0, 0.02658990399170021,-0.0008332681177935297,0.0007701134571728828
               23.05,0,                   0,                   0,                   0, 0.02708944939015501,-0.0008489227532541457,0.000784581603952913
                23.1,0,                   0,                   0,                   0,  0.0275889947886098,-0.0008645773887147617,0.0007990497507329432
               23.15,0,                   0,                   0,                   0, 0.02808854018706456,-0.0008802320241753768,0.0008135178975129723
                23.2,0,                   0,                   0,                   0, 0.02858808558551936,-0.0008958866596359928,0.0008279860442930024
               23.25,0,                   0,                   0,                   0, 0.02908763098397416,-0.0009115412950966089,0.0008424541910730326
                23.3,0,                   0,                   0,                   0, 0.02958717638242895,-0.0009271959305572249,0.0008569223378530628
               23.35,0,                   0,                   0,                   0, 0.03008672178088375,-0.000942850566017841,0.0008713904846330929
                23.4,0,                   0,                   0,                   0, 0.03058626717933851,-0.000958505201478456,0.000885858631413122
               23.45,0,                   0,                   0,                   0, 0.03108581257779331,-0.000974159836939072,0.0009003267781931522
                23.5,0,                   0,                   0,                   0, 0.03158535797624808,-0.0009898144723996874,0.0009147949249731816
               23.55,0,                   0,                   0,                   0, 0.03208490337470284,-0.001005469107860302,0.0009292630717532107
                23.6,0,                   0,                   0,                   0,  0.0325844487731576,-0.001021123743320917, 0.00094373121853324
               23.65,0,                   0,                   0,                   0, 0.03308399417161233,-0.001036778378781531,0.0009581993653132681
                23.7,0,                   0,                   0,                   0, 0.03358353957006709,-0.001052433014242146,0.0009726675120932972
               23.75,0,                   0,                   0,                   0, 0.03408308496852185,-0.001068087649702761,0.0009871356588733264
                23.8,0,                   0,                   0,                   0, 0.03458263036697661,-0.001083742285163376,0.001001603805653355
               23.85,0,                   0,                   0,                   0, 0.03508217576543137,-0.001099396920623991,0.001016071952433385
                23.9,0,                   0,                   0,                   0,  0.0355817211638861,-0.001115051556084605,0.001030540099213413
               23.95,0,                   0,                   0,                   0, 0.03608126656234086,-0.00113070619154522,0.001045008245993442
                  24,0,                   0,                   0,                   0, 0.03658081196079562,-0.001146360827005835,0.001059476392773471
               24.05,0,                   0,                   0,                   0, 0.03708035735925039,-0.00116201546246645,  0.0010739445395535
                24.1,0,                   0,                   0,                   0, 0.03757990275770515,-0.001177670097927065,0.001088412686333529
               24.15,0,                   0,                   0,                   0, 0.03807944815615987,-0.001193324733387679,0.001102880833113558
                24.2,0,                   0,                   0,                   0, 0.03857899355461464,-0.001208979368848294,0.001117348979893587
               24.25,0,                   0,                   0,                   0,  0.0390785389530694,-0.001224634004308909,0.001131817126673616
                24.3,0,                   0,                   0,                   0, 0.03957808435152416,-0.001240288639769524,0.001146285273453645
               24.35,0,                   0,                   0,                   0, 0.04007762974997892,-0.001255943275230139,0.001160753420233674
                24.4,0,                   0,                   0,                   0, 0.04057717514843365,-0.001271597910690753,0.001175221567013702
               24.45,0,                   0,                   0,                   0, 0.04107672054688841,-0.001287252546151368,0.001189689713793731
                24.5,0,                   0,                   0,                   0, 0.04157626594534317,-0.001302907181611982,0.001204157860573761
               24.55,0,                   0,                   0,                   0, 0.04207581134379793,-0.001318561817072598, 0.00121862600735379
                24.6,0,                   0,                   0,                   0, 0.04257535674225269,-0.001334216452533213,0.001233094154133819
               24.65,0,                   0,                   0,                   0, 0.04307490214070742,-0.001349871087993826,0.001247562300913847
                24.7,0,                   0,                   0,                   0, 0.04357444753916218,-0.001365525723454441,0.001262030447693876
               24.75,0,                   0,                   0,                   0, 0.04407399293761694,-0.001381180358915056,0.001276498594473905
                24.8,0,                   0,                   0,                   0,  0.0445735383360717,-0.001396834994375671,0.001290966741253934
               24.85,0,                   0,                   0,                   0, 0.04507308373452647,-0.001412489629836286,0.001305434888033964
                24.9,0,                   0,                   0,                   0, 0.04557262913298119, -0.0014281442652969,0.001319903034813992
               24.95,0,                   0,                   0,                   0, 0.04607217453143595,-0.001443798900757515,0.001334371181594021
                  25,0,                   0,                   0,                   0, 0.04657171992989071,-0.00145945353621813, 0.00134883932837405
               25.05,0,                   0,                   0,                   0, 0.04707126532834548,-0.001475108171678745,0.001363307475154079
                25.1,0,                   0,                   0,                   0, 0.04757081072680024,-0.00149076280713936,0.001377775621934108
               25.15,0,                   0,                   0,                   0, 0.04807035612525496,-0.001506417442599974,0.001392243768714136
                25.2,0,                   0,                   0,                   0, 0.04856990152370973,-0.001522072078060589,0.001406711915494166
               25.25,0,                   0,                   0,                   0, 0.04906944692216449,-0.001537726713521204,0.001421180062274195
                25.3,0,                   0,                   0,                   0, 0.04956899232061925,-0.001553381348981819,0.001435648209054224
               25.35,0,                   0,                   0,                   0, 0.05006853771907401,-0.001569035984442434,0.001450116355834253
                25.4,0,                   0,                   0,                   0, 0.05056808311752874,-0.001584690619903048,0.001464584502614281
               25.45,0,                   0,                   0,                   0,  0.0510676285159835,-0.001600345255363663, 0.00147905264939431
                25.5,0,                   0,                   0,                   0, 0.05156717391443826,-0.001615999890824278,0.001493520796174339
               25.55,0,                   0,                   0,                   0, 0.05206671931289302,-0.001631654526284893,0.001507988942954369
                25.6,0,                   0,                   0,                   0, 0.05256626471134778,-0.001647309161745508,0.001522457089734398
               25.65,0,                   0,                   0,                   0, 0.05306581010980251,-0.001662963797206122,0.001536925236514426
                25.7,0,                   0,                   0,                   0, 0.05356535550825727,-0.001678618432666737,0.001551393383294455
               25.75,0,                   0,                   0,                   0, 0.05406490090671203,-0.001694273068127351,0.001565861530074484
                25.8,0,                   0,                   0,                   0, 0.05456444630516679,-0.001709927703587967,0.001580329676854514
               25.85,0,                   0,                   0,                   0, 0.05506399170362156,-0.001725582339048582,0.001594797823634543
                25.9,0,                   0,                   0,                   0, 0.05556353710207628,-0.001741236974509195,0.001609265970414571
               25.95,0,                   0,                   0,                   0, 0.05606308250053104,-0.00175689160996981,  0.0016237341171946
                  26,0,                   0,                   0,                   0, 0.05656262789898581,-0.001772546245430425,0.001638202263974629
               26.05,0,                   0,                   0,                   0, 0.05706217329744057,-0.00178820088089104,0.001652670410754658
                26.1,0,                   0,                   0,                   0, 0.05756171869589533,-0.001803855516351655,0.001667138557534687
               26.15,0,                   0,                   0,                   0, 0.05806126409435006,-0.001819510151812269,0.001681606704314715
                26.2,0,                   0,                   0,                   0, 0.05856080949280482,-0.001835164787272884,0.001696074851094745
               26.25,0,                   0,                   0,                   0, 0.05906035489125958,-0.001850819422733499,0.001710542997874774
                26.3,0,                   0,                   0,                   0, 0.05955990028971433,-0.001866474058194114,0.001725011144654803
               26.35,0,                   0,                   0,                   0,  0.0600594456881691,-0.001882128693654729,0.001739479291434832
                26.4,0,                   0,                   0,                   0, 0.06055899108662383,-0.001897783329115343, 0.00175394743821486
               26.45,0,                   0,                   0,                   0, 0.06105853648507858,-0.001913437964575958,0.001768415584994889
                26.5,0,                   0,                   0,                   0, 0.06155808188353335,-0.001929092600036573,0.001782883731774919
               26.55,0,                   0,                   0,                   0, 0.06205762728198811,-0.001944747235497188,0.001797351878554948
                26.6,0,                   0,                   0,                   0, 0.06255717268044289,-0.001960401870957803,0.001811820025334977
               26.65,0,                   0,                   0,                   0, 0.06305671807889766,-0.001976056506418419,0.001826288172115007
                26.7,0,                   0,                   0,                   0, 0.06355626347735248,-0.001991711141879036,0.001840756318895038
               26.75,0,                   0,                   0,                   0, 0.06405580887580729,-0.002007365777339652,0.001855224465675068
                26.8,0,                   0,                   0,                   0, 0.06455535427426209,-0.002023020412800268,0.001869692612455099
               26.85,0,                   0,                   0,                   0, 0.06505489967271691,-0.002038675048260885,0.001884160759235129
                26.9,0,                   0,                   0,                   0,  0.0655544450711717,-0.002054329683721501,0.001898628906015159
               26.95,0,                   0,                   0,                   0,  0.0660539904696265,-0.002069984319182117, 0.00191309705279519
                  27,0,                   0,                   0,                   0, 0.06655353586808131,-0.002085638954642734, 0.00192756519957522
               27.05,0,                   0,                   0,                   0, 0.06705308126653611,-0.00210129359010335,0.001942033346355251
                27.1,0,                   0,                   0,                   0, 0.06755262666499093,-0.002116948225563966,0.001956501493135281
               27.15,0,                   0,                   0,                   0, 0.06805217206344572,-0.002132602861024582,0.001970969639915311
                27.2,0,                   0,                   0,                   0, 0.06855171746190052,-0.002148257496485199,0.001985437786695341
               27.25,0,                   0,                   0,                   0, 0.06905126286035533,-0.002163912131945815,0.001999905933475372
                27.3,0,                   0,                   0,                   0, 0.06955080825881015,-0.002179566767406432,0.002014374080255402
               27.35,0,                   0,                   0,                   0, 0.07005035365726495,-0.002195221402867048,0.002028842227035433
                27.4,0,                   0,                   0,                   0, 0.07054989905571973,-0.002210876038327664,0.002043310373815463
               27.45,0,                   0,                   0,                   0, 0.07104944445417455,-0.00222653067378828,0.002057778520595493
                27.5,0,                   0,                   0,                   0, 0.07154898985262935,-0.002242185309248897,0.002072246667375524
               27.55,0,                   0,                   0,                   0, 0.07204853525108416,-0.002257839944709514,0.002086714814155555
                27.6,0,                   0,                   0,                   0, 0.07254808064953898,-0.00227349458017013,0.002101182960935585
               27.65,0,                   0,                   0,                   0, 0.07304762604799375,-0.002289149215630745,0.002115651107715615
                27.7,0,                   0,                   0,                   0, 0.07354717144644857,-0.002304803851091362,0.002130119254495645
               27.75,0,                   0,                   0,                   0, 0.07404671684490338,-0.002320458486551978,0.002144587401275676
                27.8,0,                   0,                   0,                   0, 0.07364708052613951,-0.002307934778183485,0.002133012883851651
               27.85,0,                   0,                   0,                   0,  0.0731475351276847,-0.002292280142722868, 0.00211854473707162
                27.9,0,                   0,                   0,                   0, 0.07264798972922992,-0.002276625507262253,0.002104076590291591
               27.95,0,                   0,                   0,                   0, 0.07214844433077511,-0.002260970871801636, 0.00208960844351156
                  28,0,                   0,                   0,                   0, 0.07164889893232029,-0.002245316236341019, 0.00207514029673153
               28.05,0,                   0,                   0,                   0, 0.07114935353386549,-0.002229661600880403,0.002060672149951499
                28.1,0,                   0,                   0,                   0, 0.07064980813541068,-0.002214006965419787,0.002046204003171469
               28.15,0,                   0,                   0,                   0,  0.0701502627369559,-0.002198352329959171,0.002031735856391439
                28.2,0,                   0,                   0,                   0, 0.06965071733850109,-0.002182697694498555,0.002017267709611408
               28.25,0,                   0,                   0,                   0, 0.06915117194004627,-0.002167043059037938,0.002002799562831378
                28.3,0,                   0,                   0,                   0, 0.06865162654159147,-0.002151388423577321,0.001988331416051347
               28.35,0,                   0,                   0,                   0, 0.06815208114313666,-0.002135733788116705,0.001973863269271316
                28.4,0,                   0,                   0,                   0, 0.06765253574468187,-0.00212007915265609,0.001959395122491287
               28.45,0,                   0,                   0,                   0, 0.06715299034622707,-0.002104424517195473,0.001944926975711256
                28.5,0,                   0,                   0,                   0, 0.06665344494777226,-0.002088769881734856,0.001930458828931226
               28.55,0,                   0,                   0,                   0, 0.06615389954931744,-0.00207311524627424,0.001915990682151195
                28.6,0,                   0,                   0,                   0, 0.06565435415086264,-0.002057460610813623,0.001901522535371165
               28.65,0,                   0,                   0,                   0, 0.06515480875240785,-0.002041805975353008,0.001887054388591135
                28.7,0,                   0,                   0,                   0, 0.06465526335395304,-0.002026151339892391,0.001872586241811104
               28.75,0,                   0,                   0,                   0, 0.06415571795549824,-0.002010496704431775,0.001858118095031074
                28.8,0,                   0,                   0,                   0, 0.06365617255704342,-0.001994842068971158,0.001843649948251043
               28.85,0,                   0,                   0,                   0, 0.06315662715858861,-0.001979187433510542,0.001829181801471013
                28.9,0,                   0,                   0,                   0, 0.06265708176013383,-0.001963532798049926,0.001814713654690983
               28.95,0,                   0,                   0,                   0, 0.06215753636167905,-0.001947878162589311,0.001800245507910953
                  29,0,                   0,                   0,                   0, 0.06165799096322429,-0.001932223527128696,0.001785777361130924
               29.05,0,                   0,                   0,                   0, 0.06115844556476954,-0.001916568891668081,0.001771309214350895
                29.1,0,                   0,                   0,                   0, 0.06065890016631477,-0.001900914256207466,0.001756841067570866
               29.15,0,                   0,                   0,                   0, 0.06015935476786004,-0.001885259620746852,0.001742372920790838
                29.2,0,                   0,                   0,                   0, 0.05965980936940529,-0.001869604985286237,0.001727904774010809
               29.25,0,                   0,                   0,                   0, 0.05916026397095052,-0.001853950349825622, 0.00171343662723078
                29.3,0,                   0,                   0,                   0, 0.05866071857249576,-0.001838295714365007, 0.00169896848045075
               29.35,0,                   0,                   0,                   0,   0.058161173174041,-0.001822641078904392,0.001684500333670721
                29.4,0,                   0,                   0,                   0, 0.05766162777558627,-0.001806986443443778,0.001670032186890693
               29.45,0,                   0,                   0,                   0, 0.05716208237713151,-0.001791331807983163,0.001655564040110664
                29.5,0,                   0,                   0,                   0, 0.05666253697867675,-0.001775677172522548,0.001641095893330635
               29.55,0,                   0,                   0,                   0, 0.05616299158022199,-0.001760022537061933,0.001626627746550605
                29.6,0,                   0,                   0,                   0, 0.05566344618176722,-0.001744367901601318,0.001612159599770576
               29.65,0,                   0,                   0,                   0,  0.0551639007833125,-0.001728713266140704,0.001597691452990548
                29.7,0,                   0,                   0,                   0, 0.05466435538485774,-0.001713058630680089,0.001583223306210519
               29.75,0,                   0,                   0,                   0, 0.05416480998640297,-0.001697403995219474, 0.00156875515943049
                29.8,0,                   0,                   0,                   0, 0.05366526458794822,-0.001681749359758859,0.001554287012650461
               29.85,0,                   0,                   0,                   0, 0.05316571918949346,-0.001666094724298244,0.001539818865870432
                29.9,0,                   0,                   0,                   0, 0.05266617379103872,-0.00165044008883763,0.001525350719090404
               29.95,0,                   0,                   0,                   0, 0.05216662839258396,-0.001634785453377016,0.001510882572310374
                  30,0,                   0,                   0,                   0, 0.05166708299412921, -0.0016191308179164,0.001496414425530345
               30.05,0,                   0,                   0,                   0, 0.05116753759567444,-0.001603476182455785,0.001481946278750316
                30.1,0,                   0,                   0,                   0, 0.05066799219721968,-0.001587821546995171,0.001467478131970287
               30.15,0,                   0,                   0,                   0, 0.05016844679876496,-0.001572166911534557,0.001453009985190259
                30.2,0,                   0,                   0,                   0,  0.0496689014003102,-0.001556512276073942, 0.00143854183841023
               30.25,0,                   0,                   0,                   0, 0.04916935600185543,-0.001540857640613327,  0.0014240736916302
                30.3,0,                   0,                   0,                   0, 0.04866981060340067,-0.001525203005152712,0.001409605544850171
               30.35,0,                   0,                   0,                   0, 0.04817026520494591,-0.001509548369692097,0.001395137398070142
                30.4,0,                   0,                   0,                   0, 0.04767071980649118,-0.001493893734231483,0.001380669251290114
               30.45,0,                   0,                   0,                   0, 0.04717117440803642,-0.001478239098770868,0.001366201104510085
                30.5,0,                   0,                   0,                   0, 0.04667162900958166,-0.001462584463310253,0.001351732957730056
               30.55,0,                   0,                   0,                   0, 0.04617208361112689,-0.001446929827849638,0.001337264810950027
                30.6,0,                   0,                   0,                   0, 0.04567253821267214,-0.001431275192389023,0.001322796664169997
               30.65,0,                   0,                   0,                   0, 0.04517299281421741,-0.001415620556928409,0.001308328517389969
                30.7,0,                   0,                   0,                   0, 0.04467344741576264,-0.001399965921467794, 0.00129386037060994
               30.75,0,                   0,                   0,                   0, 0.04417390201730789,-0.001384311286007179,0.001279392223829911
                30.8,0,                   0,                   0,                   0, 0.04367435661885313,-0.001368656650546564,0.001264924077049882
               30.85,0,                   0,                   0,                   0, 0.04317481122039837,-0.001353002015085949,0.001250455930269853
                30.9,0,                   0,                   0,                   0, 0.04267526582194364,-0.001337347379625335,0.001235987783489824
               30.95,0,                   0,                   0,                   0, 0.04217572042348888,-0.00132169274416472,0.001221519636709795
                  31,0,                   0,                   0,                   0, 0.04167617502503412,-0.001306038108704105,0.001207051489929766
               31.05,0,                   0,                   0,                   0, 0.04117662962657935,-0.00129038347324349,0.001192583343149737
                31.1,0,                   0,                   0,                   0, 0.04067708422812459,-0.001274728837782875,0.001178115196369708
               31.15,0,                   0,                   0,                   0, 0.04017753882966987,-0.001259074202322261, 0.00116364704958968
                31.2,0,                   0,                   0,                   0,  0.0396779934312151,-0.001243419566861647,0.001149178902809651
               31.25,0,                   0,                   0,                   0, 0.03917844803276034,-0.001227764931401032,0.001134710756029621
                31.3,0,                   0,                   0,                   0, 0.03867890263430558,-0.001212110295940416,0.001120242609249592
               31.35,0,                   0,                   0,                   0, 0.03817935723585082,-0.001196455660479802,0.001105774462469563
                31.4,0,                   0,                   0,                   0, 0.03767981183739609,-0.001180801025019188,0.001091306315689535
               31.45,0,                   0,                   0,                   0, 0.03718026643894133,-0.001165146389558573,0.001076838168909506
                31.5,0,                   0,                   0,                   0, 0.03668072104048657,-0.001149491754097958,0.001062370022129477
               31.55,0,                   0,                   0,                   0, 0.03618117564203181,-0.001133837118637343,0.001047901875349448
                31.6,0,                   0,                   0,                   0, 0.03568163024357705,-0.001118182483176728,0.001033433728569418
               31.65,0,                   0,                   0,                   0, 0.03518208484512232,-0.001102527847716114, 0.00101896558178939
                31.7,0,                   0,                   0,                   0, 0.03468253944666756,-0.001086873212255499,0.001004497435009361
               31.75,0,                   0,                   0,                   0,  0.0341829940482128,-0.001071218576794884,0.000990029288229332
                31.8,0,                   0,                   0,                   0, 0.03368344864975804,-0.001055563941334269,0.0009755611414493029
               31.85,0,                   0,                   0,                   0, 0.03318390325130327,-0.001039909305873654,0.0009610929946692737
                31.9,0,                   0,                   0,                   0, 0.03268435785284855,-0.00102425467041304,0.0009466248478892455
               31.95,0,                   0,                   0,                   0, 0.03218481245439379,-0.001008600034952425,0.0009321567011092164
                  32,0,                   0,                   0,                   0, 0.03168526705593902,-0.0009929453994918101,0.0009176885543291873
               32.05,0,                   0,                   0,                   0,  0.0311857216574843,-0.0009772907640311962,0.0009032204075491591
                32.1,0,                   0,                   0,                   0, 0.03068617625902948,-0.0009616361285705794,0.0008887522607691282
               32.15,0,                   0,                   0,                   0, 0.03018663086057473,-0.0009459814931099649,0.0008742841139890995
                32.2,0,                   0,                   0,                   0, 0.02968708546211991,-0.000930326857649348,0.0008598159672090687
               32.25,0,                   0,                   0,                   0, 0.02918754006366516,-0.0009146722221887335,0.0008453478204290399
                32.3,0,                   0,                   0,                   0, 0.02868799466521041,-0.000899017586728119,0.0008308796736490112
               32.35,0,                   0,                   0,                   0, 0.02818844926675559,-0.0008833629512675021,0.0008164115268689803
                32.4,0,                   0,                   0,                   0, 0.02768890386830085,-0.0008677083158068876,0.0008019433800889516
               32.45,0,                   0,                   0,                   0, 0.02718935846984602,-0.0008520536803462707,0.0007874752333089207
                32.5,0,                   0,                   0,                   0, 0.02668981307139128,-0.0008363990448856562,0.0007730070865288919
               32.55,0,                   0,                   0,                   0, 0.02619026767293653,-0.0008207444094250417,0.0007585389397488633
                32.6,0,                   0,                   0,                   0, 0.02569072227448171,-0.0008050897739644248,0.0007440707929688324
               32.65,0,                   0,                   0,                   0, 0.02519117687602696,-0.0007894351385038103,0.0007296026461888036
                32.7,0,                   0,                   0,                   0, 0.02469163147757214,-0.0007737805030431934,0.0007151344994087728
               32.75,0,                   0,                   0,                   0, 0.02419208607911739,-0.0007581258675825789,0.000700666352628744
                32.8,0,                   0,                   0,                   0, 0.02369254068066265,-0.0007424712321219644,0.0006861982058487153
               32.85,0,                   0,                   0,                   0, 0.02319299528220783,-0.0007268165966613475,0.0006717300590686845
                32.9,0,                   0,                   0,                   0, 0.02269344988375308,-0.000711161961200733,0.0006572619122886557
               32.95,0,                   0,                   0,                   0, 0.02219390448529826,-0.0006955073257401162,0.0006427937655086248
                  33,0,                   0,                   0,                   0, 0.02169435908684351,-0.0006798526902795016,0.000628325618728596
               33.05,0,                   0,                   0,                   0, 0.02119481368838876,-0.0006641980548188871,0.0006138574719485673
                33.1,0,                   0,                   0,                   0, 0.02069526828993394,-0.0006485434193582703,0.0005993893251685365
               33.15,0,                   0,                   0,                   0,  0.0201957228914792,-0.0006328887838976557,0.0005849211783885077
                33.2,0,                   0,                   0,                   0, 0.01969617749302437,-0.000617234148437039,0.0005704530316084769
               33.25,0,                   0,                   0,                   0, 0.01919663209456963,-0.0006015795129764243,0.0005559848848284481
                33.3,0,                   0,                   0,                   0, 0.01869708669611488,-0.0005859248775158098,0.0005415167380484194
               33.35,0,                   0,                   0,                   0, 0.01819754129766006,-0.0005702702420551931,0.0005270485912683885
                33.4,0,                   0,                   0,                   0, 0.01769799589920531,-0.0005546156065945784,0.0005125804444883597
               33.45,0,                   0,                   0,                   0, 0.01719845050075049,-0.0005389609711339617,0.0004981122977083289
                33.5,0,                   0,                   0,                   0, 0.01669890510229574,-0.0005233063356733472,0.0004836441509283002
               33.55,0,                   0,                   0,                   0,   0.016199359703841,-0.0005076517002127325,0.0004691760041482714
                33.6,0,                   0,                   0,                   0, 0.01569981430538617,-0.0004919970647521158,0.0004547078573682406
               33.65,0,                   0,                   0,                   0, 0.01520026890693142,-0.000476342429291501,0.0004402397105882117
                33.7,0,                   0,                   0,                   0,  0.0147007235084766,-0.000460687793830884,0.0004257715638081807
               33.75,0,                   0,                   0,                   0, 0.01420117811002184,-0.0004450331583702693,0.0004113034170281517
                33.8,0,                   0,                   0,                   0, 0.01370163271156709,-0.0004293785229096545,0.0003968352702481228
               33.85,0,                   0,                   0,                   0, 0.01320208731311226,-0.0004137238874490376,0.0003823671234680918
                33.9,0,                   0,                   0,                   0, 0.01270254191465751,-0.0003980692519884228,0.0003678989766880628
               33.95,0,                   0,                   0,                   0, 0.01220299651620268,-0.0003824146165278058,0.0003534308299080318
                  34,0,                   0,                   0,                   0, 0.01170345111774793,-0.0003667599810671911,0.0003389626831280028
               34.05,0,                   0,                   0,                   0, 0.01120390571929317,-0.0003511053456065763,0.0003244945363479739
                34.1,0,                   0,                   0,                   0, 0.01070436032083835,-0.0003354507101459593,0.0003100263895679429
               34.15,0,                   0,                   0,                   0, 0.01020481492238359,-0.0003197960746853445,0.0002955582427879139
                34.2,0,                   0,                   0,                   0,0.009705269523928767,-0.0003041414392247276,0.000281090096007883
               34.25,0,                   0,                   0,                   0,0.009205724125474013,-0.0002884868037641128,0.000266621949227854
                34.3,0,                   0,                   0,                   0,0.008706178727019259,-0.000272832168303498,0.0002521538024478251
               34.35,0,                   0,                   0,                   0,0.008206633328564434,-0.000257177532842881,0.0002376856556677941
                34.4,0,                   0,                   0,                   0,0.007707087930109679,-0.0002415228973822663,0.0002232175088877651
               34.45,0,                   0,                   0,                   0,0.007207542531654853,-0.0002258682619216493,0.0002087493621077341
                34.5,0,                   0,                   0,                   0,0.006707997133200099,-0.0002102136264610345,0.0001942812153277051
               34.55,0,                   0,                   0,                   0,0.006208451734745345,-0.0001945589910004198,0.0001798130685476762
                34.6,0,                   0,                   0,                   0,0.005708906336290519,-0.0001789043555398028,0.0001653449217676452
               34.65,0,                   0,                   0,                   0,0.005209360937835764,-0.000163249720079188,0.0001508767749876162
                34.7,0,                   0,                   0,                   0,0.004709815539380938,-0.000147595084618571,0.0001364086282075852
               34.75,0,                   0,                   0,                   0,0.004210270140926184,-0.0001319404491579563,0.0001219404814275563
                34.8,0,                   0,                   0,                   0, 0.00371072474247143,-0.0001162858136973415,0.0001074723346475273
               34.85,0,                   0,                   0,                   0,0.003211179344016604,-0.0001006311782367245,9.300418786749633e-05
                34.9,0,                   0,                   0,                   0,0.002711633945561849,-8.497654277610976e-05,7.853604108746738e-05
               34.95,0,                   0,                   0,                   0,0.002212088547107024,-6.932190731549278e-05,6.406789430743637e-05
                  35,0,                   0,                   0,                   0, 0.00171254314865227,-5.366727185487804e-05,4.959974752740744e-05
               35.05,0,                   0,                   0,                   0,0.001212997750197517,-3.801263639426332e-05,3.513160074737853e-05
                35.1,0,                   0,                   0,                   0,0.0007134523517426926,-2.235800093364637e-05,2.066345396734757e-05
               35.15,0,                   0,                   0,                   0,0.0002139069532879391,-6.703365473031645e-06,6.195307187318649e-06
                35.2,0,                   0,                   0,                   0,-0.0002856384451668853,8.951269987585306e-06,-8.272839592712323e-06
               35.25,0,                   0,                   0,                   0,-0.0007851838436216388,2.460590544820003e-05,-2.274098637274124e-05
                35.3,0,                   0,                   0,                   0,-0.001284729242076392,4.026054090881476e-05,-3.720913315277016e-05
               35.35,0,                   0,                   0,                   0,-0.001784274640531216,5.59151763694317e-05,-5.167727993280112e-05
                35.4,0,                   0,                   0,                   0,-0.00228382003898597,7.156981183004644e-05,-6.614542671283005e-05
               35.45,0,-2.683456357751161e-05,8.409352019858173e-07,-7.771994413689338e-07,-0.002683456357749788,8.40935201985387e-05,-7.771994413685362e-05
                35.5,0,-0.0001610073814649934,5.045611211912513e-06,-4.663196648211393e-06,-0.002683456357749788,8.40935201985387e-05,-7.771994413685362e-05
               35.55,0,-0.0002951801993524751,9.250287221839209e-06,-8.549193855053853e-06,-0.002683456357749788,8.40935201985387e-05,-7.771994413685362e-05
                35.6,0,-0.0004293530172399758,1.34549632317665e-05,-1.243519106189686e-05,-0.002683456357749788,8.40935201985387e-05,-7.771994413685362e-05
               35.65,0,-0.0005635258351274574,1.76596392416932e-05,-1.632118826873932e-05,-0.002683456357749788,8.40935201985387e-05,-7.771994413685362e-05
                35.7,0,-0.000697698653014958,2.18643152516205e-05,-2.020718547558234e-05,-0.002683456357749788,8.40935201985387e-05,-7.771994413685362e-05
               35.75,0,-0.0008318714709024396,2.60689912615472e-05,-2.40931826824248e-05,-0.002683456357749788,8.40935201985387e-05,-7.771994413685362e-05
                35.8,0,-0.0009660442887899212,3.02736672714739e-05,-2.797917988926725e-05,-0.002683456357749788,8.40935201985387e-05,-7.771994413685362e-05
               35.85,0,-0.001100217106677423,3.447834328140117e-05,-3.186517709611027e-05,-0.002683456357749788,8.40935201985387e-05,-7.771994413685362e-05
                35.9,0,-0.001234389924564906,3.868301929132784e-05,-3.575117430295274e-05,-0.002683456357749788,8.40935201985387e-05,-7.771994413685362e-05
               35.95,0,-0.001368562742452407,4.288769530125511e-05,-3.963717150979577e-05,-0.002683456357749788,8.40935201985387e-05,-7.771994413685362e-05
                  36,0,-0.00150273556033989,4.709237131118178e-05,-4.352316871663824e-05,-0.002683456357749788,8.40935201985387e-05,-7.771994413685362e-05
               36.05,0,-0.001636908378227373,5.129704732110844e-05,-4.740916592348071e-05,-0.002683456357749788,8.40935201985387e-05,-7.771994413685362e-05
                36.1,0,-0.001771081196114874,5.550172333103571e-05,-5.129516313032373e-05,-0.002683456357749788,8.40935201985387e-05,-7.771994413685362e-05
               36.15,0,-0.001905254014002357,5.970639934096238e-05,-5.51811603371662e-05,-0.002683456357749788,8.40935201985387e-05,-7.771994413685362e-05
                36.2,0,-0.002039426831889859,6.391107535088965e-05,-5.906715754400923e-05,-0.002683456357749788,8.40935201985387e-05,-7.771994413685362e-05
               36.25,0,-0.002173599649777341,6.811575136081632e-05,-6.295315475085172e-05,-0.002683456357749788,8.40935201985387e-05,-7.771994413685362e-05
                36.3,0,-0.002307772467664824,7.232042737074299e-05,-6.683915195769423e-05,-0.002683456357749788,8.40935201985387e-05,-7.771994413685362e-05
               36.35,0,-0.002441945285552326,7.652510338067025e-05,-7.07251491645373e-05,-0.002683456357749788,8.40935201985387e-05,-7.771994413685362e-05
                36.4,0,-0.002576118103439808,8.072977939059692e-05,-7.461114637137981e-05,-0.002683456357749788,8.40935201985387e-05,-7.771994413685362e-05
               36.45,0,-0.00271029092132731,8.493445540052419e-05,-7.849714357822288e-05,-0.002683456357749788,8.40935201985387e-05,-7.771994413685362e-05
                36.5,0,-0.002844463739214793,8.913913141045085e-05,-8.23831407850654e-05,-0.002683456357749788,8.40935201985387e-05,-7.771994413685362e-05
               36.55,0,-0.002978636557102276,9.334380742037752e-05,-8.626913799190791e-05,-0.002683456357749788,8.40935201985387e-05,-7.771994413685362e-05
                36.6,0,-0.003112809374989777,9.754848343030479e-05,-9.015513519875098e-05,-0.002683456357749788,8.40935201985387e-05,-7.771994413685362e-05
               36.65,0,-0.00324698219287726,0.0001017531594402315,-9.404113240559349e-05,-0.002683456357749788,8.40935201985387e-05,-7.771994413685362e-05
                36.7,0,-0.003381155010764762,0.0001059578354501587,-9.792712961243656e-05,-0.002683456357749788,8.40935201985387e-05,-7.771994413685362e-05
               36.75,0,-0.003515327828652244,0.0001101625114600854,-0.0001018131268192791,-0.002683456357749788,8.40935201985387e-05,-7.771994413685362e-05
                36.8,0,-0.003649500646539727,0.0001143671874700121,-0.0001056991240261216,-0.002683456357749788,8.40935201985387e-05,-7.771994413685362e-05
               36.85,0,-0.003783673464427229,0.0001185718634799393,-0.0001095851212329647,-0.002683456357749788,8.40935201985387e-05,-7.771994413685362e-05
                36.9,0,-0.003917846282314712,0.000122776539489866,-0.0001134711184398072,-0.002683456357749788,8.40935201985387e-05,-7.771994413685362e-05
               36.95,0,-0.004052019100202209,0.0001269812154997934,-0.0001173571156466502,-0.002683456357749788,8.40935201985387e-05,-7.771994413685362e-05
                  37,0,-0.004186191918089687,0.0001311858915097202,-0.0001212431128534927,-0.002683456357749788,8.40935201985387e-05,-7.771994413685362e-05
               37.05,0,-0.004320364735977166,0.000135390567519647,-0.0001251291100603352,-0.002683456357749788,8.40935201985387e-05,-7.771994413685362e-05
                37.1,0,-0.004454537553864663,0.0001395952435295744,-0.0001290151072671783,-0.002683456357749788,8.40935201985387e-05,-7.771994413685362e-05
               37.15,0,-0.004588710371752141,0.0001437999195395012,-0.0001329011044740207,-0.002683456357749788,8.40935201985387e-05,-7.771994413685362e-05
                37.2,0,-0.004722883189639639,0.0001480045955494286,-0.0001367871016808637,-0.002683456357749788,8.40935201985387e-05,-7.771994413685362e-05
               37.25,0,-0.004857056007527117,0.0001522092715593554,-0.0001406730988877062,-0.002683456357749788,8.40935201985387e-05,-7.771994413685362e-05
                37.3,0,-0.004991228825414596,0.0001564139475692822,-0.0001445590960945487,-0.002683456357749788,8.40935201985387e-05,-7.771994413685362e-05
               37.35,0,-0.005125401643302093,0.0001606186235792096,-0.0001484450933013917,-0.002683456357749788,8.40935201985387e-05,-7.771994413685362e-05
                37.4,0,-0.005259574461189571,0.0001648232995891364,-0.0001523310905082341,-0.002683456357749788,8.40935201985387e-05,-7.771994413685362e-05
               37.45,0,-0.005393747279077069,0.0001690279755990638,-0.0001562170877150772,-0.002683456357749788,8.40935201985387e-05,-7.771994413685362e-05
                37.5,0,-0.005527920096964547,0.0001732326516089906,-0.0001601030849219196,-0.002683456357749788,8.40935201985387e-05,-7.771994413685362e-05
               37.55,0,-0.005662092914852025,0.0001774373276189174,-0.0001639890821287621,-0.002683456357749788,8.40935201985387e-05,-7.771994413685362e-05
                37.6,0,-0.005796265732739523,0.0001816420036288448,-0.0001678750793356051,-0.002683456357749788,8.40935201985387e-05,-7.771994413685362e-05
               37.65,0,-0.005930438550627001,0.0001858466796387716,-0.0001717610765424476,-0.002683456357749788,8.40935201985387e-05,-7.771994413685362e-05
                37.7,0,-0.006064611368514499,0.000190051355648699,-0.0001756470737492906,-0.002683456357749788,8.40935201985387e-05,-7.771994413685362e-05
               37.75,0,-0.006198784186401977,0.0001942560316586259,-0.0001795330709561331,-0.002683456357749788,8.40935201985387e-05,-7.771994413685362e-05
                37.8,0,-0.006332957004289455,0.0001984607076685527,-0.0001834190681629755,-0.002683456357749788,8.40935201985387e-05,-7.771994413685362e-05
               37.85,0,-0.006467129822176953,0.0002026653836784801,-0.0001873050653698185,-0.002683456357749788,8.40935201985387e-05,-7.771994413685362e-05
                37.9,0,-0.006601302640064431,0.0002068700596884069,-0.000191191062576661,-0.002683456357749788,8.40935201985387e-05,-7.771994413685362e-05
               37.95,0,-0.006735475457951928,0.0002110747356983343,-0.000195077059783504,-0.002683456357749788,8.40935201985387e-05,-7.771994413685362e-05
                  38,0,-0.006869648275839407,0.0002152794117082611,-0.0001989630569903465,-0.002683456357749788,8.40935201985387e-05,-7.771994413685362e-05
               38.05,0,-0.007003821093726885,0.0002194840877181879,-0.000202849054197189,-0.002683456357749788,8.40935201985387e-05,-7.771994413685362e-05
                38.1,0,-0.007137993911614383,0.0002236887637281153,-0.000206735051404032,-0.002683456357749788,8.40935201985387e-05,-7.771994413685362e-05
               38.15,0,-0.007272166729501861,0.0002278934397380421,-0.0002106210486108744,-0.002683456357749788,8.40935201985387e-05,-7.771994413685362e-05
                38.2,0,-0.007406339547389358,0.0002320981157479695,-0.0002145070458177175,-0.002683456357749788,8.40935201985387e-05,-7.771994413685362e-05
               38.25,0,-0.007540512365276837,0.0002363027917578963,-0.0002183930430245599,-0.002683456357749788,8.40935201985387e-05,-7.771994413685362e-05
                38.3,0,-0.007674685183164315,0.0002405074677678231,-0.0002222790402314024,-0.002683456357749788,8.40935201985387e-05,-7.771994413685362e-05
               38.35,0,-0.007808858001051812,0.0002447121437777505,-0.0002261650374382454,-0.002683456357749788,8.40935201985387e-05,-7.771994413685362e-05
                38.4,0,-0.007943030818939292,0.0002489168197876773,-0.0002300510346450879,-0.002683456357749788,8.40935201985387e-05,-7.771994413685362e-05
               38.45,0,-0.008077203636826789,0.0002531214957976047,-0.0002339370318519309,-0.002683456357749788,8.40935201985387e-05,-7.771994413685362e-05
                38.5,0,-0.008211376454714267,0.0002573261718075315,-0.0002378230290587734,-0.002683456357749788,8.40935201985387e-05,-7.771994413685362e-05
               38.55,0,-0.008345549272601746,0.0002615308478174583,-0.0002417090262656158,-0.002683456357749788,8.40935201985387e-05,-7.771994413685362e-05
                38.6,0,-0.008479722090489243,0.0002657355238273857,-0.0002455950234724588,-0.002683456357749788,8.40935201985387e-05,-7.771994413685362e-05
               38.65,0,-0.008613894908376721,0.0002699401998373125,-0.0002494810206793011,-0.002683456357749788,8.40935201985387e-05,-7.771994413685362e-05
                38.7,0,-0.008748067726264219,0.0002741448758472399,-0.0002533670178861439,-0.002683456357749788,8.40935201985387e-05,-7.771994413685362e-05
               38.75,0,-0.008882240544151697,0.0002783495518571667,-0.0002572530150929862,-0.002683456357749788,8.40935201985387e-05,-7.771994413685362e-05
                38.8,0,-0.009016413362039176,0.0002825542278670935,-0.0002611390122998285,-0.002683456357749788,8.40935201985387e-05,-7.771994413685362e-05
               38.85,0,-0.009150586179926673,0.0002867589038770209,-0.0002650250095066713,-0.002683456357749788,8.40935201985387e-05,-7.771994413685362e-05
                38.9,0,-0.009284758997814151,0.0002909635798869477,-0.0002689110067135136,-0.002683456357749788,8.40935201985387e-05,-7.771994413685362e-05
               38.95,0,-0.009418931815701649,0.0002951682558968751,-0.0002727970039203565,-0.002683456357749788,8.40935201985387e-05,-7.771994413685362e-05
                  39,0,-0.009553104633589127,0.0002993729319068019,-0.0002766830011271988,-0.002683456357749788,8.40935201985387e-05,-7.771994413685362e-05
               39.05,0,-0.009686527451476606,0.0003035776079167287,-0.0002805689983340411,-0.002533456357749782,8.40935201985387e-05,-7.771994413685362e-05
                39.1,0,-0.009801950269364104,0.0003077822839266561,-0.0002844549955408839,-0.002033456357749738,8.40935201985387e-05,-7.771994413685362e-05
               39.15,0,-0.009892373087251586,0.0003119869599365829,-0.0002883409927477262,-0.001533456357749767,8.40935201985387e-05,-7.771994413685362e-05
                39.2,0,-0.009957795905139077,0.0003161916359465103,-0.000292226989954569,-0.001033456357749724,8.40935201985387e-05,-7.771994413685362e-05
               39.25,0,-0.009998218723026564,0.0003203963119564371,-0.0002961129871614113,-0.0005334563577497528,8.40935201985387e-05,-7.771994413685362e-05
                39.3,0,-0.01001364154091405,0.0003246009879663639,-0.0002999989843682536,-3.345635774978111e-05,8.40935201985387e-05,-7.771994413685362e-05
               39.35,0,-0.01000406435880154,0.0003288056639762913,-0.0003038849815750965,0.0004665436422502616,8.40935201985387e-05,-7.771994413685362e-05
                39.4,0,-0.009969487176689027,0.0003330103399862181,-0.0003077709787819388,0.0009665436422502332,8.40935201985387e-05,-7.771994413685362e-05
               39.45,0,-0.009909909994576508,0.0003372150159961455,-0.0003116569759887816,0.001466543642250276,8.40935201985387e-05,-7.771994413685362e-05
                39.5,0,-0.009825332812463998,0.0003414196920060723,-0.0003155429731956239,0.001966543642250247,8.40935201985387e-05,-7.771994413685362e-05
               39.55,0,-0.009724755630351495,0.0003456243680159991,-0.0003194289704024662,0.002016543642250273,8.40935201985387e-05,-7.771994413685362e-05
                39.6,0,-0.009623928448238978,0.0003498290440259265,-0.000323314967609309,0.002016543642250273,8.40935201985387e-05,-7.771994413685362e-05
               39.65,0,-0.009523101266126474,0.0003540337200358533,-0.0003272009648161513,0.002016543642250273,8.40935201985387e-05,-7.771994413685362e-05
                39.7,0,-0.009422274084013957,0.0003582383960457807,-0.0003310869620229942,0.002016543642250273,8.40935201985387e-05,-7.771994413685362e-05
               39.75,0,-0.009321446901901453,0.0003624430720557075,-0.0003349729592298365,0.002016543642250273,8.40935201985387e-05,-7.771994413685362e-05
                39.8,0,-0.00922061971978895,0.0003666477480656343,-0.0003388589564366788,0.002016543642250273,8.40935201985387e-05,-7.771994413685362e-05
               39.85,0,-0.009119792537676433,0.0003708524240755617,-0.0003427449536435216,0.002016543642250273,8.40935201985387e-05,-7.771994413685362e-05
                39.9,0,-0.009018965355563929,0.0003750571000854885,-0.0003466309508503639,0.002016543642250273,8.40935201985387e-05,-7.771994413685362e-05
               39.95,0,-0.008918138173451412,0.0003792617760954159,-0.0003505169480572067,0.002016543642250273,8.40935201985387e-05,-7.771994413685362e-05
                  40,0,-0.008817310991338909,0.0003834664521053428,-0.000354402945264049,0.002016543642250273,8.40935201985387e-05,-7.771994413685362e-05
               40.05,0,-0.008716483809226405,0.0003876711281152696,-0.0003582889424708913,0.002016543642250273,8.40935201985387e-05,-7.771994413685362e-05
                40.1,0,-0.008615656627113888,0.000391875804125197,-0.0003621749396777342,0.002016543642250273,8.40935201985387e-05,-7.771994413685362e-05
               40.15,0,-0.008514829445001385,0.0003960804801351238,-0.0003660609368845765,0.002016543642250273,8.40935201985387e-05,-7.771994413685362e-05
                40.2,0,-0.008414002262888867,0.0004002851561450512,-0.0003699469340914193,0.002016543642250273,8.40935201985387e-05,-7.771994413685362e-05
               40.25,0,-0.008313175080776364,0.000404489832154978,-0.0003738329312982616,0.002016543642250273,8.40935201985387e-05,-7.771994413685362e-05
                40.3,0,-0.00821234789866386,0.0004086945081649048,-0.0003777189285051039,0.002016543642250273,8.40935201985387e-05,-7.771994413685362e-05
               40.35,0,-0.008111520716551343,0.0004128991841748322,-0.0003816049257119467,0.002016543642250273,8.40935201985387e-05,-7.771994413685362e-05
                40.4,0,-0.00801069353443884,0.000417103860184759,-0.000385490922918789,0.002016543642250273,8.40935201985387e-05,-7.771994413685362e-05
               40.45,0,-0.007909866352326322,0.0004213085361946864,-0.0003893769201256319,0.002016543642250273,8.40935201985387e-05,-7.771994413685362e-05
                40.5,0,-0.007809039170213818,0.0004255132122046132,-0.0003932629173324742,0.002016543642250273,8.40935201985387e-05,-7.771994413685362e-05
               40.55,0,-0.00770821198810131, 0.00042971788821454,-0.0003971489145393165,0.002016543642250273,8.40935201985387e-05,-7.771994413685362e-05
                40.6,0,-0.007607384805988786,0.0004339225642244674,-0.0004010349117461593,0.002016543642250273,8.40935201985387e-05,-7.771994413685362e-05
               40.65,0,-0.007506557623876278,0.0004381272402343942,-0.0004049209089530016,0.002016543642250273,8.40935201985387e-05,-7.771994413685362e-05
                40.7,0,-0.007405730441763754,0.0004423319162443216,-0.0004088069061598444,0.002016543642250273,8.40935201985387e-05,-7.771994413685362e-05
               40.75,0,-0.007304903259651246,0.0004465365922542484,-0.0004126929033666867,0.002016543642250273,8.40935201985387e-05,-7.771994413685362e-05
                40.8,0,-0.007204076077538737,0.0004507412682641752,-0.000416578900573529,0.002016543642250273,8.40935201985387e-05,-7.771994413685362e-05
               40.85,0,-0.007103248895426214,0.0004549459442741026,-0.0004204648977803719,0.002016543642250273,8.40935201985387e-05,-7.771994413685362e-05
                40.9,0,-0.007002421713313705,0.0004591506202840294,-0.0004243508949872142,0.002016543642250273,8.40935201985387e-05,-7.771994413685362e-05
               40.95,0,-0.006901594531201182,0.0004633552962939568,-0.000428236892194057,0.002016543642250273,8.40935201985387e-05,-7.771994413685362e-05
                  41,0,-0.006800767349088673,0.0004675599723038836,-0.0004321228894008993,0.002016543642250273,8.40935201985387e-05,-7.771994413685362e-05
               41.05,0,-0.006699940166976164,0.0004717646483138104,-0.0004360088866077416,0.002016543642250273,8.40935201985387e-05,-7.771994413685362e-05
                41.1,0,-0.006599112984863641,0.0004759693243237378,-0.0004398948838145844,0.002016543642250273,8.40935201985387e-05,-7.771994413685362e-05
               41.15,0,-0.006498285802751132,0.0004801740003336646,-0.0004437808810214267,0.002016543642250273,8.40935201985387e-05,-7.771994413685362e-05
                41.2,0,-0.006397458620638609,0.000484378676343592,-0.0004476668782282696,0.002016543642250273,8.40935201985387e-05,-7.771994413685362e-05
               41.25,0, -0.0062966314385261,0.0004885833523535188,-0.0004515528754351119,0.002016543642250273,8.40935201985387e-05,-7.771994413685362e-05
                41.3,0,-0.006195804256413592,0.0004927880283634452,-0.0004554388726419542,0.002016543642250273,8.40935201985387e-05,-7.771994413685362e-05
               41.35,0,-0.006094977074301068,0.0004969927043733723,-0.000459324869848797,0.002016543642250273,8.40935201985387e-05,-7.771994413685362e-05
                41.4,0,-0.00599414989218856,0.0005011973803832987,-0.0004632108670556393,0.002016543642250273,8.40935201985387e-05,-7.771994413685362e-05
               41.45,0,-0.005893322710076036,0.0005054020563932258,-0.0004670968642624821,0.002016543642250273,8.40935201985387e-05,-7.771994413685362e-05
                41.5,0,-0.005792495527963528,0.0005096067324031522,-0.0004709828614693244,0.002016543642250273,8.40935201985387e-05,-7.771994413685362e-05
               41.55,0,-0.005691668345851019,0.0005138114084130787,-0.0004748688586761667,0.002016543642250273,8.40935201985387e-05,-7.771994413685362e-05
                41.6,0,-0.005590841163738496,0.0005180160844230057,-0.0004787548558830096,0.002016543642250273,8.40935201985387e-05,-7.771994413685362e-05
               41.65,0,-0.005490013981625987,0.0005222207604329322,-0.0004826408530898519,0.002016543642250273,8.40935201985387e-05,-7.771994413685362e-05
                41.7,0,-0.005389186799513464,0.0005264254364428592,-0.0004865268502966947,0.002016543642250273,8.40935201985387e-05,-7.771994413685362e-05
               41.75,0,-0.005288359617400955,0.0005306301124527857,-0.0004904128475035373,0.002016543642250273,8.40935201985387e-05,-7.771994413685362e-05
                41.8,0,-0.005187532435288447,0.0005348347884627122,-0.0004942988447103801,0.002016543642250273,8.40935201985387e-05,-7.771994413685362e-05
               41.85,0,-0.005086705253175923,0.0005390394644726392,-0.0004981848419172235,0.002016543642250273,8.40935201985387e-05,-7.771994413685362e-05
                41.9,0,-0.004985878071063415,0.0005432441404825657,-0.0005020708391240663,0.002016543642250273,8.40935201985387e-05,-7.771994413685362e-05
               41.95,0,-0.004885050888950891,0.0005474488164924927,-0.0005059568363309097,0.002016543642250273,8.40935201985387e-05,-7.771994413685362e-05
                  42,0,-0.004784223706838383,0.0005516534925024192,-0.0005098428335377525,0.002016543642250273,8.40935201985387e-05,-7.771994413685362e-05
               42.05,0,-0.004683396524725874,0.0005558581685123457,-0.0005137288307445954,0.002016543642250273,8.40935201985387e-05,-7.771994413685362e-05
                42.1,0,-0.004582569342613351,0.0005600628445222727,-0.0005176148279514388,0.002016543642250273,8.40935201985387e-05,-7.771994413685362e-05
               42.15,0,-0.004481742160500842,0.0005642675205321992,-0.0005215008251582816,0.002016543642250273,8.40935201985387e-05,-7.771994413685362e-05
                42.2,0,-0.004380914978388319,0.0005684721965421262,-0.000525386822365125,0.002016543642250273,8.40935201985387e-05,-7.771994413685362e-05
               42.25,0,-0.00428008779627581,0.0005726768725520527,-0.0005292728195719678,0.002016543642250273,8.40935201985387e-05,-7.771994413685362e-05
                42.3,0,-0.004179260614163302,0.0005768815485619792,-0.0005331588167788106,0.002016543642250273,8.40935201985387e-05,-7.771994413685362e-05
               42.35,0,-0.004078433432050778,0.0005810862245719062,-0.000537044813985654,0.002016543642250273,8.40935201985387e-05,-7.771994413685362e-05
                42.4,0,-0.00397760624993827,0.0005852909005818327,-0.0005409308111924969,0.002016543642250273,8.40935201985387e-05,-7.771994413685362e-05
               42.45,0,-0.003876779067825747,0.0005894955765917597,-0.0005448168083993402,0.002016543642250273,8.40935201985387e-05,-7.771994413685362e-05
                42.5,0,-0.003775951885713241,0.0005937002526016862,-0.0005487028056061831,0.002016543642250273,8.40935201985387e-05,-7.771994413685362e-05
               42.55,0,-0.003675124703600735,0.0005979049286116126,-0.0005525888028130259,0.002016543642250273,8.40935201985387e-05,-7.771994413685362e-05
                42.6,0,-0.003574297521488215,0.0006021096046215397,-0.0005564748000198693,0.002016543642250273,8.40935201985387e-05,-7.771994413685362e-05
               42.65,0,-0.003473470339375709,0.0006063142806314661,-0.0005603607972267121,0.002016543642250273,8.40935201985387e-05,-7.771994413685362e-05
                42.7,0,-0.003372643157263188,0.0006105189566413932,-0.0005642467944335555,0.002016543642250273,8.40935201985387e-05,-7.771994413685362e-05
               42.75,0,-0.003271815975150682,0.0006147236326513196,-0.0005681327916403984,0.002016543642250273,8.40935201985387e-05,-7.771994413685362e-05
                42.8,0,-0.003170988793038176,0.0006189283086612461,-0.0005720187888472412,0.002016543642250273,8.40935201985387e-05,-7.771994413685362e-05
               42.85,0,-0.003070161610925656,0.0006231329846711731,-0.0005759047860540846,0.002016543642250273,8.40935201985387e-05,-7.771994413685362e-05
                42.9,0,-0.00296933442881315,0.0006273376606810996,-0.0005797907832609274,0.002016543642250273,8.40935201985387e-05,-7.771994413685362e-05
               42.95,0,-0.00286850724670063,0.0006315423366910266,-0.0005836767804677708,0.002016543642250273,8.40935201985387e-05,-7.771994413685362e-05
                  43,0,-0.002767680064588124,0.0006357470127009531,-0.0005875627776746136,0.002016543642250273,8.40935201985387e-05,-7.771994413685362e-05
               43.05,0,-0.002666852882475618,0.0006399516887108796,-0.0005914487748814565,0.002016543642250273,8.40935201985387e-05,-7.771994413685362e-05
                43.1,0,-0.002566025700363097,0.0006441563647208066,-0.0005953347720882999,0.002016543642250273,8.40935201985387e-05,-7.771994413685362e-05
               43.15,0,-0.002465198518250591,0.0006483610407307331,-0.0005992207692951427,0.002016543642250273,8.40935201985387e-05,-7.771994413685362e-05
                43.2,0,-0.002364371336138071,0.0006525657167406601,-0.0006031067665019861,0.002016543642250273,8.40935201985387e-05,-7.771994413685362e-05
               43.25,0,-0.002263544154025565,0.0006567703927505866,-0.0006069927637088289,0.002016543642250273,8.40935201985387e-05,-7.771994413685362e-05
                43.3,0,-0.002162716971913059,0.0006609750687605131,-0.0006108787609156718,0.002016543642250273,8.40935201985387e-05,-7.771994413685362e-05
               43.35,0,-0.002061889789800539,0.0006651797447704401,-0.0006147647581225151,0.002016543642250273,8.40935201985387e-05,-7.771994413685362e-05
                43.4,0,-0.001961062607688033,0.0006693844207803666,-0.000618650755329358,0.002016543642250273,8.40935201985387e-05,-7.771994413685362e-05
               43.45,0,-0.00186023542557551,0.0006735890967902936,-0.0006225367525362014,0.002016543642250273,8.40935201985387e-05,-7.771994413685362e-05
                43.5,0,-0.001759408243463002,0.0006777937728002201,-0.0006264227497430442,0.002016543642250273,8.40935201985387e-05,-7.771994413685362e-05
               43.55,0,-0.001658581061350494,0.0006819984488101466,-0.000630308746949887,0.002016543642250273,8.40935201985387e-05,-7.771994413685362e-05
                43.6,0,-0.001557753879237971,0.0006862031248200736,-0.0006341947441567304,0.002016543642250273,8.40935201985387e-05,-7.771994413685362e-05
               43.65,0,-0.001456926697125463,0.0006904078008300001,-0.0006380807413635732,0.002016543642250273,8.40935201985387e-05,-7.771994413685362e-05
                43.7,0,-0.001356099515012941,0.0006946124768399271,-0.0006419667385704166,0.002016543642250273,8.40935201985387e-05,-7.771994413685362e-05
               43.75,0,-0.001255272332900432,0.0006988171528498536,-0.0006458527357772595,0.002016543642250273,8.40935201985387e-05,-7.771994413685362e-05
                43.8,0,-0.001154445150787924, 0.00070302182885978,-0.0006497387329841023,0.002016543642250273,8.40935201985387e-05,-7.771994413685362e-05
               43.85,0,-0.001053617968675402,0.0007072265048697071,-0.0006536247301909457,0.002016543642250273,8.40935201985387e-05,-7.771994413685362e-05
                43.9,0,-0.0009527907865628936,0.0007114311808796335,-0.0006575107273977885,0.002016543642250273,8.40935201985387e-05,-7.771994413685362e-05
               43.95,0,-0.0008519636044503711,0.0007156358568895606,-0.0006613967246046319,0.002016543642250273,8.40935201985387e-05,-7.771994413685362e-05
                  44,0,-0.0007511364223378629,0.000719840532899487,-0.0006652827218114747,0.002016543642250273,8.40935201985387e-05,-7.771994413685362e-05
               44.05,0,-0.0006503092402253548,0.0007240452089094135,-0.0006691687190183176,0.002016543642250273,8.40935201985387e-05,-7.771994413685362e-05
                44.1,0,-0.0005494820581128323,0.0007282498849193405,-0.000673054716225161,0.002016543642250273,8.40935201985387e-05,-7.771994413685362e-05
               44.15,0,-0.0004486548760003242,0.000732454560929267,-0.0006769407134320038,0.002016543642250273,8.40935201985387e-05,-7.771994413685362e-05
                44.2,0,-0.0003478276938878019,0.000736659236939194,-0.0006808267106388472,0.002016543642250273,8.40935201985387e-05,-7.771994413685362e-05
               44.25,0,-0.0002470005117752939,0.0007408639129491205,-0.00068471270784569,0.002016543642250273,8.40935201985387e-05,-7.771994413685362e-05
                44.3,0,-0.000146173329662786,0.000745068588959047,-0.0006885987050525329,0.002016543642250273,8.40935201985387e-05,-7.771994413685362e-05
               44.35,0,-4.534614755026377e-05,0.000749273264968974,-0.0006924847022593762,0.002016543642250273,8.40935201985387e-05,-7.771994413685362e-05
                44.4,0,5.548103456224415e-05,0.0007534779409789005,-0.0006963706994662191,0.002016543642250273,8.40935201985387e-05,-7.771994413685362e-05
               44.45,0,0.0001563082166747664,0.0007576826169888275,-0.0007002566966730625,0.002016543642250273,8.40935201985387e-05,-7.771994413685362e-05
                44.5,0,0.0002571353987872743,0.000761887292998754,-0.0007041426938799053,0.002016543642250273,8.40935201985387e-05,-7.771994413685362e-05
               44.55,0,0.0003579625808997822,0.0007660919690086805,-0.0007080286910867481,0.002016543642250273,8.40935201985387e-05,-7.771994413685362e-05
                44.6,0,0.0004587897630123046,0.0007702966450186075,-0.0007119146882935915,0.002016543642250273,8.40935201985387e-05,-7.771994413685362e-05
               44.65,0,0.0005596169451248127,0.000774501321028534,-0.0007158006855004344,0.002016543642250273,8.40935201985387e-05,-7.771994413685362e-05
                44.7,0,0.0006604441272373352,0.000778705997038461,-0.0007196866827072777,0.002016543642250273,8.40935201985387e-05,-7.771994413685362e-05
               44.75,0,0.0007612713093498434,0.0007829106730483875,-0.0007235726799141206,0.002016543642250273,8.40935201985387e-05,-7.771994413685362e-05
                44.8,0,0.0008620984914623516,0.000787115349058314,-0.0007274586771209634,0.002016543642250273,8.40935201985387e-05,-7.771994413685362e-05
               44.85,0,0.000962925673574874,0.000791320025068241,-0.0007313446743278068,0.002016543642250273,8.40935201985387e-05,-7.771994413685362e-05
                44.9,0,0.001063752855687382,0.0007955247010781675,-0.0007352306715346496,0.002016543642250273,8.40935201985387e-05,-7.771994413685362e-05
               44.95,0,0.001164580037799905,0.0007997293770880945,-0.000739116668741493,0.002016543642250273,8.40935201985387e-05,-7.771994413685362e-05
                  45,0,0.001265407219912413,0.000803934053098021,-0.0007430026659483358,0.002016543642250273,8.40935201985387e-05,-7.771994413685362e-05
               45.05,0,0.001366234402024921,0.0008081387291079474,-0.0007468886631551787,0.002016543642250273,8.40935201985387e-05,-7.771994413685362e-05
                45.1,0,0.001467061584137443,0.0008123434051178745,-0.0007507746603620221,0.002016543642250273,8.40935201985387e-05,-7.771994413685362e-05
               45.15,0,0.001567888766249952,0.0008165480811278009,-0.0007546606575688649,0.002016543642250273,8.40935201985387e-05,-7.771994413685362e-05
                45.2,0,0.001668715948362474,0.000820752757137728,-0.0007585466547757083,0.002016543642250273,8.40935201985387e-05,-7.771994413685362e-05
               45.25,0,0.001769543130474982,0.0008249574331476544,-0.0007624326519825511,0.002016543642250273,8.40935201985387e-05,-7.771994413685362e-05
                45.3,0,0.001870370312587491,0.0008291621091575809,-0.000766318649189394,0.002016543642250273,8.40935201985387e-05,-7.771994413685362e-05
               45.35,0,0.001971197494700013,0.0008333667851675079,-0.0007702046463962373,0.002016543642250273,8.40935201985387e-05,-7.771994413685362e-05
                45.4,0,0.002072024676812519,0.0008375714611774344,-0.0007740906436030802,0.002016543642250273,8.40935201985387e-05,-7.771994413685362e-05
               45.45,0,0.002172851858925039,0.0008417761371873614,-0.0007779766408099236,0.002016543642250273,8.40935201985387e-05,-7.771994413685362e-05
                45.5,0,0.002273679041037545,0.0008459808131972879,-0.0007818626380167664,0.002016543642250273,8.40935201985387e-05,-7.771994413685362e-05
               45.55,0,0.002374506223150051,0.0008501854892072144,-0.0007857486352236092,0.002016543642250273,8.40935201985387e-05,-7.771994413685362e-05
                45.6,0,0.002475333405262571,0.0008543901652171414,-0.0007896346324304526,0.002016543642250273,8.40935201985387e-05,-7.771994413685362e-05
               45.65,0,0.002576160587375077,0.0008585948412270679,-0.0007935206296372955,0.002016543642250273,8.40935201985387e-05,-7.771994413685362e-05
                45.7,0,0.002676987769487598,0.0008627995172369949,-0.0007974066268441388,0.002016543642250273,8.40935201985387e-05,-7.771994413685362e-05
               45.75,0,0.002777814951600104,0.0008670041932469214,-0.0008012926240509817,0.002016543642250273,8.40935201985387e-05,-7.771994413685362e-05
                45.8,0, 0.00287864213371261,0.0008712088692568479,-0.0008051786212578245,0.002016543642250273,8.40935201985387e-05,-7.771994413685362e-05
               45.85,0, 0.00297946931582513,0.0008754135452667749,-0.0008090646184646679,0.002016543642250273,8.40935201985387e-05,-7.771994413685362e-05
                45.9,0,0.003080296497937636,0.0008796182212767014,-0.0008129506156715107,0.002016543642250273,8.40935201985387e-05,-7.771994413685362e-05
               45.95,0,0.003181123680050156,0.0008838228972866284,-0.0008168366128783541,0.002016543642250273,8.40935201985387e-05,-7.771994413685362e-05
                  46,0,0.003281950862162663,0.0008880275732965549,-0.000820722610085197,0.002016543642250273,8.40935201985387e-05,-7.771994413685362e-05
               46.05,0,0.003382778044275169,0.0008922322493064813,-0.0008246086072920398,0.002016543642250273,8.40935201985387e-05,-7.771994413685362e-05
                46.1,0,0.003483605226387689,0.0008964369253164084,-0.0008284946044988832,0.002016543642250273,8.40935201985387e-05,-7.771994413685362e-05
               46.15,0,0.003584432408500195,0.0009006416013263348,-0.000832380601705726,0.002016543642250273,8.40935201985387e-05,-7.771994413685362e-05
                46.2,0,0.003685259590612715,0.0009048462773362619,-0.0008362665989125694,0.002016543642250273,8.40935201985387e-05,-7.771994413685362e-05
               46.25,0,0.003786086772725221,0.0009090509533461883,-0.0008401525961194122,0.002016543642250273,8.40935201985387e-05,-7.771994413685362e-05
                46.3,0,0.003886913954837727,0.0009132556293561148,-0.0008440385933262551,0.002016543642250273,8.40935201985387e-05,-7.771994413685362e-05
               46.35,0, 0.00398774113695025,0.0009174603053660418,-0.0008479245905330984,0.002016543642250273,8.40935201985387e-05,-7.771994413685362e-05
                46.4,0,0.004088568319062759,0.0009216649813759683,-0.0008518105877399413,0.002016543642250273,8.40935201985387e-05,-7.771994413685362e-05
               46.45,0,0.004189395501175282,0.0009258696573858953,-0.0008556965849467847,0.002016543642250273,8.40935201985387e-05,-7.771994413685362e-05
                46.5,0,0.004290222683287791,0.0009300743333958218,-0.0008595825821536275,0.002016543642250273,8.40935201985387e-05,-7.771994413685362e-05
               46.55,0,0.004391049865400299,0.0009342790094057483,-0.0008634685793604703,0.002016543642250273,8.40935201985387e-05,-7.771994413685362e-05
                46.6,0,0.004491877047512823,0.0009384836854156753,-0.0008673545765673137,0.002016543642250273,8.40935201985387e-05,-7.771994413685362e-05
               46.65,0,0.004592704229625331,0.0009426883614256018,-0.0008712405737741566,0.002016543642250273,8.40935201985387e-05,-7.771994413685362e-05
                46.7,0,0.004693531411737855,0.0009468930374355288,-0.0008751265709809999,0.002016543642250273,8.40935201985387e-05,-7.771994413685362e-05
               46.75,0,0.004794358593850363,0.0009510977134454553,-0.0008790125681878428,0.002016543642250273,8.40935201985387e-05,-7.771994413685362e-05
                46.8,0,0.004895185775962872,0.0009553023894553818,-0.0008828985653946856,0.002016543642250273,8.40935201985387e-05,-7.771994413685362e-05
               46.85,0,0.004996012958075395,0.0009595070654653088,-0.000886784562601529,0.002016543642250273,8.40935201985387e-05,-7.771994413685362e-05
                46.9,0,0.005096840140187904,0.0009637117414752353,-0.0008906705598083718,0.002016543642250273,8.40935201985387e-05,-7.771994413685362e-05
               46.95,0,0.005197667322300427,0.0009679164174851623,-0.0008945565570152152,0.002016543642250273,8.40935201985387e-05,-7.771994413685362e-05
                  47,0,0.005298494504412936,0.0009721210934950888,-0.0008984425542220581,0.002016543642250273,8.40935201985387e-05,-7.771994413685362e-05
               47.05,0,0.005399321686525444,0.0009763257695050153,-0.0009023285514289009,0.002016543642250273,8.40935201985387e-05,-7.771994413685362e-05
                47.1,0,0.005500148868637968,0.0009805304455149429,-0.0009062145486357443,0.002016543642250273,8.40935201985387e-05,-7.771994413685362e-05
               47.15,0,0.005600976050750476,0.0009847351215248701,-0.0009101005458425871,0.002016543642250273,8.40935201985387e-05,-7.771994413685362e-05
                47.2,0,   0.005701803232863,0.0009889397975347978,-0.0009139865430494305,0.002016543642250273,8.40935201985387e-05,-7.771994413685362e-05
               47.25,0,0.005802630414975508,0.000993144473544725,-0.0009178725402562733,0.002016543642250273,8.40935201985387e-05,-7.771994413685362e-05
                47.3,0,0.005903457597088017,0.0009973491495546521,-0.0009217585374631162,0.002016543642250273,8.40935201985387e-05,-7.771994413685362e-05
               47.35,0, 0.00600428477920054, 0.00100155382556458,-0.0009256445346699596,0.002016543642250273,8.40935201985387e-05,-7.771994413685362e-05
                47.4,0,0.006105111961313049,0.001005758501574507,-0.0009295305318768024,0.002016543642250273,8.40935201985387e-05,-7.771994413685362e-05
               47.45,0,0.006205939143425572,0.001009963177584435,-0.0009334165290836458,0.002016543642250273,8.40935201985387e-05,-7.771994413685362e-05
                47.5,0,0.006306766325538081,0.001014167853594362,-0.0009373025262904886,0.002016543642250273,8.40935201985387e-05,-7.771994413685362e-05
               47.55,0, 0.00640759350765059,0.001018372529604289,-0.0009411885234973315,0.002016543642250273,8.40935201985387e-05,-7.771994413685362e-05
                47.6,0,0.006508420689763113,0.001022577205614217,-0.0009450745207041748,0.002016543642250273,8.40935201985387e-05,-7.771994413685362e-05
               47.65,0,0.006609247871875622,0.001026781881624144,-0.0009489605179110177,0.002016543642250273,8.40935201985387e-05,-7.771994413685362e-05
                47.7,0,0.006710075053988145,0.001030986557634072,-0.000952846515117861,0.002016543642250273,8.40935201985387e-05,-7.771994413685362e-05
               47.75,0,0.006810902236100654,0.001035191233643999,-0.0009567325123247039,0.002016543642250273,8.40935201985387e-05,-7.771994413685362e-05
                47.8,0,0.006911729418213162,0.001039395909653926,-0.0009606185095315467,0.002016543642250273,8.40935201985387e-05,-7.771994413685362e-05
               47.85,0,0.007012556600325686,0.001043600585663854,-0.0009645045067383901,0.002016543642250273,8.40935201985387e-05,-7.771994413685362e-05
                47.9,0,0.007113383782438194,0.001047805261673781,-0.0009683905039452329,0.002016543642250273,8.40935201985387e-05,-7.771994413685362e-05
               47.95,0,0.007214210964550717,0.001052009937683709,-0.0009722765011520763,0.002016543642250273,8.40935201985387e-05,-7.771994413685362e-05
                  48,0,0.007315038146663226,0.001056214613693636,-0.0009761624983589192,0.002016543642250273,8.40935201985387e-05,-7.771994413685362e-05
               48.05,0,0.007415865328775735,0.001060419289703563,-0.0009800484955657615,0.002016543642250273,8.40935201985387e-05,-7.771994413685362e-05
                48.1,0,0.007516692510888258,0.001064623965713491,-0.0009839344927726041,0.002016543642250273,8.40935201985387e-05,-7.771994413685362e-05
               48.15,0,0.007617519693000767,0.001068828641723418,-0.0009878204899794463,0.002016543642250273,8.40935201985387e-05,-7.771994413685362e-05
                48.2,0, 0.00771834687511329,0.001073033317733346,-0.0009917064871862889,0.002016543642250273,8.40935201985387e-05,-7.771994413685362e-05
               48.25,0,0.007819174057225799,0.001077237993743273,-0.0009955924843931311,0.002016543642250273,8.40935201985387e-05,-7.771994413685362e-05
                48.3,0,0.007920001239338302,  0.0010814426697532,-0.0009994784815999733,0.002016543642250273,8.40935201985387e-05,-7.771994413685362e-05
               48.35,0,0.008020828421450819,0.001085647345763128,-0.001003364478806816,0.002016543642250273,8.40935201985387e-05,-7.771994413685362e-05
                48.4,0,0.008121655603563323,0.001089852021773055,-0.001007250476013658,0.002016543642250273,8.40935201985387e-05,-7.771994413685362e-05
               48.45,0, 0.00822248278567584,0.001094056697782983,-0.001011136473220501,0.002016543642250273,8.40935201985387e-05,-7.771994413685362e-05
                48.5,0,0.008323309967788343, 0.00109826137379291,-0.001015022470427343,0.002016543642250273,8.40935201985387e-05,-7.771994413685362e-05
               48.55,0,0.008424137149900847,0.001102466049802837,-0.001018908467634185,0.002016543642250273,8.40935201985387e-05,-7.771994413685362e-05
                48.6,0,0.008524964332013364,0.001106670725812765,-0.001022794464841028,0.002016543642250273,8.40935201985387e-05,-7.771994413685362e-05
               48.65,0,0.008625791514125868,0.001110875401822692,-0.00102668046204787,0.002016543642250273,8.40935201985387e-05,-7.771994413685362e-05
                48.7,0,0.008726618696238385, 0.00111508007783262,-0.001030566459254713,0.002016543642250273,8.40935201985387e-05,-7.771994413685362e-05
               48.75,0,0.008827445878350888,0.001119284753842547,-0.001034452456461555,0.002016543642250273,8.40935201985387e-05,-7.771994413685362e-05
                48.8,0,0.008928273060463392,0.001123489429852474,-0.001038338453668397,0.002016543642250273,8.40935201985387e-05,-7.771994413685362e-05
               48.85,0,0.009029100242575909,0.001127694105862402,-0.00104222445087524,0.002016543642250273,8.40935201985387e-05,-7.771994413685362e-05
                48.9,0,0.009129927424688412,0.001131898781872329,-0.001046110448082082,0.002016543642250273,8.40935201985387e-05,-7.771994413685362e-05
               48.95,0, 0.00923075460680093,0.001136103457882256,-0.001049996445288924,0.002016543642250273,8.40935201985387e-05,-7.771994413685362e-05
                  49,0,0.009331581788913433,0.001140308133892184,-0.001053882442495766,0.002016543642250273,8.40935201985387e-05,-7.771994413685362e-05
               49.05,0,0.009432408971025937,0.001144512809902111,-0.001057768439702609,0.002016543642250273,8.40935201985387e-05,-7.771994413685362e-05
                49.1,0,0.009533236153138454,0.001148717485912039,-0.001061654436909451,0.002016543642250273,8.40935201985387e-05,-7.771994413685362e-05
               49.15,0,0.009634063335250957,0.001152922161921966,-0.001065540434116293,0.002016543642250273,8.40935201985387e-05,-7.771994413685362e-05
                49.2,0,0.009734890517363474,0.001157126837931893,-0.001069426431323136,0.002016543642250273,8.40935201985387e-05,-7.771994413685362e-05
               49.25,0,0.009834967699475979,0.001161331513941821,-0.001073312428529978,0.001866543642250267,8.40935201985387e-05,-7.771994413685362e-05
                49.3,0, 0.00991704488158849,0.001165536189951748,-0.00107719842573682,0.001366543642250296,8.40935201985387e-05,-7.771994413685362e-05
               49.35,0, 0.00997412206370101,0.001169740865961675,-0.001081084422943663,0.0008665436422502533,8.40935201985387e-05,-7.771994413685362e-05
                49.4,0, 0.01000619924581352,0.001173945541971603,-0.001084970420150505,0.0003665436422502816,8.40935201985387e-05,-7.771994413685362e-05
               49.45,0, 0.01001327642792603, 0.00117815021798153,-0.001088856417357348,-0.000133456357749761,8.40935201985387e-05,-7.771994413685362e-05
                49.5,0,0.009995353610038546,0.001182354893991458,-0.00109274241456419,-0.0006334563577497326,8.40935201985387e-05,-7.771994413685362e-05
               49.55,0,0.009952430792151062,0.001186559570001385,-0.001096628411771032,-0.001133456357749704,8.40935201985387e-05,-7.771994413685362e-05
                49.6,0, 0.00988450797426357,0.001190764246011312,-0.001100514408977875,-0.001633456357749746,8.40935201985387e-05,-7.771994413685362e-05
               49.65,0, 0.00979183515637609, 0.00119496892202124,-0.001104400406184717,-0.002033456357749738,8.40935201985387e-05,-7.771994413685362e-05
                49.7,0,0.009690162338488592,0.001199173598031167,-0.00110828640339156,-0.002033456357749738,8.40935201985387e-05,-7.771994413685362e-05
               49.75,0,0.009588489520601108,0.001203378274041094,-0.001112172400598402,-0.002033456357749738,8.40935201985387e-05,-7.771994413685362e-05
                49.8,0,0.009486816702713624,0.001207582950051022,-0.001116058397805244,-0.002033456357749738,8.40935201985387e-05,-7.771994413685362e-05
               49.85,0,0.009385143884826126,0.001211787626060949,-0.001119944395012087,-0.002033456357749738,8.40935201985387e-05,-7.771994413685362e-05
                49.9,0,0.009283471066938642,0.001215992302070876,-0.001123830392218929,-0.002033456357749738,8.40935201985387e-05,-7.771994413685362e-05
               49.95,0,0.009181798249051144,0.001220196978080804,-0.001127716389425772,-0.002033456357749738,8.40935201985387e-05,-7.771994413685362e-05
                  50,0, 0.00908012543116366,0.001224401654090731,-0.001131602386632614,-0.002033456357749738,8.40935201985387e-05,-7.771994413685362e-05
