sys.exec.out.time {s},test.att_manager.maneuver.active {--},test.att_manager.maneuver.maneuvering {--},test.att_manager.maneuver.currentEuler {rad},test.att_manager.maneuver.eulerTarget {rad},test.att_manager.quatBodyWrtRef.scalar {--},test.att_manager.quatBodyWrtRef.vector[0] {--},test.att_manager.quatBodyWrtRef.vector[1] {--},test.att_manager.quatBodyWrtRef.vector[2] {--},test.att_manager.maneuver.mnvrRate[0] {rad/s},test.att_manager.maneuver.mnvrRate[1] {rad/s},test.att_manager.maneuver.mnvrRate[2] {rad/s}
                   0,0,0,                   0,                   0,  0.9999812813669918,-0.002487458437707985,0.002512458229375347,-0.004993698008033518,               0.001,               0.002,               0.002
                0.05,0,0,                   0,                   0,   0.999981126958266,-0.002512099825479827,0.002462441537235038,-0.005037009372557061,               0.001,               0.002,              0.0015
                 0.1,0,0,                   0,                   0,   0.999981030988414,-0.00253677198241034,0.002412393432699583,-0.00506782095022218,               0.001,               0.002,               0.001
                0.15,0,0,                   0,                   0,  0.9999809946081921,-0.002561474284727546, 0.00236231360944302,-0.005086132745964366,               0.001,               0.002,0.0005000000000000002
                 0.2,0,0,                   0,                   0,  0.9999810184996146,-0.002586206107500205,0.002312201759947806,-0.005091944762471369,               0.001,               0.002,1.490777987167569e-19
                0.25,0,0,                   0,                   0,  0.9999811028759537,-0.002610966824610855,0.002262057575559541,-0.005085257000140496,               0.001,               0.002,-0.0004999999999999997
                 0.3,0,0,                   0,                   0,  0.9999812474817397,-0.002635755808728785,0.002211880746541762,-0.005066069457065246,               0.001,               0.002,-0.0009999999999999994
                0.35,0,0,                   0,                   0,  0.9999814515927623,-0.002660572431282942,0.002161670962130816,-0.005034382129051204,               0.001,               0.002,             -0.0015
                 0.4,0,0,                   0,                   0,  0.9999817140160691,-0.002685416062434759,0.002111427910590797,-0.004990195009661246,               0.001,               0.002,-0.002000000000000001
                0.45,0,0,                   0,                   0,  0.9999819991493656,-0.002710271659354174,0.002061169793320357,-0.004940382966473107,               0.001,               0.002,-0.002000000000000001
                 0.5,0,0,                   0,                   0,  0.9999822786577635,-0.002735127241028311,0.002010911664455838,-0.004890570895495314,               0.001,               0.002,-0.002000000000000001
                0.55,0,0,                   0,                   0,  0.9999825525412602,-0.002759982807317358, 0.00196065352427994,-0.004840758797008061,               0.001,               0.002,-0.002000000000000001
                 0.6,0,0,                   0,                   0,   0.999982820799855,-0.002784838358081501,0.001910395373075365,-0.004790946671291536,               0.001,               0.002,-0.002000000000000001
                0.65,0,0,                   0,                   0,  0.9999830834335466,-0.002809693893180928,0.001860137211124817,-0.004741134518625937,               0.001,               0.002,-0.002000000000000001
                 0.7,0,0,                   0,                   0,  0.9999833404423334,-0.002834549412475827,0.001809879038710997,-0.004691322339291456,               0.001,               0.002,-0.002000000000000001
                0.75,0,0,                   0,                   0,  0.9999835918262139,-0.002859404915826386,0.001759620856116608,-0.004641510133568288,               0.001,               0.002,-0.002000000000000001
                 0.8,0,0,                   0,                   0,  0.9999838375851868,-0.002884260403092792, 0.00170936266362435,-0.004591697901736625,               0.001,               0.002,-0.002000000000000001
                0.85,0,0,                   0,                   0,  0.9999840777192507,-0.002909115874135233,0.001659104461516928,-0.004541885644076663,               0.001,               0.002,-0.002000000000000001
                 0.9,0,0,                   0,                   0,  0.9999843122284043,-0.002933971328813896,0.001608846250077044,-0.004492073360868594,               0.001,               0.002,-0.002000000000000001
                0.95,0,0,                   0,                   0,  0.9999845411126462,-0.002958826766988972,0.001558588029587399,-0.004442261052392613,               0.001,               0.002,-0.002000000000000001
                   1,0,0,                   0,                   0,   0.999984764371975,-0.002983682188520646,0.001508329800330697,-0.004392448718928914,               0.001,               0.002,-0.002000000000000001
                1.05,0,0,                   0,                   0,  0.9999849820063895,-0.003008537593269109,0.001458071562589639,-0.00434263636075769,               0.001,               0.002,-0.002000000000000001
                 1.1,0,0,                   0,                   0,  0.9999851940158886,-0.003033392981094548,0.001407813316646928,-0.004292823978159135,               0.001,               0.002,-0.002000000000000001
                1.15,0,0,                   0,                   0,  0.9999854004004711,-0.003058248351857153,0.001357555062785268,-0.004243011571413446,               0.001,               0.002,-0.002000000000000001
                 1.2,0,0,                   0,                   0,  0.9999856011601358,-0.00308310370541711,0.001307296801287361,-0.004193199140800813,               0.001,               0.002,-0.002000000000000001
                1.25,0,0,                   0,                   0,  0.9999857962948816,-0.003107959041634609,0.001257038532435909,-0.004143386686601437,               0.001,               0.002,-0.002000000000000001
                 1.3,0,0,                   0,                   0,  0.9999859858047073,-0.003132814360369838,0.001206780256513615,-0.00409357420909551,               0.001,               0.002,-0.002000000000000001
                1.35,0,0,                   0,                   0,   0.999986169689612,-0.003157669661482985,0.001156521973803182,-0.004043761708563231,               0.001,               0.002,-0.002000000000000001
                 1.4,0,0,                   0,                   0,  0.9999863479495933,-0.003182524944834241,0.001106263684587314,-0.003993949185284792,               0.001,               0.002,-0.002000000000000001
                1.45,0,0,                   0,                   0,  0.9999865205846515,-0.003207380210283794,0.001056005389148712,-0.003944136639540385,               0.001,               0.002,-0.002000000000000001
                 1.5,0,0,                   0,                   0,  0.9999866875947856,-0.003232235457691834,0.001005747087770079,-0.003894324071610215,               0.001,               0.002,-0.002000000000000001
                1.55,0,0,                   0,                   0,  0.9999868489799945,-0.003257090686918548,0.0009554887807341186,-0.003844511481774469,               0.001,               0.002,-0.002000000000000001
                 1.6,0,0,                   0,                   0,  0.9999870047402775,-0.003281945897824129,0.000905230468323534,-0.003794698870313346,               0.001,               0.002,-0.002000000000000001
                1.65,0,0,                   0,                   0,  0.9999871548756336,-0.003306801090268764,0.0008549721508210282,-0.003744886237507041,               0.001,               0.002,-0.002000000000000001
                 1.7,0,0,                   0,                   0,  0.9999872993860621,-0.003331656264112642,0.0008047138285093036,-0.003695073583635752,               0.001,               0.002,-0.002000000000000001
                1.75,0,0,                   0,                   0,  0.9999874382715621,-0.003356511419215954,0.000754455501671064,-0.003645260908979674,               0.001,               0.002,-0.002000000000000001
                 1.8,0,0,                   0,                   0,  0.9999875715321327,-0.00338136655543889,0.0007041971705890119,-0.003595448213819004,               0.001,               0.002,-0.002000000000000001
                1.85,0,0,                   0,                   0,  0.9999876991677732,-0.00340622167264164,0.0006539388355458507,-0.003545635498433936,               0.001,               0.002,-0.002000000000000001
                 1.9,0,0,                   0,                   0,  0.9999878211784831,-0.003431076770684391,0.0006036804968242837,-0.003495822763104671,               0.001,               0.002,-0.002000000000000001
                1.95,0,0,                   0,                   0,  0.9999879375642614,-0.003455931849427336,0.0005534221547070139,-0.003446010008111401,               0.001,               0.002,-0.002000000000000001
                   2,0,0,                   0,                   0,  0.9999880483251076,-0.003480786908730665,0.0005031638094767444,-0.003396197233734325,               0.001,               0.002,-0.002000000000000001
                2.05,0,0,                   0,                   0,  0.9999881534610211,-0.003505641948454567,0.0004529054614161786,-0.003346384440253639,               0.001,               0.002,-0.002000000000000001
                 2.1,0,0,                   0,                   0,  0.9999882529720011,-0.003530496968459233,0.0004026471108080189,-0.003296571627949541,               0.001,               0.002,-0.002000000000000001
                2.15,0,0,                   0,                   0,  0.9999883468580473,-0.003555351968604854,0.0003523887579349698,-0.003246758797102229,               0.001,               0.002,-0.002000000000000001
                 2.2,0,0,                   0,                   0,  0.9999884351191591,-0.00358020694875162,0.0003021304030797333,-0.003196945947991896,               0.001,               0.002,-0.002000000000000001
                2.25,0,0,                   0,                   0,   0.999988517755336,-0.003605061908759722,0.0002518720465250138,-0.003147133080898745,               0.001,               0.002,-0.002000000000000001
                 2.3,0,0,                   0,                   0,  0.9999885947665775,-0.00362991684848935,0.0002016136885535137,-0.003097320196102968,               0.001,               0.002,-0.002000000000000001
                2.35,0,0,                   0,                   0,  0.9999886661528833,-0.003654771767800697,0.0001513553294479364,-0.003047507293884767,               0.001,               0.002,-0.002000000000000001
                 2.4,0,0,                   0,                   0,  0.9999887319142526,-0.003679626666553952,0.0001010969694909856,-0.002997694374524336,               0.001,               0.002,-0.002000000000000001
                2.45,0,0,                   0,                   0,  0.9999887920506855,-0.003704481544609307,5.08386089653639e-05,-0.002947881438301873,               0.001,               0.002,-0.002000000000000001
                 2.5,0,0,                   0,                   0,  0.9999888465621815,-0.003729336401826953,5.80248153775419e-07,-0.002898068485497579,               0.001,               0.002,-0.002000000000000001
                2.55,0,0,                   0,                   0,  0.9999888954487401,-0.003754191238067083,-4.967811266107704e-05,-0.002848255516391649,               0.001,               0.002,-0.002000000000000001
                 2.6,0,0,                   0,                   0,  0.9999889387103613,-0.003779046053189887,-9.993647319649063e-05,-0.002798442531264281,               0.001,               0.002,-0.002000000000000001
                2.65,0,0,                   0,                   0,  0.9999889763470448,-0.003803900847055556,-0.0001501948331697612,-0.002748629530395674,               0.001,               0.002,-0.002000000000000001
                 2.7,0,0,                   0,                   0,  0.9999890083587902,-0.003828755619524283,-0.0002004531922981862,-0.002698816514066027,               0.001,               0.002,-0.002000000000000001
                2.75,0,0,                   0,                   0,  0.9999890347455975,-0.003853610370456259,-0.0002507115502990618,-0.002649003482555535,               0.001,               0.002,-0.002000000000000001
                 2.8,0,0,                   0,                   0,  0.9999890555074665,-0.003878465099711678,-0.0003009699068896849, -0.0025991904361444,               0.001,               0.002,-0.002000000000000001
                2.85,0,0,                   0,                   0,   0.999989070644397,-0.003903319807150732,-0.0003512282617873528,-0.002549377375112816,               0.001,               0.002,-0.002000000000000001
                 2.9,0,0,                   0,                   0,   0.999989080156389,-0.003928174492633611,-0.0004014866147093614,-0.002499564299740988,               0.001,               0.002,-0.002000000000000001
                2.95,0,0,                   0,                   0,  0.9999890840434423,-0.003953029156020507,-0.0004517449653730082,-0.002449751210309107,               0.001,               0.002,-0.002000000000000001
                   3,0,0,                   0,                   0,  0.9999890823055572,-0.003977883797171614,-0.0005020033134955892,-0.002399938107097378,               0.001,               0.002,-0.002000000000000001
                3.05,0,0,                   0,                   0,  0.9999890749427335,-0.004002738415947126,-0.0005522616587944017,-0.002350124990385997,               0.001,               0.002,-0.002000000000000001
                 3.1,0,0,                   0,                   0,  0.9999890619549712,-0.004027593012207235,-0.000602520000986743,-0.002300311860455162,               0.001,               0.002,-0.002000000000000001
                3.15,0,0,                   0,                   0,  0.9999890433422703,-0.004052447585812134,-0.0006527783397899086,-0.002250498717585073,               0.001,               0.002,-0.002000000000000001
                 3.2,0,0,                   0,                   0,  0.9999890191046312,-0.004077302136622015,-0.0007030366749211968,-0.002200685562055928,               0.001,               0.002,-0.002000000000000001
                3.25,0,0,                   0,                   0,  0.9999889892420538,-0.004102156664497069,-0.0007532950060979035,-0.002150872394147928,               0.001,               0.002,-0.002000000000000001
                 3.3,0,0,                   0,                   0,  0.9999889537545384,-0.004127011169297494,-0.0008035533330373257,-0.002101059214141271,               0.001,               0.002,-0.002000000000000001
                3.35,0,0,                   0,                   0,   0.999988912642085,-0.004151865650883482,-0.0008538116554567609,-0.002051246022316155,               0.001,               0.002,-0.002000000000000001
                 3.4,0,0,                   0,                   0,   0.999988865904694,-0.004176720109115226,-0.0009040699730735051,-0.00200143281895278,               0.001,               0.002,-0.002000000000000001
                3.45,0,0,                   0,                   0,  0.9999888135423657,-0.004201574543852918,-0.0009543282856048563,-0.001951619604331346,               0.001,               0.002,-0.002000000000000001
                 3.5,0,0,                   0,                   0,  0.9999887555551003,-0.004226428954956754,-0.001004586592768111,-0.001901806378732051,               0.001,               0.002,-0.002000000000000001
                3.55,0,0,                   0,                   0,  0.9999886919428981,-0.004251283342286927,-0.001054844894280565,-0.001851993142435096,               0.001,               0.002,-0.002000000000000001
                 3.6,0,0,                   0,                   0,  0.9999886227057594,-0.00427613770570363,-0.001105103189859519,-0.001802179895720678,               0.001,               0.002,-0.002000000000000001
                3.65,0,0,                   0,                   0,  0.9999885478436847,-0.004300992045067057,-0.001155361479222266,-0.001752366638868998,               0.001,               0.002,-0.002000000000000001
                 3.7,0,0,                   0,                   0,  0.9999884673566745,-0.004325846360237405,-0.001205619762086105,-0.001702553372160257,               0.001,               0.002,-0.002000000000000001
                3.75,0,0,                   0,                   0,  0.9999883812447291,-0.004350700651074869,-0.001255878038168332,-0.001652740095874652,               0.001,               0.002,-0.002000000000000001
                 3.8,0,0,                   0,                   0,  0.9999882895078493,-0.004375554917439642,-0.001306136307186245,-0.001602926810292384,               0.001,               0.002,-0.002000000000000001
                3.85,0,0,                   0,                   0,  0.9999881921460347,-0.004400409159191918,-0.001356394568857143,-0.001553113515693653,               0.001,               0.002,-0.002000000000000001
                 3.9,0,0,                   0,                   0,  0.9999880891592873,-0.004425263376191894,-0.00140665282289832,-0.001503300212358658,               0.001,               0.002,-0.002000000000000001
                3.95,0,0,                   0,                   0,  0.9999879805476064,-0.004450117568299761,-0.001456911069027076,-0.001453486900567599,               0.001,               0.002,-0.002000000000000001
                   4,0,0,                   0,                   0,   0.999987866310993,-0.004474971735375718,-0.001507169306960707,-0.001403673580600677,               0.001,               0.002,-0.002000000000000001
                4.05,0,0,                   0,                   0,   0.999987746449448,-0.004499825877279959,-0.001557427536416511,-0.00135386025273809,               0.001,               0.002,-0.002000000000000001
                 4.1,0,0,                   0,                   0,  0.9999876209629718,-0.004524679993872681,-0.001607685757111784,-0.00130404691726004,               0.001,               0.002,-0.002000000000000001
                4.15,0,0,                   0,                   0,  0.9999874898515653,-0.004549534085014075,-0.001657943968763826,-0.001254233574446725,               0.001,               0.002,-0.002000000000000001
                 4.2,0,0,                   0,                   0,  0.9999873531152291,-0.00457438815056434,-0.001708202171089932,-0.001204420224578348,               0.001,               0.002,-0.002000000000000001
                4.25,0,0,                   0,                   0,  0.9999872107539641,-0.004599242190383672,-0.001758460363807401,-0.001154606867935106,               0.001,               0.002,-0.002000000000000001
                 4.3,0,0,                   0,                   0,  0.9999870627677709,-0.004624096204332268,-0.001808718546633531,-0.001104793504797201,               0.001,               0.002,-0.002000000000000001
                4.35,0,0,                   0,                   0,  0.9999869091566504,-0.004648950192270324,-0.001858976719285619,-0.001054980135444833,               0.001,               0.002,-0.002000000000000001
                 4.4,0,0,                   0,                   0,  0.9999867499206035,-0.004673804154058034,-0.001909234881480963,-0.001005166760158199,               0.001,               0.002,-0.002000000000000001
                4.45,0,0,                   0,                   0,  0.9999865850596312,-0.004698658089555594,-0.001959493032936861,-0.0009553533792175043,               0.001,               0.002,-0.002000000000000001
                 4.5,0,0,                   0,                   0,  0.9999864145737342,-0.004723511998623204,-0.002009751173370611,-0.0009055399929029466,               0.001,               0.002,-0.002000000000000001
                4.55,0,0,                   0,                   0,  0.9999862384629138,-0.004748365881121058,-0.002060009302499511,-0.0008557266014947261,               0.001,               0.002,-0.002000000000000001
                 4.6,0,0,                   0,                   0,  0.9999860567271713,-0.004773219736909354,-0.002110267420040859,-0.0008059132052730436,               0.001,               0.002,-0.002000000000000001
                4.65,0,0,                   0,                   0,  0.9999858693665076,-0.004798073565848291,-0.002160525525711952,-0.0007560998045180982,               0.001,               0.002,-0.002000000000000001
                 4.7,0,0,                   0,                   0,  0.9999856763809232,-0.004822927367798061,-0.002210783619230089,-0.0007062863995100924,               0.001,               0.002,-0.002000000000000001
                4.75,0,0,                   0,                   0,  0.9999854777704194,-0.004847781142618864,-0.002261041700312568,-0.0006564729905292253,               0.001,               0.002,-0.002000000000000001
                 4.8,0,0,                   0,                   0,  0.9999852735349972, -0.0048726348901709,-0.002311299768676688,-0.0006066595778556976,               0.001,               0.002,-0.002000000000000001
                4.85,0,0,                   0,                   0,  0.9999850636746578,-0.004897488610314367,-0.002361557824039746,-0.0005568461617697099,               0.001,               0.002,-0.002000000000000001
                 4.9,0,0,                   0,                   0,  0.9999848481894024,-0.004922342302909456,-0.002411815866119042,-0.0005070327425514617,               0.001,               0.002,-0.002000000000000001
                4.95,0,0,                   0,                   0,  0.9999846270792322,-0.004947195967816373,-0.002462073894631873,-0.0004572193204811548,               0.001,               0.002,-0.002000000000000001
                   5,0,0,                   0,                   0,  0.9999844282966271,-0.004966424692198246,-0.002512329440359337,-0.0004074198486933464,0.0005500000000000007,               0.002,-0.002000000000000001
                5.05,0,0,                   0,                   0,  0.9999842863830839,-0.004973153585356311,-0.002562579880248873,-0.0003576517788975942,5.000000000000241e-05,               0.002,-0.002000000000000001
                 5.1,0,0,                   0,                   0,  0.9999842015945865,-0.004967382649883112,-0.002612825836577306,-0.0003079157395478192,-0.0004499999999999959,               0.002,-0.002000000000000001
                5.15,0,0,                   0,                   0,  0.9999841737183753,-0.004949111886169936,-0.002663067930421871,-0.0002582123589284048,-0.000950000000000003,               0.002,-0.002000000000000001
                 5.2,0,0,                   0,                   0,  0.9999842020729486,-0.004918341292420154,-0.002713306781605246,-0.0002085422652085741,-0.001450000000000001,               0.002,-0.002000000000000001
                5.25,0,0,                   0,                   0,  0.9999842855080612,-0.004875070864691856,-0.002763543008640606,-0.00015890608649668,-0.001949999999999998,               0.002,-0.002000000000000001
                 5.3,0,0,                   0,                   0,  0.9999844007073729,-0.004823800527161237,-0.002813777847398753,-0.0001092919170112612,-0.002049999999999996,               0.002,-0.002000000000000001
                5.35,0,0,                   0,                   0,  0.9999845088896311,-0.004772405154807583,-0.002864012645456154,-5.967809276323297e-05,-0.002049999999999996,               0.002,-0.002000000000000001
                 5.4,0,0,                   0,                   0,  0.9999846094454449,-0.004721009746056884,-0.002914247421670983,-1.006426806006515e-05,-0.002049999999999996,               0.002,-0.002000000000000001
                5.45,0,0,                   0,                   0,  0.9999847023748135,-0.004669614301301109,-0.002964482175660122,3.954955671985751e-05,-0.002049999999999996,               0.002,-0.002000000000000001
                 5.5,0,0,                   0,                   0,  0.9999847876777364,-0.004618218820932227,-0.003014716907040452,8.916338119815299e-05,-0.002049999999999996,               0.002,-0.002000000000000001
                5.55,0,0,                   0,                   0,  0.9999848653542127,-0.004566823305342213,-0.003064951615428854,0.0001387772049964383,-0.002049999999999996,               0.002,-0.002000000000000001
                 5.6,0,0,                   0,                   0,   0.999984935404242,-0.00451542775492303,-0.003115186300442212,0.0001883910277363305,-0.002049999999999996,               0.002,-0.002000000000000001
                5.65,0,0,                   0,                   0,  0.9999849978278239,-0.004464032170066661,-0.003165420961697407,0.0002380048490394478,-0.002049999999999996,               0.002,-0.002000000000000001
                 5.7,0,0,                   0,                   0,  0.9999850526249576,-0.004412636551165069,-0.00321565559881132,0.0002876186685274053,-0.002049999999999996,               0.002,-0.002000000000000001
                5.75,0,0,                   0,                   0,   0.999985099795643,-0.00436124089861023,-0.003265890211400835,0.0003372324858218209,-0.002049999999999996,               0.002,-0.002000000000000001
                 5.8,0,0,                   0,                   0,  0.9999851393398793,-0.004309845212794116,-0.003316124799082835,0.0003868463005443118,-0.002049999999999996,               0.002,-0.002000000000000001
                5.85,0,0,                   0,                   0,  0.9999851712576666,-0.004258449494108695,-0.003366359361474201,0.0004364601123164952,-0.002049999999999996,               0.002,-0.002000000000000001
                 5.9,0,0,                   0,                   0,  0.9999851955490044,-0.004207053742945948,-0.003416593898191819,0.0004860739207599892,-0.002049999999999996,               0.002,-0.002000000000000001
                5.95,0,0,                   0,                   0,  0.9999852122138928,-0.004155657959697839,-0.003466828408852569,0.0005356877254964087,-0.002049999999999996,               0.002,-0.002000000000000001
                   6,0,0,                   0,                   0,  0.9999852212523314,-0.004104262144756347,-0.003517062893073335,0.0005853015261473732,-0.002049999999999996,               0.002,-0.002000000000000001
                6.05,0,0,                   0,                   0,  0.9999852226643202,-0.00405286629851344,-0.003567297350471001,0.000634915322334499,-0.002049999999999996,               0.002,-0.002000000000000001
                 6.1,0,0,                   0,                   0,  0.9999852164498592,-0.004001470421361095,-0.003617531780662451,0.000684529113679403,-0.002049999999999996,               0.002,-0.002000000000000001
                6.15,0,0,                   0,                   0,  0.9999852026089485,-0.003950074513691287,-0.003667766183264569,0.0007341428998037039,-0.002049999999999996,               0.002,-0.002000000000000001
                 6.2,0,0,                   0,                   0,  0.9999851811415881,-0.003898678575895989,-0.003718000557894239,0.0007837566803290168,-0.002049999999999996,               0.002,-0.002000000000000001
                6.25,0,0,                   0,                   0,   0.999985152047778,-0.003847282608367174,-0.003768234904168343,0.0008333704548769602,-0.002049999999999996,               0.002,-0.002000000000000001
                 6.3,0,0,                   0,                   0,   0.999985115327519,-0.003795886611496819,-0.003818469221703771,0.0008829842230691523,-0.002049999999999996,               0.002,-0.002000000000000001
                6.35,0,0,                   0,                   0,  0.9999850709808108,-0.003744490585676897,-0.003868703510117404, 0.00093259798452721,-0.002049999999999996,               0.002,-0.002000000000000001
                 6.4,0,0,                   0,                   0,   0.999985019007654,-0.003693094531299384,-0.003918937769026128,0.0009822117388727516,-0.002049999999999996,               0.002,-0.002000000000000001
                6.45,0,0,                   0,                   0,  0.9999849594080489,-0.003641698448756256,-0.003969171998046828,0.001031825485727394,-0.002049999999999996,               0.002,-0.002000000000000001
                 6.5,0,0,                   0,                   0,   0.999984892181996,-0.003590302338439486,-0.00401940619679639,0.001081439224712754,-0.002049999999999996,               0.002,-0.002000000000000001
                6.55,0,0,                   0,                   0,  0.9999848173294958,-0.00353890620074105,-0.004069640364891699,0.001131052955450449,-0.002049999999999996,               0.002,-0.002000000000000001
                 6.6,0,0,                   0,                   0,   0.999984734850549,-0.003487510036052926,-0.004119874501949639,0.001180666677562099,-0.002049999999999996,               0.002,-0.002000000000000001
                6.65,0,0,                   0,                   0,  0.9999846447451559,-0.003436113844767088,-0.004170108607587103,0.001230280390669321,-0.002049999999999996,               0.002,-0.002000000000000001
                 6.7,0,0,                   0,                   0,  0.9999845470133175,-0.003384717627275513,-0.004220342681420969,0.001279894094393732,-0.002049999999999996,               0.002,-0.002000000000000001
                6.75,0,0,                   0,                   0,  0.9999844416550345,-0.003333321383970178,-0.00427057672306813,0.001329507788356952,-0.002049999999999996,               0.002,-0.002000000000000001
                 6.8,0,0,                   0,                   0,  0.9999843286703077,-0.003281925115243059,-0.004320810732145471,0.001379121472180597,-0.002049999999999996,               0.002,-0.002000000000000001
                6.85,0,0,                   0,                   0,  0.9999842080591377,-0.003230528821486133,-0.004371044708269879,0.001428735145486285,-0.002049999999999996,               0.002,-0.002000000000000001
                 6.9,0,0,                   0,                   0,  0.9999840798215256,-0.003179132503091377,-0.004421278651058242,0.001478348807895637,-0.002049999999999996,               0.002,-0.002000000000000001
                6.95,0,0,                   0,                   0,  0.9999839439574727,-0.003127736160450769,-0.004471512560127446,0.001527962459030268,-0.002049999999999996,               0.002,-0.002000000000000001
                   7,0,0,                   0,                   0,  0.9999838004669804,-0.003076339793956286,-0.004521746435094381,0.001577576098511798,-0.002049999999999996,               0.002,-0.002000000000000001
                7.05,0,0,                   0,                   0,  0.9999836493500492,-0.003024943403999904,-0.004571980275575931,0.001627189725961845,-0.002049999999999996,               0.002,-0.002000000000000001
                 7.1,0,0,                   0,                   0,  0.9999834906066801,-0.002973546990973603,-0.00462221408118899,0.001676803341002028,-0.002049999999999996,               0.002,-0.002000000000000001
                7.15,0,0,                   0,                   0,  0.9999833242368743,-0.00292215055526936,-0.004672447851550445,0.001726416943253967,-0.002049999999999996,               0.002,-0.002000000000000001
                 7.2,0,0,                   0,                   0,  0.9999831502406332,-0.002870754097279152,-0.004722681586277184,0.001776030532339278,-0.002049999999999996,               0.002,-0.002000000000000001
                7.25,0,0,                   0,                   0,   0.999982968617958,-0.002819357617394959,-0.004772915284986095,0.001825644107879581,-0.002049999999999996,               0.002,-0.002000000000000001
                 7.3,0,0,                   0,                   0,  0.9999827793688502,-0.002767961116008758,-0.00482314894729407,0.001875257669496494,-0.002049999999999996,               0.002,-0.002000000000000001
                7.35,0,0,                   0,                   0,  0.9999825824933111,-0.002716564593512531,-0.004873382572817998,0.001924871216811639,-0.002049999999999996,               0.002,-0.002000000000000001
                 7.4,0,0,                   0,                   0,  0.9999823779913423,-0.002665168050298252,-0.00492361616117477,0.001974484749446634,-0.002049999999999996,               0.002,-0.002000000000000001
                7.45,0,0,                   0,                   0,   0.999982193824195,-0.00261376027838146,-0.004968224812344945,  0.0020241131529127,-0.002049999999999996,0.001550000000000001,-0.002000000000000001
                 7.5,0,0,                   0,                   0,  0.9999820651408351,-0.002562327187741269,-0.005000333653226824,0.002073774214992207,-0.002049999999999996,0.001050000000000004,-0.002000000000000001
                7.55,0,0,                   0,                   0,  0.9999819931394845,-0.002510868159999374,-0.005019942689196065, 0.00212346729409277,-0.002049999999999996,0.0005500000000000059,-0.002000000000000001
                 7.6,0,0,                   0,                   0,  0.9999819785496228,-0.002459382575510772,-0.005027051923467007,0.002173191747713188,-0.002049999999999996,5.000000000000761e-05,-0.002000000000000001
                7.65,0,0,                   0,                   0,  0.9999820216319876,-0.002407869813420002,-0.005021661357047014,0.002222946932389162,-0.002049999999999996,-0.0004499999999999996,-0.002000000000000001
                 7.7,0,0,                   0,                   0,  0.9999821221785741,-0.002356329251717454,-0.005003770988720103,0.002272732203638932,-0.002049999999999996,-0.0009499999999999978,-0.002000000000000001
                7.75,0,0,                   0,                   0,  0.9999822795126355,-0.002304760267295718,-0.004973380815059861,0.002322546915908857,-0.002049999999999996,-0.001449999999999996,-0.002000000000000001
                 7.8,0,0,                   0,                   0,   0.999982492488682,-0.002253162236006028,-0.004930490830471683, 0.00237239042251891,-0.002049999999999996,-0.001949999999999993,-0.002000000000000001
                7.85,0,0,                   0,                   0,  0.9999827375449986,-0.002201545306014195,-0.004879600949648193,0.002422252037368399,-0.002049999999999996,-0.002049999999999991,-0.002000000000000001
                 7.9,0,0,                   0,                   0,  0.9999829754646462,-0.002149928061782886,-0.004828586033181067,0.002472113914439471,-0.002049999999999996,-0.002049999999999991,-0.002000000000000001
                7.95,0,0,                   0,                   0,  0.9999832056313008,-0.002098310800882918,-0.004777571079277306,0.002521975772343934,-0.002049999999999996,-0.002049999999999991,-0.002000000000000001
                   8,0,0,                   0,                   0,  0.9999834280449608,-0.002046693523714483,-0.004726556088332445,0.002571837610695203,-0.002049999999999996,-0.002049999999999991,-0.002000000000000001
   8.050000000000001,0,0,                   0,                   0,  0.9999836427056242,-0.001995076230677777,-0.004675541060741999,0.002621699429106695,-0.002049999999999996,-0.002049999999999991,-0.002000000000000001
                 8.1,0,0,                   0,                   0,  0.9999838496132897,-0.001943458922172996,-0.004624525996901508,0.002671561227191821,-0.002049999999999996,-0.002049999999999991,-0.002000000000000001
                8.15,0,0,                   0,                   0,  0.9999840487679553,-0.001891841598600334,-0.004573510897206487,   0.002721423004564,-0.002049999999999996,-0.002049999999999991,-0.002000000000000001
   8.199999999999999,0,0,                   0,                   0,  0.9999842401696196,-0.00184022426035999,-0.004522495762052469,0.002771284760836645,-0.002049999999999996,-0.002049999999999991,-0.002000000000000001
                8.25,0,0,                   0,                   0,  0.9999844238182805,-0.001788606907852155,-0.004471480591834972,0.002821146495623176,-0.002049999999999996,-0.002049999999999991,-0.002000000000000001
   8.300000000000001,0,0,                   0,                   0,  0.9999845997139368,-0.001736989541477028,-0.004420465386949526,0.002871008208537004,-0.002049999999999996,-0.002049999999999991,-0.002000000000000001
                8.35,0,0,                   0,                   0,  0.9999847678565876,-0.001685372161634805,-0.004369450147791661,0.002920869899191545,-0.002049999999999996,-0.002049999999999991,-0.002000000000000001
                 8.4,0,0,                   0,                   0,  0.9999849282462316,-0.00163375476872568,-0.004318434874756902,0.002970731567200219,-0.002049999999999996,-0.002049999999999991,-0.002000000000000001
   8.449999999999999,0,0,                   0,                   0,  0.9999850808828677,-0.001582137363149851,-0.004267419568240777,0.003020593212176437,-0.002049999999999996,-0.002049999999999991,-0.002000000000000001
                 8.5,0,0,                   0,                   0,  0.9999852257664945,-0.001530519945307512,-0.004216404228638813,0.003070454833733619,-0.002049999999999996,-0.002049999999999991,-0.002000000000000001
   8.550000000000001,0,0,                   0,                   0,  0.9999853628971109,-0.00147890251559886,-0.004165388856346538,0.003120316431485183,-0.002049999999999996,-0.002049999999999991,-0.002000000000000001
                 8.6,0,0,                   0,                   0,  0.9999854922747159,-0.001427285074424094,-0.004114373451759487,0.003170178005044541,-0.002049999999999996,-0.002049999999999991,-0.002000000000000001
                8.65,0,0,                   0,                   0,  0.9999856138993084,-0.001375667622183407,-0.004063358015273178,0.003220039554025115,-0.002049999999999996,-0.002049999999999991,-0.002000000000000001
   8.699999999999999,0,0,                   0,                   0,  0.9999857277708873,-0.001324050159276999,-0.004012342547283148,0.003269901078040318,-0.002049999999999996,-0.002049999999999991,-0.002000000000000001
                8.75,0,0,                   0,                   0,  0.9999858338894518,-0.001272432686105063,-0.003961327048184925,0.003319762576703569,-0.002049999999999996,-0.002049999999999991,-0.002000000000000001
   8.800000000000001,0,0,                   0,                   0,  0.9999859322550013,-0.001220815203067797,-0.003910311518374035,0.003369624049628287,-0.002049999999999996,-0.002049999999999991,-0.002000000000000001
                8.85,0,0,                   0,                   0,   0.999986022867535, -0.0011691977105654,-0.003859295958246018,0.003419485496427887,-0.002049999999999996,-0.002049999999999991,-0.002000000000000001
                 8.9,0,0,                   0,                   0,  0.9999861057270522,-0.001117580208998064,-0.003808280368196394, 0.00346934691671579,-0.002049999999999996,-0.002049999999999991,-0.002000000000000001
   8.949999999999999,0,0,                   0,                   0,  0.9999861808335521,-0.001065962698765992,-0.003757264748620697,0.003519208310105411,-0.002049999999999996,-0.002049999999999991,-0.002000000000000001
                   9,0,0,                   0,                   0,  0.9999862481870341,-0.001014345180269376,-0.003706249099914458,0.003569069676210172,-0.002049999999999996,-0.002049999999999991,-0.002000000000000001
   9.050000000000001,0,0,                   0,                   0,  0.9999863077874978,-0.0009627276539084152,-0.003655233422473207,0.003618931014643489,-0.002049999999999996,-0.002049999999999991,-0.002000000000000001
                 9.1,0,0,                   0,                   0,  0.9999863596349425,-0.0009111101200833082,-0.003604217716692476, 0.00366879232501878,-0.002049999999999996,-0.002049999999999991,-0.002000000000000001
                9.15,0,0,                   0,                   0,  0.9999864037293682,-0.0008594925791942489,-0.00355320198296779,0.003718653606949467,-0.002049999999999996,-0.002049999999999991,-0.002000000000000001
   9.199999999999999,0,0,                   0,                   0,  0.9999864400707743,-0.000807875031641438,-0.003502186221694688,0.003768514860048967,-0.002049999999999996,-0.002049999999999991,-0.002000000000000001
                9.25,0,0,                   0,                   0,  0.9999864686591604,-0.0007562574778250691,-0.003451170433268695,0.003818376083930701,-0.002049999999999996,-0.002049999999999991,-0.002000000000000001
   9.300000000000001,0,0,                   0,                   0,  0.9999864894945264,-0.0007046399181453416,-0.003400154618085348,0.003868237278208088,-0.002049999999999996,-0.002049999999999991,-0.002000000000000001
                9.35,0,0,                   0,                   0,  0.9999865025768727,-0.0006530223530024545,-0.003349138776540182,0.003918098442494545,-0.002049999999999996,-0.002049999999999991,-0.002000000000000001
                 9.4,0,0,                   0,                   0,  0.9999865079061986,-0.0006014047827966017,-0.00329812290902872,0.003967959576403499,-0.002049999999999996,-0.002049999999999991,-0.002000000000000001
   9.449999999999999,0,0,                   0,                   0,   0.999986505482504,-0.0005497872079279841, -0.0032471070159465,0.004017820679548363,-0.002049999999999996,-0.002049999999999991,-0.002000000000000001
                 9.5,0,0,                   0,                   0,   0.999986495305789,-0.0004981696287967959,-0.003196091097689051,0.004067681751542563,-0.002049999999999996,-0.002049999999999991,-0.002000000000000001
   9.550000000000001,0,0,                   0,                   0,  0.9999864773760535,-0.0004465520458032363,-0.003145075154651909,0.004117542791999517,-0.002049999999999996,-0.002049999999999991,-0.002000000000000001
                 9.6,0,0,                   0,                   0,  0.9999864516932976,-0.0003949344593475049,-0.00309405918723061,0.004167403800532648,-0.002049999999999996,-0.002049999999999991,-0.002000000000000001
                9.65,0,0,                   0,                   0,  0.9999864182575222,-0.0003433168698297952,-0.003043043195820681,0.004217264776755376,-0.002049999999999996,-0.002049999999999991,-0.002000000000000001
   9.699999999999999,0,0,                   0,                   0,  0.9999863770687268,-0.0002916992776503089,-0.002992027180817659,0.004267125720281122,-0.002049999999999996,-0.002049999999999991,-0.002000000000000001
                9.75,0,0,                   0,                   0,  0.9999863281269121,-0.0002400816832092398,-0.002941011142617073,0.004316986630723311,-0.002049999999999996,-0.002049999999999991,-0.002000000000000001
   9.800000000000001,0,0,                   0,                   0,  0.9999862714320784,-0.0001884640869067874,-0.00288999508161446,0.004366847507695362,-0.002049999999999996,-0.002049999999999991,-0.002000000000000001
                9.85,0,0,                   0,                   0,  0.9999862069842261,-0.0001368464891431513,-0.002838978998205358,0.004416708350810699,-0.002049999999999996,-0.002049999999999991,-0.002000000000000001
                 9.9,0,0,                   0,                   0,  0.9999861347833559,-8.52288903185254e-05,-0.002787962892785296,0.004466569159682744,-0.002049999999999996,-0.002049999999999991,-0.002000000000000001
   9.949999999999999,0,0,                   0,                   0,  0.9999860548294679,-3.361129083311109e-05,-0.002736946765749809,0.004516429933924919,-0.002049999999999996,-0.002049999999999991,-0.002000000000000001
                  10,0,0,                   0,                   0,   0.999985967122563,1.800630891289755e-05,-0.002685930617494429, 0.00456629067315065,-0.002049999999999996,-0.002049999999999991,-0.002000000000000001
               10.05,0,0,                   0,                   0,   0.999985871662642,6.962390851930099e-05,-0.002634914448414692,0.004616151376973359,-0.002049999999999996,-0.002049999999999991,-0.002000000000000001
                10.1,0,0,                   0,                   0,  0.9999857684497054,0.0001212415075858997,-0.002583898258906142,0.004666012045006468,-0.002049999999999996,-0.002049999999999991,-0.002000000000000001
               10.15,0,0,                   0,                   0,  0.9999856574837541,0.0001728591057124997,-0.002532882049364301,0.004715872676863404,-0.002049999999999996,-0.002049999999999991,-0.002000000000000001
                10.2,0,0,                   0,                   0,  0.9999855387647891,0.0002244767024988996,-0.00248186582018471,0.004765733272157586,-0.002049999999999996,-0.002049999999999991,-0.002000000000000001
               10.25,0,0,                   0,                   0,  0.9999854122928111,0.0002760942975449052, -0.0024308495717629,0.004815593830502443,-0.002049999999999996,-0.002049999999999991,-0.002000000000000001
                10.3,0,0,                   0,                   0,  0.9999852780678211,0.0003277118904503173,-0.002379833304494409,  0.0048654543515114,-0.002049999999999996,-0.002049999999999991,-0.002000000000000001
               10.35,0,0,                   0,                   0,  0.9999851581989666,0.0003793188710887916,-0.002328818594408453,0.004910814901896179,-0.002049999999999996,-0.002049999999999991,-0.00160000000000001
                10.4,0,0,                   0,                   0,  0.9999850922646493,0.0004308970357494853,-0.002277808568257182,0.004943800602382636,-0.002049999999999996,-0.002049999999999991,-0.001100000000000003
               10.45,0,0,                   0,                   0,  0.9999850821134765,0.0004824467252172665,-0.00222680391461337,0.004964286459497052,-0.002049999999999996,-0.002049999999999991,-0.0006000000000000135
                10.5,0,0,                   0,                   0,  0.9999851285171384,0.0005339685769863378,-0.00217580527930575,0.004972272475799603,-0.002049999999999996,-0.002049999999999991,-0.0001000000000000063
               10.55,0,0,                   0,                   0,  0.9999852317785819,0.0005854632283621052,-0.00212481330708252,0.004967758651675053,-0.002049999999999996,-0.002049999999999991,0.0004000000000000008
                10.6,0,0,                   0,                   0,  0.9999853917320101,0.0006369313164048026,-0.002073828641667113,0.004950744985313887,-0.002049999999999996,-0.002049999999999991,0.0008999999999999901
               10.65,0,0,                   0,                   0,   0.999985607742882,0.0006883734778731792,-0.002022851925813963,0.004921231472722691,-0.002049999999999996,-0.002049999999999991,0.001399999999999997
                10.7,0,0,                   0,                   0,  0.9999858787079136,0.0007397903491682306,-0.001971883801364249,0.004879218107763874,-0.002049999999999996,-0.002049999999999991,0.001899999999999987
               10.75,0,0,                   0,                   0,  0.9999861813334242,0.0007911913404832368,-0.001920921480279832,0.004829204819936224,-0.002049999999999996,-0.002049999999999991,0.002000000000000002
                10.8,0,0,                   0,                   0,  0.9999864768158255,0.0008425920798160606,-0.001869959237419819,0.004779066496431559,-0.002049999999999996,-0.002049999999999991,0.002000000000000002
               10.85,0,0,                   0,                   0,  0.9999867645452069,0.0008939928126161609,-0.001818996980061781,0.004728928135874198,-0.002049999999999996,-0.002049999999999991,0.002000000000000002
                10.9,0,0,                   0,                   0,  0.9999870445215658,0.0009453935384850253,-0.001768034708600829,0.004678789738652864,-0.002049999999999996,-0.002049999999999991,0.002000000000000002
               10.95,0,0,                   0,                   0,  0.9999873167448995,0.0009967942570241329,-0.001717072423432086, 0.00462865130515629,-0.002049999999999996,-0.002049999999999991,0.002000000000000002
                  11,0,0,                   0,                   0,  0.9999875812152063,0.001048194967834972,-0.001666110124950664,0.004578512835773201,-0.002049999999999996,-0.002049999999999991,0.002000000000000002
               11.05,0,0,                   0,                   0,  0.9999878379324846,0.001099595670519025,-0.001615147813551681,0.004528374330892333,-0.002049999999999996,-0.002049999999999991,0.002000000000000002
                11.1,0,0,                   0,                   0,  0.9999880868967321,0.001150996364677773,-0.001564185489630257,0.004478235790902412,-0.002049999999999996,-0.002049999999999991,0.002000000000000002
               11.15,0,0,                   0,                   0,  0.9999883281079474,0.001202397049912705,-0.001513223153581506,0.004428097216192167,-0.002049999999999996,-0.002049999999999991,0.002000000000000002
                11.2,0,0,                   0,                   0,   0.999988561566128,  0.0012537977258253,-0.001462260805800549,0.004377958607150333,-0.002049999999999996,-0.002049999999999991,0.002000000000000002
               11.25,0,0,                   0,                   0,  0.9999887872712726,0.001305198392017047,-0.001411298446682499, 0.00432781996416564,-0.002049999999999996,-0.002049999999999991,0.002000000000000002
                11.3,0,0,                   0,                   0,  0.9999890052233791,0.001356599048089427,-0.001360336076622476,0.004277681287626817,-0.002049999999999996,-0.002049999999999991,0.002000000000000002
               11.35,0,0,                   0,                   0,  0.9999892154224459,0.001407999693643923,-0.001309373696015599,0.004227542577922596,-0.002049999999999996,-0.002049999999999991,0.002000000000000002
                11.4,0,0,                   0,                   0,  0.9999894178684714,0.001459400328282024,-0.001258411305256982,0.004177403835441706,-0.002049999999999996,-0.002049999999999991,0.002000000000000002
               11.45,0,0,                   0,                   0,   0.999989612561454,0.001510800951605209,-0.001207448904741747,0.004127265060572884,-0.002049999999999996,-0.002049999999999991,0.002000000000000002
                11.5,0,0,                   0,                   0,  0.9999897995013922,0.001562201563214967,-0.001156486494865009, 0.00407712625370486,-0.002049999999999996,-0.002049999999999991,0.002000000000000002
               11.55,0,0,                   0,                   0,  0.9999899786882848,0.001613602162712781,-0.001105524076021885,0.004026987415226365,-0.002049999999999996,-0.002049999999999991,0.002000000000000002
                11.6,0,0,                   0,                   0,  0.9999901501221289,0.001665002749700134,-0.001054561648607497,0.003976848545526135,-0.002049999999999996,-0.002049999999999991,0.002000000000000002
               11.65,0,0,                   0,                   0,  0.9999903138029244,0.001716403323778514,-0.00100359921301696,0.003926709644992901,-0.002049999999999996,-0.002049999999999991,0.002000000000000002
                11.7,0,0,                   0,                   0,  0.9999904697306701,0.001767803884549403,-0.0009526367696453945,0.003876570714015397,-0.002049999999999996,-0.002049999999999991,0.002000000000000002
               11.75,0,0,                   0,                   0,  0.9999906179053648,0.001819204431614289,-0.0009016743188879147,0.003826431752982354,-0.002049999999999996,-0.002049999999999991,0.002000000000000002
                11.8,0,0,                   0,                   0,  0.9999907583270072,0.001870604964574656,-0.0008507118611396415,0.003776292762282507,-0.002049999999999996,-0.002049999999999991,0.002000000000000002
               11.85,0,0,                   0,                   0,  0.9999908909955961,0.001922005483031988,-0.0007997493967956942,0.003726153742304593,-0.002049999999999996,-0.002049999999999991,0.002000000000000002
                11.9,0,0,                   0,                   0,   0.999991015911131,0.001973405986587773,-0.0007487869262511884,0.003676014693437341,-0.002049999999999996,-0.002049999999999991,0.002000000000000002
               11.95,0,0,                   0,                   0,  0.9999911330736105,0.002024806474843491,-0.0006978244499012458,0.003625875616069489,-0.002049999999999996,-0.002049999999999991,0.002000000000000002
                  12,0,0,                   0,                   0,  0.9999912424830338,0.002076206947400634,-0.0006468619681409814, 0.00357573651058977,-0.002049999999999996,-0.002049999999999991,0.002000000000000002
               12.05,0,0,                   0,                   0,  0.9999913441394002,0.002127607403860686,-0.0005958994813655153,0.003525597377386918,-0.002049999999999996,-0.002049999999999991,0.002000000000000002
                12.1,0,0,                   0,                   0,  0.9999914380427085,0.002179007843825128,-0.0005449369899699676,0.003475458216849671,-0.002049999999999996,-0.002049999999999991,0.002000000000000002
               12.15,0,0,                   0,                   0,  0.9999915241929582,0.002230408266895454,-0.0004939744943494536,0.003425319029366761,-0.002049999999999996,-0.002049999999999991,0.002000000000000002
                12.2,0,0,                   0,                   0,  0.9999916025901489,0.002281808672673143,-0.0004430119948990956,0.003375179815326926,-0.002049999999999996,-0.002049999999999991,0.002000000000000002
               12.25,0,0,                   0,                   0,  0.9999916732342796,0.002333209060759687,-0.0003920494920140086,0.003325040575118898,-0.002049999999999996,-0.002049999999999991,0.002000000000000002
                12.3,0,0,                   0,                   0,    0.99999173612535,0.002384609430756567,-0.0003410869860893127,0.003274901309131415,-0.002049999999999996,-0.002049999999999991,0.002000000000000002
               12.35,0,0,                   0,                   0,  0.9999917912633595,0.002436009782265271,-0.0002901244775201286,0.003224762017753214,-0.002049999999999996,-0.002049999999999991,0.002000000000000002
                12.4,0,0,                   0,                   0,  0.9999918386483075,0.002487410114887289,-0.0002391619667015715,0.003174622701373029,-0.002049999999999996,-0.002049999999999991,0.002000000000000002
               12.45,0,0,                   0,                   0,   0.999991878280194,0.002538810428224103,-0.0001881994540287634,0.003124483360379599,-0.002049999999999996,-0.002049999999999991,0.002000000000000002
                12.5,0,0,                   0,                   0,  0.9999919101590182,0.002590210721877205,-0.0001372369398968197,0.003074343995161656,-0.002049999999999996,-0.002049999999999991,0.002000000000000002
               12.55,0,0,                   0,                   0,  0.9999919342847804,0.002641610995448079,-8.62744247008609e-05, 0.00302420460610794,-0.002049999999999996,-0.002049999999999991,0.002000000000000002
                12.6,0,0,                   0,                   0,  0.9999919506574801,0.002693011248538211,-3.531190883600756e-05,0.002974065193607189,-0.002049999999999996,-0.002049999999999991,0.002000000000000002
               12.65,0,0,                   0,                   0,  0.9999919592771173,0.002744411480749092,1.56506073026252e-05,0.002923925758048139,-0.002049999999999996,-0.002049999999999991,0.002000000000000002
                12.7,0,0,                   0,                   0,  0.9999919601436917,0.002795811691682206, 6.6613123319915e-05,0.002873786299819527,-0.002049999999999996,-0.002049999999999991,0.002000000000000002
               12.75,0,0,                   0,                   0,  0.9999919532572036,0.002847211880939044,0.0001175756388207467,0.002823646819310089,-0.002049999999999996,-0.002049999999999991,0.002000000000000002
                12.8,0,0,                   0,                   0,  0.9999919386176528,0.002898612048121094,0.0001685381534099998,0.002773507316908566,-0.002049999999999996,-0.002049999999999991,0.002000000000000002
               12.85,0,0,                   0,                   0,  0.9999919162250395,0.002950012192829838,0.0002195006666925537,0.002723367793003694,-0.002049999999999996,-0.002049999999999991,0.002000000000000002
                12.9,0,0,                   0,                   0,  0.9999918860793637,0.003001412314666772,0.0002704631782732933,0.002673228247984211,-0.002049999999999996,-0.002049999999999991,0.002000000000000002
               12.95,0,0,                   0,                   0,   0.999991848180626,0.003052812413233379,0.0003214256877570961,0.002623088682238855,-0.002049999999999996,-0.002049999999999991,0.002000000000000002
                  13,0,0,                   0,                   0,  0.9999918025288265,0.003104212488131153,0.0003723881947488471,0.002572949096156363,-0.002049999999999996,-0.002049999999999991,0.002000000000000002
               13.05,0,0,                   0,                   0,  0.9999917491239654,0.003155612538961578,0.000423350698853426,0.002522809490125477,-0.002049999999999996,-0.002049999999999991,0.002000000000000002
                13.1,0,0,                   0,                   0,  0.9999916879660433,0.003207012565326143,0.0004743131996757123,0.002472669864534934,-0.002049999999999996,-0.002049999999999991,0.002000000000000002
               13.15,0,0,                   0,                   0,  0.9999916190550606, 0.00325841256682634,0.000525275696820591,0.002422530219773472,-0.002049999999999996,-0.002049999999999991,0.002000000000000002
                13.2,0,0,                   0,                   0,  0.9999915423910178,0.003309812543063657,0.0005762381898929393,0.002372390556229831,-0.002049999999999996,-0.002049999999999991,0.002000000000000002
               13.25,0,0,                   0,                   0,  0.9999914579739156,0.003361212493639584,0.0006272006784976431,0.002322250874292748,-0.002049999999999996,-0.002049999999999991,0.002000000000000002
                13.3,0,0,                   0,                   0,  0.9999913658037547,0.003412612418155611,0.0006781631622395814,0.002272111174350964,-0.002049999999999996,-0.002049999999999991,0.002000000000000002
               13.35,0,0,                   0,                   0,  0.9999912658805358,0.003464012316213224,0.0007291256407236342, 0.00222197145679322,-0.002049999999999996,-0.002049999999999991,0.002000000000000002
                13.4,0,0,                   0,                   0,  0.9999911582042594,0.003515412187413918,0.0007800881135546864,0.002171831722008251,-0.002049999999999996,-0.002049999999999991,0.002000000000000002
               13.45,0,0,                   0,                   0,  0.9999910427749266,0.003566812031359182,0.000831050580337616,0.002121691970384803,-0.002049999999999996,-0.002049999999999991,0.002000000000000002
                13.5,0,0,                   0,                   0,  0.9999909195925381,0.003618211847650508,0.0008820130406773084,0.002071552202311609,-0.002049999999999996,-0.002049999999999991,0.002000000000000002
               13.55,0,0,                   0,                   0,   0.999990788657095,0.003669611635889383,0.0009329754941786436,0.002021412418177412,-0.002049999999999996,-0.002049999999999991,0.002000000000000002
                13.6,0,0,                   0,                   0,  0.9999906499685982,0.003721011395677301,0.0009839379404465011,0.001971272618370952,-0.002049999999999996,-0.002049999999999991,0.002000000000000002
               13.65,0,0,                   0,                   0,  0.9999905035270491,0.003772411126615754,0.001034900379085766,0.001921132803280969,-0.002049999999999996,-0.002049999999999991,0.002000000000000002
                13.7,0,0,                   0,                   0,  0.9999903493324485, 0.00382381082830623,0.001085862809701318,0.001870992973296205,-0.002049999999999996,-0.002049999999999991,0.002000000000000002
               13.75,0,0,                   0,                   0,  0.9999901873847975,0.003875210500350223,0.001136825231898041,0.001820853128805397,-0.002049999999999996,-0.002049999999999991,0.002000000000000002
                13.8,0,0,                   0,                   0,  0.9999900176840975,0.003926610142349226,0.001187787645280816,0.001770713270197287,-0.002049999999999996,-0.002049999999999991,0.002000000000000002
               13.85,0,0,                   0,                   0,  0.9999898402303506, 0.00397800975390473,0.001238750049454523,0.001720573397860617,-0.002049999999999996,-0.002049999999999991,0.002000000000000002
                13.9,0,0,                   0,                   0,   0.999989655023558,0.004029409334618226,0.001289712444024048,0.001670433512184125,-0.002049999999999996,-0.002049999999999991,0.002000000000000002
               13.95,0,0,                   0,                   0,  0.9999894620637203,0.004080808884091206, 0.00134067482859427,0.001620293613556556,-0.002049999999999996,-0.002049999999999991,0.002000000000000002
                  14,0,0,                   0,                   0,  0.9999892613508395,0.004132208401925167,0.001391637202770073,0.001570153702366645,-0.002049999999999996,-0.002049999999999991,0.002000000000000002
               14.05,0,0,                   0,                   0,  0.9999890528849167,0.004183607887721597,0.001442599566156339,0.001520013779003135,-0.002049999999999996,-0.002049999999999991,0.002000000000000002
                14.1,0,0,                   0,                   0,  0.9999888366659537,0.004235007341081994, 0.00149356191835795,0.001469873843854771,-0.002049999999999996,-0.002049999999999991,0.002000000000000002
               14.15,0,0,                   0,                   0,  0.9999886126939523, 0.00428640676160785,0.001544524258979789,0.001419733897310291,-0.002049999999999996,-0.002049999999999991,0.002000000000000002
                14.2,0,0,                   0,                   0,  0.9999883809689141,0.004337806148900657,0.001595486587626737,0.001369593939758436,-0.002049999999999996,-0.002049999999999991,0.002000000000000002
               14.25,0,0,                   0,                   0,  0.9999881414908407,0.004389205502561914, 0.00164644890390368,0.001319453971587948,-0.002049999999999996,-0.002049999999999991,0.002000000000000002
                14.3,0,0,                   0,                   0,  0.9999878942597346, 0.00444060482219311,0.001697411207415499,0.001269313993187568,-0.002049999999999996,-0.002049999999999991,0.002000000000000002
               14.35,0,0,                   0,                   0,   0.999987639275597,0.004492004107395741,0.001748373497767074, 0.00121917400494604,-0.002049999999999996,-0.002049999999999991,0.002000000000000002
                14.4,0,0,                   0,                   0,    0.99998737653843,0.004543403357771303,0.001799335774563293,0.001169034007252101,-0.002049999999999996,-0.002049999999999991,0.002000000000000002
               14.45,0,0,                   0,                   0,  0.9999871060482358,0.004594802572921287,0.001850298037409036,0.001118894000494498,-0.002049999999999996,-0.002049999999999991,0.002000000000000002
                14.5,0,0,                   0,                   0,  0.9999868278050176,0.004646201752447194,0.001901260285909188,0.001068753985061968,-0.002049999999999996,-0.002049999999999991,0.002000000000000002
               14.55,0,0,                   0,                   0,  0.9999865418087764, 0.00469760089595052,0.001952222519668631,0.001018613961343255,-0.002049999999999996,-0.002049999999999991,0.002000000000000002
                14.6,0,0,                   0,                   0,  0.9999862480595144,0.004749000003032758,0.002003184738292246,0.0009684739297271022,-0.002049999999999996,-0.002049999999999991,0.002000000000000002
               14.65,0,0,                   0,                   0,  0.9999859465572338,0.004800399073295408,0.002054146941384922,0.0009183338906022482,-0.002049999999999996,-0.002049999999999991,0.002000000000000002
                14.7,0,0,                   0,                   0,  0.9999856373019371,0.004851798106339963,0.002105109128551539,0.0008681938443574383,-0.002049999999999996,-0.002049999999999991,0.002000000000000002
               14.75,0,0,                   0,                   0,  0.9999853202936267,0.004903197101767919,0.002156071299396983,0.0008180537913814114,-0.002049999999999996,-0.002049999999999991,0.002000000000000002
                14.8,0,0,                   0,                   0,   0.999984995532305,0.004954596059180778,0.002207033453526136,0.0007679137320629113,-0.002049999999999996,-0.002049999999999991,0.002000000000000002
               14.85,0,0,                   0,                   0,  0.9999846724023546,0.005004120006874147,0.002257996970915929,0.0007177694681099009,-0.001799999999999992,-0.002049999999999991,0.002000000000000002
                14.9,0,0,                   0,                   0,  0.9999843984967284,0.005042394091702207,0.002308968503277936,0.0006675997519821505,-0.001299999999999985,-0.002049999999999991,0.002000000000000002
               14.95,0,0,                   0,                   0,  0.9999841814394843,0.005068168340395919,0.002359948366370389,0.0006174011696146141,-0.0007999999999999958,-0.002049999999999991,0.002000000000000002
                  15,0,0,                   0,                   0,  0.9999840221934165,0.005081442758751957,0.002410935933905063,0.0005671730844674399,-0.0002999999999999886,-0.002049999999999991,0.002000000000000002
               15.05,0,0,                   0,                   0,  0.9999839212525761,0.005082217350352632,0.002461930578536801,0.0005169148596630677,0.0002000000000000185,-0.002049999999999991,0.002000000000000002
                15.1,0,0,                   0,                   0,  0.9999838786422702,0.005070492116534975,0.002512931671807775,0.0004666258580411266,0.0007000000000000078,-0.002049999999999991,0.002000000000000002
               15.15,0,0,                   0,                   0,  0.9999838939190632,0.005046267056389095,0.002563938584091721,0.0004163054422134059,0.001200000000000015,-0.002049999999999991,0.002000000000000002
                15.2,0,0,                   0,                   0,  0.9999839661707772,0.005009542166785862,0.002614950684538139,0.0003659529746189148,0.001700000000000004,-0.002049999999999991,0.002000000000000002
               15.25,0,0,                   0,                   0,  0.9999840878153675,0.004961567422592394, 0.00266596692770941,0.0003155711309127002,0.002000000000000016,-0.002049999999999991,0.002000000000000002
                15.3,0,0,                   0,                   0,  0.9999842112282687, 0.00491171767071198,0.002716983802164434,0.0002651843467058226,0.002000000000000016,-0.002049999999999991,0.002000000000000002
               15.35,0,0,                   0,                   0,  0.9999843270147279,0.004861867881372047, 0.00276800065589821,0.0002147975604765019,0.002000000000000016,-0.002049999999999991,0.002000000000000002
                15.4,0,0,                   0,                   0,  0.9999844351747439,0.004812018054952774,0.002819017488521659,0.0001644107726090123,0.002000000000000016,-0.002049999999999991,0.002000000000000002
               15.45,0,0,                   0,                   0,  0.9999845357083161,0.004762168191834346,0.002870034299645692,0.0001140239834876356,0.002000000000000016,-0.002049999999999991,0.002000000000000002
                15.5,0,0,                   0,                   0,  0.9999846286154441,0.004712318292396942,0.002921051088881231,6.363719349664601e-05,0.002000000000000016,-0.002049999999999991,0.002000000000000002
               15.55,0,0,                   0,                   0,  0.9999847138961269,0.004662468357020746,0.002972067855839193,1.325040302032346e-05,0.002000000000000016,-0.002049999999999991,0.002000000000000002
                15.6,0,0,                   0,                   0,  0.9999847915503637,0.004612618386085946,0.003023084600130489,-3.713638755705231e-05,0.002000000000000016,-0.002049999999999991,0.002000000000000002
               15.65,0,0,                   0,                   0,  0.9999848615781541,0.004562768379972723,0.003074101321366045,-8.752317785120683e-05,0.002000000000000016,-0.002049999999999991,0.002000000000000002
                15.7,0,0,                   0,                   0,  0.9999849239794975,0.004512918339061265,0.003125118019156773,-0.0001379099674778586,0.002000000000000016,-0.002049999999999991,0.002000000000000002
               15.75,0,0,                   0,                   0,  0.9999849787543933,0.004463068263731747,0.003176134693113595,-0.0001882967560527331,0.002000000000000016,-0.002049999999999991,0.002000000000000002
                15.8,0,0,                   0,                   0,  0.9999850259028412,0.004413218154364363,0.003227151342847426,-0.0002386835431915506,0.002000000000000016,-0.002049999999999991,0.002000000000000002
               15.85,0,0,                   0,                   0,   0.999985065424841,0.004363368011339296,0.003278167967969184,-0.0002890703285100313,0.002000000000000016,-0.002049999999999991,0.002000000000000002
                15.9,0,0,                   0,                   0,  0.9999850973203921,0.004313517835036729,0.003329184568089792,-0.0003394571116239009,0.002000000000000016,-0.002049999999999991,0.002000000000000002
               15.95,0,0,                   0,                   0,  0.9999851215894944,0.004263667625836852,0.003380201142820163,-0.0003898438921488778,0.002000000000000016,-0.002049999999999991,0.002000000000000002
                  16,0,0,                   0,                   0,  0.9999851382321477,0.004213817384119843, 0.00343121769177122,-0.0004402306697006875,0.002000000000000016,-0.002049999999999991,0.002000000000000002
               16.05,0,0,                   0,                   0,  0.9999851472483519,0.004163967110265893,0.003482234214553881,-0.0004906174438950508,0.002000000000000016,-0.002049999999999991,0.002000000000000002
                16.1,0,0,                   0,                   0,  0.9999851486381068,0.004114116804655189,0.003533250710779066,-0.0005410042143476891,0.002000000000000016,-0.002049999999999991,0.002000000000000002
               16.15,0,0,                   0,                   0,  0.9999851424014125,0.004064266467667919, 0.00358426718005769,-0.0005913909806743216,0.002000000000000016,-0.002049999999999991,0.002000000000000002
                16.2,0,0,                   0,                   0,   0.999985128538269,0.004014416099684262, 0.00363528362200068,-0.0006417777424906776,0.002000000000000016,-0.002049999999999991,0.002000000000000002
               16.25,0,0,                   0,                   0,  0.9999851070486764,0.003964565701084411,0.003686300036218953,-0.0006921644994124753,0.002000000000000016,-0.002049999999999991,0.002000000000000002
                16.3,0,0,                   0,                   0,  0.9999850779326349,0.003914715272248553,0.003737316422323427,-0.0007425512510554371,0.002000000000000016,-0.002049999999999991,0.002000000000000002
               16.35,0,0,                   0,                   0,  0.9999850411901448,0.003864864813556874,0.003788332779925024,-0.0007929379970352852,0.002000000000000016,-0.002049999999999991,0.002000000000000002
                16.4,0,0,                   0,                   0,  0.9999849968212061,0.003815014325389565,0.003839349108634661,-0.0008433247369677388,0.002000000000000016,-0.002049999999999991,0.002000000000000002
               16.45,0,0,                   0,                   0,  0.9999849448258193,0.003765163808126808,0.003890365408063265,-0.0008937114704685267,0.002000000000000016,-0.002049999999999991,0.002000000000000002
                16.5,0,0,                   0,                   0,  0.9999848852039849,0.003715313262148792,0.003941381677821755,-0.0009440981971533685,0.002000000000000016,-0.002049999999999991,0.002000000000000002
               16.55,0,0,                   0,                   0,  0.9999848179557033,0.003665462687835709, 0.00399239791752105,-0.0009944849166379863,0.002000000000000016,-0.002049999999999991,0.002000000000000002
                16.6,0,0,                   0,                   0,   0.999984743080975,0.003615612085567745,0.004043414126772073,-0.001044871628538103,0.002000000000000016,-0.002049999999999991,0.002000000000000002
               16.65,0,0,                   0,                   0,  0.9999846605798004,0.003565761455725094,0.004094430305185743,-0.001095258332469437,0.002000000000000016,-0.002049999999999991,0.002000000000000002
                16.7,0,0,                   0,                   0,  0.9999845704521804,0.003515910798687935,0.004145446452372988,-0.001145645028047718,0.002000000000000016,-0.002049999999999991,0.002000000000000002
               16.75,0,0,                   0,                   0,  0.9999844726981153,0.003466060114836464,0.004196462567944726,-0.001196031714888666,0.002000000000000016,-0.002049999999999991,0.002000000000000002
                16.8,0,0,                   0,                   0,   0.999984367317606,0.003416209404550868,0.004247478651511879,-0.001246418392608004,0.002000000000000016,-0.002049999999999991,0.002000000000000002
               16.85,0,0,                   0,                   0,  0.9999842543106536,0.003366358668211338,0.004298494702685371,-0.001296805060821453,0.002000000000000016,-0.002049999999999991,0.002000000000000002
                16.9,0,0,                   0,                   0,  0.9999841336772588,0.003316507906198066,0.004349510721076122,-0.001347191719144734,0.002000000000000016,-0.002049999999999991,0.002000000000000002
               16.95,0,0,                   0,                   0,  0.9999840054174224,0.003266657118891237, 0.00440052670629506,-0.001397578367193576,0.002000000000000016,-0.002049999999999991,0.002000000000000002
                  17,0,0,                   0,                   0,  0.9999838695311463,0.003216806306671044,0.004451542657953105, -0.0014479650045837,0.002000000000000016,-0.002049999999999991,0.002000000000000002
               17.05,0,0,                   0,                   0,  0.9999837260184309,0.003166955469917676,0.004502558575661185,-0.001498351630930829,0.002000000000000016,-0.002049999999999991,0.002000000000000002
                17.1,0,0,                   0,                   0,  0.9999835748792771,0.003117104609011325,0.004553574459030219,-0.001548738245850684,0.002000000000000016,-0.002049999999999991,0.002000000000000002
               17.15,0,0,                   0,                   0,  0.9999834161136859,0.003067253724332184,0.004604590307671129,-0.001599124848958988,0.002000000000000016,-0.002049999999999991,0.002000000000000002
                17.2,0,0,                   0,                   0,  0.9999832497216589,0.003017402816260437,0.004655606121194845,-0.00164951143987147,0.002000000000000016,-0.002049999999999991,0.002000000000000002
               17.25,0,0,                   0,                   0,  0.9999830757031969,0.002967551885176278,0.004706621899212291,-0.001699898018203849,0.002000000000000016,-0.002049999999999991,0.002000000000000002
                17.3,0,0,                   0,                   0,  0.9999828940583011,0.002917700931459899,0.004757637641334393,-0.001750284583571849,0.002000000000000016,-0.002049999999999991,0.002000000000000002
               17.35,0,0,                   0,                   0,  0.9999827047869736,0.002867849955491491,0.004808653347172071,-0.001800671135591195,0.002000000000000016,-0.002049999999999991,0.002000000000000002
                17.4,0,0,                   0,                   0,  0.9999825139631081,0.002818001252630555,0.004858419038216141,-0.001851054132718707,0.002000000000000016,-0.001849999999999994,0.002000000000000002
               17.45,0,0,                   0,                   0,  0.9999823677345948,0.002768172257077077,0.004897559880879455,-0.001901407234672604,0.002000000000000016,-0.001349999999999987,0.002000000000000002
                17.5,0,0,                   0,                   0,  0.9999822765893607, 0.00271836701212072,0.004924200913910374,-0.001951725722812612,0.002000000000000016,-0.0008499999999999794,0.002000000000000002
               17.55,0,0,                   0,                   0,   0.999982241532281,0.002668586148877208,0.004938342141588993,-0.002002010220704208,0.002000000000000016,-0.0003499999999999722,0.002000000000000002
                17.6,0,0,                   0,                   0,   0.999982263099491,0.002618830297136408,0.004939983566048744,-0.002052261351050255,0.002000000000000016,0.0001500000000000349,0.002000000000000002
               17.65,0,0,                   0,                   0,  0.9999823413583818,0.002569100085416807,0.004929125187242931,-0.002102479735635941,0.002000000000000016,0.0006500000000000065,0.002000000000000002
                17.7,0,0,                   0,                   0,  0.9999824759076035,0.002519396141019925,0.004905767002940617,-0.00215266599527382,0.002000000000000016,0.001150000000000014,0.002000000000000002
               17.75,0,0,                   0,                   0,  0.9999826658770631,0.002469719090084681,0.004869909008751766,-0.002202820749748893,0.002000000000000016,0.001650000000000021,0.002000000000000002
                17.8,0,0,                   0,                   0,   0.999982906311439,0.002420067876724657,0.004822301185361194,-0.002252946441522913,0.002000000000000016,0.002000000000000023,0.002000000000000002
               17.85,0,0,                   0,                   0,  0.9999831520326341,0.002370422484777229, 0.00477206837130887,-0.00230306568999272,0.002000000000000016,0.002000000000000023,0.002000000000000002
                17.9,0,0,                   0,                   0,  0.9999833902539557,0.002320777075051637,0.004721835521466038,-0.002353184921189531,0.002000000000000016,0.002000000000000023,0.002000000000000002
               17.95,0,0,                   0,                   0,  0.9999836209754018,0.002271131647920213,0.004671602636209434,-0.002403304134737458,0.002000000000000016,0.002000000000000023,0.002000000000000002
                  18,0,0,                   0,                   0,  0.9999838441969706,0.002221486203755302, 0.00462136971591581,-0.002453423330260603,0.002000000000000016,0.002000000000000023,0.002000000000000002
               18.05,0,0,                   0,                   0,  0.9999840599186599,0.002171840742929245,0.004571136760961914,-0.002503542507383074,0.002000000000000016,0.002000000000000023,0.002000000000000002
                18.1,0,0,                   0,                   0,  0.9999842681404689,0.002122195265814383,0.004520903771724492,-0.002553661665728975,0.002000000000000016,0.002000000000000023,0.002000000000000002
               18.15,0,0,                   0,                   0,  0.9999844688623959,0.002072549772783059,0.004470670748580295,-0.002603780804922412,0.002000000000000016,0.002000000000000023,0.002000000000000002
                18.2,0,0,                   0,                   0,  0.9999846620844393,0.002022904264207608,0.004420437691906065,-0.002653899924587495,0.002000000000000016,0.002000000000000023,0.002000000000000002
               18.25,0,0,                   0,                   0,  0.9999848478065978,0.001973258740460375,0.004370204602078554,-0.00270401902434833,0.002000000000000016,0.002000000000000023,0.002000000000000002
                18.3,0,0,                   0,                   0,  0.9999850260288702,0.001923613201913702,0.004319971479474504,-0.002754138103829021,0.002000000000000016,0.002000000000000023,0.002000000000000002
               18.35,0,0,                   0,                   0,   0.999985196751255, 0.00187396764893993, 0.00426973832447067,-0.002804257162653677,0.002000000000000016,0.002000000000000023,0.002000000000000002
                18.4,0,0,                   0,                   0,  0.9999853599737505,0.001824322081911404,0.004219505137443802, -0.0028543762004464,0.002000000000000016,0.002000000000000023,0.002000000000000002
               18.45,0,0,                   0,                   0,  0.9999855156963562, 0.00177467650120046,0.004169271918770642,-0.002904495216831304,0.002000000000000016,0.002000000000000023,0.002000000000000002
                18.5,0,0,                   0,                   0,  0.9999856639190706,0.001725030907179441,0.004119038668827943,-0.002954614211432495,0.002000000000000016,0.002000000000000023,0.002000000000000002
               18.55,0,0,                   0,                   0,  0.9999858046418926, 0.00167538530022069,0.004068805387992455,-0.003004733183874079,0.002000000000000016,0.002000000000000023,0.002000000000000002
                18.6,0,0,                   0,                   0,   0.999985937864821, 0.00162573968069655,0.004018572076640926,-0.003054852133780164,0.002000000000000016,0.002000000000000023,0.002000000000000002
               18.65,0,0,                   0,                   0,  0.9999860635878552,0.001576094048979366,0.003968338735150108,-0.003104971060774856,0.002000000000000016,0.002000000000000023,0.002000000000000002
                18.7,0,0,                   0,                   0,  0.9999861818109939,0.001526448405441473,0.003918105363896749,-0.003155089964482269,0.002000000000000016,0.002000000000000023,0.002000000000000002
               18.75,0,0,                   0,                   0,  0.9999862925342362,0.001476802750455216,0.003867871963257598,-0.003205208844526507,0.002000000000000016,0.002000000000000023,0.002000000000000002
                18.8,0,0,                   0,                   0,  0.9999863957575813,0.001427157084392939,0.003817638533609409,-0.003255327700531677,0.002000000000000016,0.002000000000000023,0.002000000000000002
               18.85,0,0,                   0,                   0,  0.9999864914810285,0.001377511407626984,0.003767405075328929,-0.00330544653212189,0.002000000000000016,0.002000000000000023,0.002000000000000002
                18.9,0,0,                   0,                   0,   0.999986579704577,0.001327865720529696,0.003717171588792916,-0.003355565338921251,0.002000000000000016,0.002000000000000023,0.002000000000000002
               18.95,0,0,                   0,                   0,  0.9999866604282263,0.001278220023473413,0.003666938074378111,-0.003405684120553876,0.002000000000000016,0.002000000000000023,0.002000000000000002
                  19,0,0,                   0,                   0,  0.9999867336519749,0.001228574316830479,0.003616704532461271,-0.003455802876643869,0.002000000000000016,0.002000000000000023,0.002000000000000002
               19.05,0,0,                   0,                   0,  0.9999867993758229,0.001178928600973238,0.003566470963419148,-0.003505921606815341,0.002000000000000016,0.002000000000000023,0.002000000000000002
                19.1,0,0,                   0,                   0,  0.9999868575997697,0.001129282876274032,0.003516237367628491,-0.003556040310692401,0.002000000000000016,0.002000000000000023,0.002000000000000002
               19.15,0,0,                   0,                   0,  0.9999869083238151,0.001079637143105208,0.003466003745466058,-0.003606158987899155,0.002000000000000016,0.002000000000000023,0.002000000000000002
                19.2,0,0,                   0,                   0,  0.9999869515479586,0.001029991401839103,0.003415770097308593,-0.00365627763805972,0.002000000000000016,0.002000000000000023,0.002000000000000002
               19.25,0,0,                   0,                   0,     0.9999869872722,0.0009803456528480615,0.003365536423532853,-0.003706396260798201,0.002000000000000016,0.002000000000000023,0.002000000000000002
                19.3,0,0,                   0,                   0,  0.9999870154965391,0.0009306998965044282, 0.00331530272451559,-0.003756514855738712,0.002000000000000016,0.002000000000000023,0.002000000000000002
               19.35,0,0,                   0,                   0,  0.9999870362209756,0.0008810541331805455,0.003265069000633556,-0.00380663342250536,0.002000000000000016,0.002000000000000023,0.002000000000000002
                19.4,0,0,                   0,                   0,  0.9999870494455093,0.0008314083632487602,0.003214835252263509,-0.003856751960722255,0.002000000000000016,0.002000000000000023,0.002000000000000002
               19.45,0,0,                   0,                   0,  0.9999870551701401,0.0007817625870814087,0.003164601479782193,-0.003906870470013513,0.002000000000000016,0.002000000000000023,0.002000000000000002
                19.5,0,0,                   0,                   0,  0.9999870533948679,0.0007321168050508382,0.003114367683566366,-0.003956988950003242,0.002000000000000016,0.002000000000000023,0.002000000000000002
               19.55,0,0,                   0,                   0,   0.999987044119693,0.0006824710175293913,0.003064133863992782,-0.004007107400315556,0.002000000000000016,0.002000000000000023,0.002000000000000002
                19.6,0,0,                   0,                   0,  0.9999870273446152,0.0006328252248894117,0.003013900021438194,-0.004057225820574562,0.002000000000000016,0.002000000000000023,0.002000000000000002
               19.65,0,0,                   0,                   0,  0.9999870030696346,0.0005831794275032465, 0.00296366615627936,-0.004107344210404373,0.002000000000000016,0.002000000000000023,0.002000000000000002
                19.7,0,0,                   0,                   0,  0.9999869712947517,0.0005335336257432321,0.002913432268893025,-0.004157462569429105,0.002000000000000016,0.002000000000000023,0.002000000000000002
               19.75,0,0,                   0,                   0,  0.9999869320199662,0.0004838878199817158,0.002863198359655948,-0.004207580897272869,0.002000000000000016,0.002000000000000023,0.002000000000000002
                19.8,0,0,                   0,                   0,  0.9999868852452789,0.0004342420105910407,0.002812964428944885,-0.004257699193559774,0.002000000000000016,0.002000000000000023,0.002000000000000002
               19.85,0,0,                   0,                   0,  0.9999868309706901,0.0003845961979435506,0.002762730477136588,-0.004307817457913937,0.002000000000000016,0.002000000000000023,0.002000000000000002
                19.9,0,0,                   0,                   0,  0.9999867691961996,0.0003349503824115926,0.002712496504607816,-0.004357935689959464,0.002000000000000016,0.002000000000000023,0.002000000000000002
               19.95,0,0,                   0,                   0,  0.9999866999218083,0.0002853045643675031,0.002662262511735317,-0.004408053889320478,0.002000000000000016,0.002000000000000023,0.002000000000000002
                  20,1,0,                   0,                   0,  0.9999866232637366,0.0002357304017541111,0.002612101005462145,-0.00445809971630308, 0.00197113248654054,0.001971132486540547,0.001971132486540527
               20.05,1,0,                   0,                   0,   0.999986547224722,0.0001907423220284692,0.002566579901604127,-0.004503515796549011,0.001682457351945722,0.001682457351945729, 0.00168245735194571
                20.1,1,0,                   0,                   0,  0.9999864785319649,0.0001529199985387169,0.002528309443405195,-0.004541697925735266,0.001393782217350904, 0.00139378221735091,0.001393782217350894
               20.15,1,0,                   0,                   0,  0.9999864196595897,0.0001222634318834999,0.002497289637343695,-0.004572646114876326,0.001105107082756106,0.001105107082756111,0.001105107082756099
                20.2,1,0,                   0,                   0,  0.9999863726129771,9.877262243359965e-05,0.002473520488554792,-0.004596360373015426,0.0008164319481612889,0.0008164319481612924,0.0008164319481612836
               20.25,1,0,                   0,                   0,  0.9999863389287638,8.244757040379736e-05,0.002457002000903186,-0.004612840707151992,0.0005277568135664715,0.0005277568135664737,0.000527756813566468
                20.3,1,0,                   0,                   0,  0.9999863196748433,7.328827590792158e-05,0.002447734177038818,-0.004622087122186094,0.0002390816789716542,0.0002390816789716553,0.0002390816789716527
               20.35,1,1,3.910161513779502e-07,  0.5498878393089084,  0.9999863150557073,7.066004150832144e-05,0.002445573676092731,-0.004624270519427285,0.0001139978735966936,-3.572438380899459e-06,3.301677831304326e-06
                20.4,1,1,1.734609690826638e-05,  0.5498878393089084,  0.9999863136486549,6.094075843583161e-05,0.002445833272237176,-0.004624575783628127,0.0006135432720514469,-1.922707384151419e-05,1.776982461133324e-05
               20.45,1,1,5.930117766515574e-05,  0.5498878393089084,  0.9999863100783869,3.873208607522362e-05,0.002446426451510495,-0.004625273314155845,0.001113088670506236,-3.488170930213003e-05,3.22379713913632e-05
                20.5,1,1,0.0001262562584220459,  0.5498878393089084,  0.9999863035113832,4.03402440113513e-06,0.002447353211873326,-0.004626363107154899,0.001612634068961026,-5.053634476274588e-05,4.670611817139315e-05
               20.55,1,1,0.0002182113391789367,  0.5498878393089084,  0.9999862926453778,-4.315342656430237e-05,0.002448613550137793,-0.004627845156599603,0.002112179467415815,-6.619098022336175e-05,6.117426495142311e-05
                20.6,1,1,0.0003351664199358283,  0.5498878393089084,  0.9999862757093625,-0.0001028302666701396,0.002450207461965328,-0.004629719454291548,0.002611724865870605,-8.184561568397762e-05,7.56424117314531e-05
               20.65,1,1,0.0004771215006927098,  0.5498878393089084,  0.9999862504635854,-0.0001749964955260085,0.002452134941863727,-0.004631985989856142, 0.00311127026432536,-9.750025114459237e-05,9.011055851148205e-05
                20.7,1,1,0.0006440765814496013,  0.5498878393089084,  0.9999862141995508,-0.0002596521123622759,0.002454395983183403,-0.004634644750738211, 0.00361081566278015,-0.0001131548866052083,0.000104578705291512
               20.75,1,1,0.0008360316622064933,  0.5498878393089084,  0.9999861637400204,-0.0003567971158608731,0.002456990578112879,-0.004637695722196696, 0.00411036106123494,-0.0001288095220658241,0.000119046852071542
                20.8,1,1,0.001052986742963386,  0.5498878393089084,  0.9999860954390121,-0.0004664315039569042, 0.00245991871767348,-0.00464113888729841,0.004609906459689729,-0.00014446415752644,0.000133514998851572
               20.85,1,1, 0.00129494182372028,  0.5498878393089084,   0.999986005181801,-0.0005885552736109574,0.002463180391713258,-0.004644974226910897, 0.00510945185814452,-0.0001601187929870559,0.000147983145631602
                20.9,1,1,0.001561896904477155,  0.5498878393089084,  0.9999858883849196,-0.0007231684205521399,0.002466775588900125,-0.004649201719694355,0.005608997256599274,-0.0001757734284476706,0.0001624512924116309
               20.95,1,1,0.001853851985234048,  0.5498878393089084,  0.9999857399961584,-0.0008702709389918897,0.002470704296714218,-0.004653821342092656,0.006108542655054065,-0.0001914280639082865,0.0001769194391916609
                  21,1,1,0.002170807065990942,  0.5498878393089084,  0.9999855544945663,-0.001029862821308419,0.002474966501439463,-0.004658833068323439,0.006608088053508854,-0.0002070826993689024,0.0001913875859716908
               21.05,1,1,0.002512762146747836,  0.5498878393089084,  0.9999853258904515,-0.001201944057701978,0.002479562188154372,-0.004664236870367276,0.007107633451963645,-0.0002227373348295183,0.0002058557327517208
                21.1,1,1,0.002879717227504732,  0.5498878393089084,  0.9999850477253815,-0.001386514635820808,0.002484491340722057,-0.004670032717955934,0.007607178850418434,-0.0002383919702901341,0.0002203238795317508
               21.15,1,1,  0.0032716723082616,  0.5498878393089084,  0.9999847130721867,-0.001583574540357808,0.002489753941779458,-0.004676220578559712,0.008106724248873185,-0.0002540466057507487,0.0002347920263117796
                21.2,1,1,0.003688627389018494,  0.5498878393089084,  0.9999843145349586,-0.001793123752618006,0.002495349972725791,-0.004682800417373865,0.008606269647327969,-0.0002697012412113644,0.0002492601730918094
               21.25,1,1, 0.00413058246977539,  0.5498878393089084,  0.9999838442490541,-0.00201516225005662,0.002501279413710222,-0.004689772197304096,0.009105815045782752,-0.0002853558766719801,0.0002637283198718392
                21.3,1,1,0.004597537550532285,  0.5498878393089084,  0.9999832938810966,-0.002249690005787983,0.002507542243618749,-0.004697135878951153,0.009605360444237536,-0.0003010105121325958,0.000278196466651869
               21.35,1,1,0.005089492631289181,  0.5498878393089084,  0.9999826546289783,-0.002496706988065131,0.002514138440060308,-0.00470489142059448, 0.01010490584269232,-0.0003166651475932115,0.0002926646134318989
                21.4,1,1,0.005606447712046041,  0.5498878393089084,  0.9999819172218639,-0.002756213159730112,  0.0025210679793521,-0.004713038778174981, 0.01060445124114707,-0.000332319783053826,0.0003071327602119276
               21.45,1,1,0.006148402792802937,  0.5498878393089084,  0.9999810719201935,-0.00302820847763512,0.002528330836504138,-0.004721577905276845, 0.01110399663960185,-0.0003479744185144417,0.0003216009069919574
                21.5,1,1,0.006715357873559833,  0.5498878393089084,  0.9999801085156859,-0.003312692892034179, 0.00253592698520301,-0.004730508753108458, 0.01160354203805664,-0.0003636290539750574,0.0003360690537719872
               21.55,1,1,0.007307312954316729,  0.5498878393089084,  0.9999790163313442,-0.003609666345945724,0.002543856397794861, -0.0047398312704824, 0.01210308743651142,-0.0003792836894356731,0.000350537200552017
                21.6,1,1,0.007924268035073624,  0.5498878393089084,  0.9999777842214606,-0.00391912877448585,0.002552119045267599,-0.004749545403794538,  0.0126026328349662,-0.0003949383248962888,0.0003650053473320468
               21.65,1,1,0.008566223115830475,  0.5498878393089084,  0.9999764005716218,-0.004241080104172259,0.002560714897232319,-0.004759651097002182, 0.01310217823342095,-0.0004105929603569033,0.0003794734941120755
                21.7,1,1,0.009233178196587371,  0.5498878393089084,  0.9999748532987164,-0.004575520252199066,0.002569643921903949,-0.004770148291601352, 0.01360172363187574,-0.000426247595817519,0.0003939416408921053
               21.75,1,1,0.009925133277344268,  0.5498878393089084,  0.9999731298509416,-0.004922449125682118,0.002578906086081107,-0.004781036926603078, 0.01410126903033052,-0.0004419022312781346,0.0004084097876721351
                21.8,1,1, 0.01064208835810117,  0.5498878393089084,  0.9999712172078115,-0.005281866620875256,0.002588501355125194,-0.004792316938508858,  0.0146008144287853,-0.0004575568667387503,0.0004228779344521649
               21.85,1,1, 0.01138404343885807,  0.5498878393089084,  0.9999691018801673,-0.005653772622357224,0.002598429692938694,-0.004803988261285138, 0.01510035982724009,-0.000473211502199366,0.0004373460812321947
                21.9,1,1, 0.01215099851961491,  0.5498878393089084,  0.9999667699101867,-0.006038167002189267,0.002608691061942705,-0.004816050826336915, 0.01559990522569484,-0.0004888661376599805,0.0004518142280122235
               21.95,1,1,  0.0129429536003718,  0.5498878393089084,  0.9999642068713963,-0.006435049619043652,0.002619285423053681,-0.004828504562480408, 0.01609945062414963,-0.0005045207731205967,0.0004662823747922536
                  22,1,1,  0.0137599086811287,  0.5498878393089084,  0.9999613978686828,-0.006844420317302622,0.002630212735659404,-0.004841349395914825, 0.01659899602260443,-0.0005201754085812127,0.0004807505215722838
               22.05,1,1,  0.0146018637618856,  0.5498878393089084,  0.9999583275383072,-0.007266278926128359,0.002641472957594177,-0.004854585250193207, 0.01709854142105922,-0.0005358300440418287,0.000495218668352314
                22.1,1,1,  0.0154688188426425,  0.5498878393089084,  0.9999549800479217,-0.007700625258503586,0.002653066045113227,-0.004868212046192371, 0.01759808681951402,-0.0005514846795024449,0.0005096868151323441
               22.15,1,1, 0.01636077392339934,  0.5498878393089084,  0.9999513390965844,-0.008147459110242861,0.002664991952866351,-0.004882229702081927, 0.01809763221796878,-0.0005671393149630598,0.0005241549619123732
                22.2,1,1, 0.01727772900415625,  0.5498878393089084,  0.9999473879147773,-0.00860678025897482,0.002677250633870763,-0.004896638133292397, 0.01859717761642358,-0.0005827939504236759,0.0005386231086924034
               22.25,1,1, 0.01821968408491315,  0.5498878393089084,  0.9999431092644288,-0.009078588463094816,0.002689842039483175,-0.004911437252482421, 0.01909672301487837,-0.0005984485858842919,0.0005530912554724336
                22.3,1,1, 0.01918663916567005,  0.5498878393089084,  0.9999384854389308,-0.009562883460688615,0.002702766119371103,-0.004926626969505036, 0.01959626841333317,-0.000614103221344908,0.0005675594022524637
               22.35,1,1, 0.02017859424642695,  0.5498878393089084,  0.9999334982631654,-0.01005966496842674,0.002716022821483385,-0.004942207191373061, 0.02009581381178796,-0.0006297578568055241,0.0005820275490324939
                22.4,1,1, 0.02119554932718378,  0.5498878393089084,  0.9999281290935288, -0.0105689326804295,0.002729612092019938,-0.004958177822223565, 0.02059535921024273,-0.000645412492266139,0.000596495695812523
               22.45,1,1, 0.02223750440794069,  0.5498878393089084,  0.9999223588179582,-0.01109068626710301, 0.00274353387540072,-0.004974538763281437, 0.02109490460869752,-0.0006610671277267551,0.0006109638425925532
                22.5,1,1,  0.0233044594886976,  0.5498878393089084,  0.9999161678559615,-0.01162492537394556,0.002757788114233937,-0.004991289912822028, 0.02159445000715232,-0.0006767217631873712,0.0006254319893725833
               22.55,1,1,  0.0243964145694545,  0.5498878393089084,  0.9999095361586476,-0.01217164962032515,0.002772374749283455,-0.005008431166132891, 0.02209399540560712,-0.0006923763986479872,0.0006399001361526135
                22.6,1,1, 0.02551336965021141,  0.5498878393089084,  0.9999024432087611,-0.01273085859822756,0.002787293719435445,-0.005025962415474632, 0.02259354080406191,-0.0007080310341086033,0.0006543682829326436
               22.65,1,1, 0.02665532473096823,  0.5498878393089084,  0.9998948680207183,-0.01330255187097527,0.002802544961664264,-0.00504388355004083, 0.02309308620251667,-0.0007236856695692183,0.0006688364297126728
                22.7,1,1, 0.02782227981172514,  0.5498878393089084,  0.9998867891406448,-0.01388672897191727, 0.00281812841099754,-0.005062194455917056, 0.02359263160097147,-0.0007393403050298343,0.0006833045764927029
               22.75,1,1, 0.02901423489248205,  0.5498878393089084,  0.9998781846464174,-0.01448338940308928,0.002834044000480499,-0.005080895016038999, 0.02409217699942626,-0.0007549949404904504,0.0006977727232727331
                22.8,1,1, 0.03023118997323896,  0.5498878393089084,  0.9998690321477088,-0.01509253263384515,0.002850291661139513,-0.005099985110149679, 0.02459172239788106,-0.0007706495759510664,0.0007122408700527632
               22.85,1,1, 0.03147314505399587,  0.5498878393089084,  0.9998593087860332,-0.01571415809945888,0.002866871321944878,-0.005119464614755747, 0.02509126779633586,-0.0007863042114116826,0.0007267090168327934
                22.9,1,1,  0.0327401001347527,  0.5498878393089084,  0.9998489912347955,-0.01634826519969737,0.002883782909772805,-0.005139333403082885, 0.02559081319479062,-0.0008019588468722975,0.0007411771636128225
               22.95,1,1, 0.03403205521550962,  0.5498878393089084,  0.9998380556993468,-0.01699485329736426, 0.00290102634936667,-0.005159591345030337, 0.02609035859324542,-0.0008176134823329135,0.0007556453103928527
                  23,1,1, 0.03534901029626653,  0.5498878393089084,  0.9998264779170376,-0.01765392171681401,0.002918601563297451,-0.005180238307124464, 0.02658990399170021,-0.0008332681177935297,0.0007701134571728828
               23.05,1,1, 0.03669096537702345,  0.5498878393089084,  0.9998142331572799,-0.01832546974243742, 0.00293650847192343,-0.005201274152471486, 0.02708944939015501,-0.0008489227532541457,0.000784581603952913
                23.1,1,1, 0.03805792045778034,  0.5498878393089084,  0.9998012962216086,-0.01900949661711758,  0.0029547469933491,-0.005222698740709253,  0.0275889947886098,-0.0008645773887147617,0.0007990497507329432
               23.15,1,1, 0.03944987553853717,  0.5498878393089084,  0.9997876414437479,-0.01970600154065669,0.002973317043383316,-0.005244511927958151, 0.02808854018706456,-0.0008802320241753768,0.0008135178975129723
                23.2,1,1, 0.04086683061929407,  0.5498878393089084,  0.9997732426896837,-0.02041498366817405, 0.00299221853549667,-0.005266713566771104, 0.02858808558551936,-0.0008958866596359928,0.0008279860442930024
               23.25,1,1,   0.042308785700051,  0.5498878393089084,   0.999758073357736,-0.02113644210847421,0.003011451380778094,-0.005289303506082681, 0.02908763098397416,-0.0009115412950966089,0.0008424541910730326
                23.3,1,1, 0.04377574078080792,  0.5498878393089084,  0.9997421063786387,-0.02187037592238664,  0.0030310154878907,-0.00531228159115729, 0.02958717638242895,-0.0009271959305572249,0.0008569223378530628
               23.35,1,1, 0.04526769586156482,  0.5498878393089084,  0.9997253142156214,-0.02261678412107593,0.003050910763026853,-0.005335647663536499, 0.03008672178088375,-0.000942850566017841,0.0008713904846330929
                23.4,1,1, 0.04678465094232164,  0.5498878393089084,  0.9997076688644967,-0.02337566566432283,0.003071137109862467,-0.005359401560985437, 0.03058626717933851,-0.000958505201478456,0.000885858631413122
               23.45,1,1, 0.04832660602307855,  0.5498878393089084,  0.9996891418537514,-0.02414701945877649,0.003091694429510543,-0.005383543117438333, 0.03108581257779331,-0.000974159836939072,0.0009003267781931522
                23.5,1,1, 0.04989356110383548,  0.5498878393089084,  0.9996697042446441,-0.02493084435617704,0.003112582620473945,-0.005408072162943129, 0.03158535797624808,-0.0009898144723996874,0.0009147949249731816
               23.55,1,1,  0.0514855161845924,  0.5498878393089084,  0.9996493266313042,-0.02572713915154955,0.003133801578597388,-0.005432988523605227, 0.03208490337470284,-0.001005469107860302,0.0009292630717532107
                23.6,1,1, 0.05310247126534932,  0.5498878393089084,  0.9996279791408391,-0.02653590258136868,0.003155351197018694,-0.005458292021530324,  0.0325844487731576,-0.001021123743320917, 0.00094373121853324
               23.65,1,1, 0.05474442634610611,  0.5498878393089084,  0.9996056314334452,-0.02735713332169425,0.003177231366119251,-0.005483982474766373, 0.03308399417161233,-0.001036778378781531,0.0009581993653132681
                23.7,1,1, 0.05641138142686303,  0.5498878393089084,  0.9995822527025233,-0.02819082998627803, 0.00319944197347374,-0.005510059697244658, 0.03358353957006709,-0.001052433014242146,0.0009726675120932972
               23.75,1,1, 0.05810333650761995,  0.5498878393089084,  0.9995578116748018,-0.02903699112464082,0.003221982903799069,-0.005536523498719957, 0.03408308496852185,-0.001068087649702761,0.0009871356588733264
                23.8,1,1, 0.05982029158837687,  0.5498878393089084,  0.9995322766104634,-0.02989561522012122, 0.00324485403890257,-0.005563373684709855, 0.03458263036697661,-0.001083742285163376,0.001001603805653355
               23.85,1,1, 0.06156224666913379,  0.5498878393089084,   0.999505615303279,-0.03076670068789491,0.003268055257629418,-0.005590610056433136, 0.03508217576543137,-0.001099396920623991,0.001016071952433385
                23.9,1,1, 0.06332920174989058,  0.5498878393089084,   0.999477795080746,-0.03165024587296505,0.003291586435809297,-0.005618232410747321,  0.0355817211638861,-0.001115051556084605,0.001030540099213413
               23.95,1,1, 0.06512115683064749,  0.5498878393089084,  0.9994487828042351,-0.03254624904812396,0.003315447446202316,-0.00564624054008531, 0.03608126656234086,-0.00113070619154522,0.001045008245993442
                  24,1,1,  0.0669381119114044,  0.5498878393089084,  0.9994185448691402, -0.0334547084118851,0.003339638158444137,-0.005674634232391131, 0.03658081196079562,-0.001146360827005835,0.001059476392773471
               24.05,1,1,  0.0687800669921613,  0.5498878393089084,  0.9993870472050385,-0.03437562208638693,0.003364158438990383,-0.005703413271054844, 0.03708035735925039,-0.00116201546246645,  0.0010739445395535
                24.1,1,1, 0.07064702207291822,  0.5498878393089084,  0.9993542552758536, -0.0353089881152672,0.003389008151060258,-0.005732577434846532, 0.03757990275770515,-0.001177670097927065,0.001088412686333529
               24.15,1,1, 0.07253897715367498,  0.5498878393089084,  0.9993201340800296,-0.03625480446150869, 0.00341418715457943,-0.005762126497849426, 0.03807944815615987,-0.001193324733387679,0.001102880833113558
                24.2,1,1, 0.07445593223443189,  0.5498878393089084,  0.9992846481507079,-0.03721306900525603,0.003439695306122163,-0.005792060229392174, 0.03857899355461464,-0.001208979368848294,0.001117348979893587
               24.25,1,1, 0.07639788731518879,  0.5498878393089084,   0.999247761555915,-0.03818377954160312,0.003465532458852663,-0.005822378393980208,  0.0390785389530694,-0.001224634004308909,0.001131817126673616
                24.3,1,1, 0.07836484239594568,  0.5498878393089084,  0.9992094378987537, -0.0391669337783524,0.003491698462465713,-0.005853080751226244, 0.03957808435152416,-0.001240288639769524,0.001146285273453645
               24.35,1,1,  0.0803567974767026,  0.5498878393089084,   0.999169640317607,-0.04016252933374485,0.003518193163126525,-0.005884167055779934, 0.04007762974997892,-0.001255943275230139,0.001160753420233674
                24.4,1,1, 0.08237375255745935,  0.5498878393089084,  0.9991283314863467, -0.0411705637341612,0.003545016403409864,-0.005915637057256622, 0.04057717514843365,-0.001271597910690753,0.001175221567013702
               24.45,1,1, 0.08441570763821628,  0.5498878393089084,  0.9990854736145492, -0.0421910344117947,0.003572168022238407,-0.005947490500165256, 0.04107672054688841,-0.001287252546151368,0.001189689713793731
                24.5,1,1, 0.08648266271897317,  0.5498878393089084,  0.9990410284477211,-0.04322393870229434,0.003599647854820355,-0.005979727123835411, 0.04157626594534317,-0.001302907181611982,0.001204157860573761
               24.55,1,1, 0.08857461779973007,  0.5498878393089084,  0.9989949572675343,-0.04426927384238023,0.003627455732586308,-0.00601234666234346, 0.04207581134379793,-0.001318561817072598, 0.00121862600735379
                24.6,1,1, 0.09069157288048696,  0.5498878393089084,  0.9989472208920674,-0.04532703696742957,0.003655591483125381,-0.006045348844437888, 0.04257535674225269,-0.001334216452533213,0.001233094154133819
               24.65,1,1, 0.09283352796124371,  0.5498878393089084,  0.9988977796760582, -0.0463972251090343,0.003684054930120582,-0.006078733393463738, 0.04307490214070742,-0.001349871087993826,0.001247562300913847
                24.7,1,1, 0.09500048304200061,  0.5498878393089084,  0.9988465935111626,-0.04747983519253018, 0.00371284589328346,-0.006112500027286209, 0.04357444753916218,-0.001365525723454441,0.001262030447693876
               24.75,1,1, 0.09719243812275749,  0.5498878393089084,  0.9987936218262253,-0.04857486403449653,0.003741964188287978,-0.00614664845821337, 0.04407399293761694,-0.001381180358915056,0.001276498594473905
                24.8,1,1, 0.09940939320351437,  0.5498878393089084,  0.9987388235875599,-0.04968230834022824,0.003771409626703675,-0.006181178392918058,  0.0445735383360717,-0.001396834994375671,0.001290966741253934
               24.85,1,1,  0.1016513482842712,  0.5498878393089084,  0.9986821572992357,-0.05080216470117874,0.003801182015928074,-0.006216089532358895, 0.04507308373452647,-0.001412489629836286,0.001305434888033964
                24.9,1,1,   0.103918303365028,  0.5498878393089084,  0.9986235810033793,-0.05193442959237438,0.003831281159118359,-0.006251381571700469, 0.04557262913298119, -0.0014281442652969,0.001319903034813992
               24.95,1,1,  0.1062102584457849,  0.5498878393089084,   0.998563052280482,-0.05307909936980078,0.003861706855122316,-0.006287054200232657, 0.04607217453143595,-0.001443798900757515,0.001334371181594021
                  25,1,1,  0.1085272135265418,  0.5498878393089084,    0.99850052824972,-0.05423617026775981,0.003892458898408522,-0.006323107101289115, 0.04657171992989071,-0.00145945353621813, 0.00134883932837405
               25.05,1,1,  0.1108691686072987,  0.5498878393089084,  0.9984359655692847,-0.05540563839619907,0.003923537078995826,-0.006359539952164901, 0.04707126532834548,-0.001475108171678745,0.001363307475154079
                25.1,1,1,  0.1132361236880556,  0.5498878393089084,  0.9983693204367239,-0.05658749973801246,0.003954941182382081,-0.006396352424033286, 0.04757081072680024,-0.00149076280713936,0.001377775621934108
               25.15,1,1,  0.1156280787688123,  0.5498878393089084,   0.998300548589294,-0.05778175014631237,0.003986670989472149,-0.006433544181861701, 0.04807035612525496,-0.001506417442599974,0.001392243768714136
                25.2,1,1,  0.1180450338495692,  0.5498878393089084,  0.9982296053043233,-0.05898838534167407,0.004018726276505185,-0.006471114884326869, 0.04856990152370973,-0.001522072078060589,0.001406711915494166
               25.25,1,1,   0.120486988930326,  0.5498878393089084,  0.9981564453995881,-0.06020740090935085,0.004051106814981185,-0.006509064183729073, 0.04906944692216449,-0.001537726713521204,0.001421180062274195
                25.3,1,1,  0.1229539440110829,  0.5498878393089084,  0.9980810232336991,-0.06143879229646185,0.004083812371586806,-0.006547391725905614, 0.04956899232061925,-0.001553381348981819,0.001435648209054224
               25.35,1,1,  0.1254458990918398,  0.5498878393089084,  0.9980032927065009,-0.06268255480915123,0.004116842708120472,-0.006586097150143444, 0.05006853771907401,-0.001569035984442434,0.001450116355834253
                25.4,1,1,  0.1279628541725965,  0.5498878393089084,  0.9979232072594828, -0.0639386836097192,0.004150197581416747,-0.00662518008909094, 0.05056808311752874,-0.001584690619903048,0.001464584502614281
               25.45,1,1,  0.1305048092533534,  0.5498878393089084,  0.9978407198762042,-0.06520717371372538, 0.00418387674327001,-0.006664640168668912,  0.0510676285159835,-0.001600345255363663, 0.00147905264939431
                25.5,1,1,  0.1330717643341103,  0.5498878393089084,  0.9977557830827302, -0.0664880199870632,0.004217879940357384,-0.006704477007980709, 0.05156717391443826,-0.001615999890824278,0.001493520796174339
               25.55,1,1,  0.1356637194148672,  0.5498878393089084,  0.9976683489480823,-0.06778121714300712,0.004252206914160965,-0.006744690219221572, 0.05206671931289302,-0.001631654526284893,0.001507988942954369
                25.6,1,1,   0.138280674495624,  0.5498878393089084,  0.9975783690847018,-0.06908675973923162,0.004286857400889334,-0.006785279407587147, 0.05256626471134778,-0.001647309161745508,0.001522457089734398
               25.65,1,1,  0.1409226295763807,  0.5498878393089084,  0.9974857946489257,-0.07040464217480209,0.004321831131398351,-0.006826244171181174, 0.05306581010980251,-0.001662963797206122,0.001536925236514426
                25.7,1,1,  0.1435895846571376,  0.5498878393089084,  0.9973905763414801,-0.07173485868713846,0.004357127831111266,-0.006867584100922393, 0.05356535550825727,-0.001678618432666737,0.001551393383294455
               25.75,1,1,  0.1462815397378945,  0.5498878393089084,  0.9972926644079825, -0.0730774033489501,0.004392747219938062,-0.006909298780450612, 0.05406490090671203,-0.001694273068127351,0.001565861530074484
                25.8,1,1,  0.1489984948186513,  0.5498878393089084,  0.9971920086394619,-0.07443227006514366, 0.00442868901219417,-0.006951387786031982, 0.05456444630516679,-0.001709927703587967,0.001580329676854514
               25.85,1,1,  0.1517404498994082,  0.5498878393089084,   0.997088558372894,-0.07579945256970309,0.004464952916518414,-0.00699385068646348, 0.05506399170362156,-0.001725582339048582,0.001594797823634543
                25.9,1,1,  0.1545074049801648,  0.5498878393089084,  0.9969822624917485, -0.0771789444225419, 0.00450153863579029,-0.007036687042976573, 0.05556353710207628,-0.001741236974509195,0.001609265970414571
               25.95,1,1,  0.1572993600609217,  0.5498878393089084,  0.9968730694265546,-0.07857073900632836,0.004538445867046543,-0.007079896409140128, 0.05606308250053104,-0.00175689160996981,  0.0016237341171946
                  26,1,1,  0.1601163151416786,  0.5498878393089084,  0.9967609271554811,-0.07997482952328204,0.004575674301397042,-0.007123478330762462, 0.05656262789898581,-0.001772546245430425,0.001638202263974629
               26.05,1,1,  0.1629582702224355,  0.5498878393089084,  0.9966457832049294,-0.08139120899194435,0.004613223623939947,-0.007167432345792661, 0.05706217329744057,-0.00178820088089104,0.001652670410754658
                26.1,1,1,  0.1658252253031923,  0.5498878393089084,   0.996527584650148,-0.08281987024392057,0.004651093513676221,-0.007211757984221105, 0.05756171869589533,-0.001803855516351655,0.001667138557534687
               26.15,1,1,   0.168717180383949,  0.5498878393089084,  0.9964062781158582,-0.08426080592059511,0.004689283643423404,-0.007256454767979173, 0.05806126409435006,-0.001819510151812269,0.001681606704314715
                26.2,1,1,  0.1716341354647059,  0.5498878393089084,  0.9962818097769003,-0.08571400846981996,0.004727793679728751,-0.007301522210838233, 0.05856080949280482,-0.001835164787272884,0.001696074851094745
               26.25,1,1,  0.1745760905454627,  0.5498878393089084,  0.9961541253588931,-0.08717947014257467,0.004766623282781648,-0.007346959818307789, 0.05906035489125958,-0.001850819422733499,0.001710542997874774
                26.3,1,1,  0.1775430456262196,  0.5498878393089084,  0.9960231701389143,-0.08865718298960069, 0.00480577210632536,-0.007392767087532908, 0.05955990028971433,-0.001866474058194114,0.001725011144654803
               26.35,1,1,  0.1805350007069765,  0.5498878393089084,  0.9958888889461963,-0.09014713885800783,0.004845239797568102,-0.007438943507190858,  0.0600594456881691,-0.001882128693654729,0.001739479291434832
                26.4,1,1,  0.1835519557877331,  0.5498878393089084,  0.9957512261628377,-0.09164932938785381,0.004885025997093435,-0.00748548855738698, 0.06055899108662383,-0.001897783329115343, 0.00175394743821486
               26.45,1,1,  0.1865939108684899,  0.5498878393089084,  0.9956101257245391,-0.09316374600869794,0.004925130338769993,-0.007532401709549813, 0.06105853648507858,-0.001913437964575958,0.001768415584994889
                26.5,1,1,  0.1896608659492468,  0.5498878393089084,  0.9954655311213502,-0.09469037993612643,0.004965552449660514,-0.007579682426325453, 0.06155808188353335,-0.001929092600036573,0.001782883731774919
               26.55,1,1,  0.1927528210300037,  0.5498878393089084,  0.9953173853984403,-0.09622922216825226,0.005006291949930249,-0.007627330161471169, 0.06205762728198811,-0.001944747235497188,0.001797351878554948
                26.6,1,1,  0.1958697761107605,  0.5498878393089084,  0.9951656311568864,-0.09778026348218799,0.005047348452754661,-0.007675344359748247, 0.06255717268044289,-0.001960401870957803,0.001811820025334977
               26.65,1,1,  0.1990117311915171,  0.5498878393089084,  0.9950102105544798, -0.0993434944304922,0.005088721564226495,-0.007723724456814138, 0.06305671807889766,-0.001976056506418419,0.001826288172115007
                26.7,1,1,   0.202178686272274,  0.5498878393089084,  0.9948510653065534, -0.1009189053375897,0.005130410883262189,-0.007772469879113829, 0.06355626347735248,-0.001991711141879036,0.001840756318895038
               26.75,1,1,  0.2053706413530308,  0.5498878393089084,  0.9946881366868288, -0.1025064862961642,0.005172416001507598,-0.007821580043770473, 0.06405580887580729,-0.002007365777339652,0.001855224465675068
                26.8,1,1,  0.2085875964337877,  0.5498878393089084,   0.994521365528282,  -0.104106227163527,0.005214736503243106,-0.007871054358475325, 0.06455535427426209,-0.002023020412800268,0.001869692612455099
               26.85,1,1,  0.2118295515145446,  0.5498878393089084,  0.9943506922240327, -0.1057181175579574,0.005257371965288075,-0.007920892221376914, 0.06505489967271691,-0.002038675048260885,0.001884160759235129
                26.9,1,1,  0.2150965065953012,  0.5498878393089084,  0.9941760567282515, -0.1073421468550179,0.005300321956904637,-0.007971093020969522,  0.0655544450711717,-0.002054329683721501,0.001898628906015159
               26.95,1,1,  0.2183884616760581,  0.5498878393089084,  0.9939973985570897, -0.1089783041838442,0.005343586039700875,-0.008021656135980963,  0.0660539904696265,-0.002069984319182117, 0.00191309705279519
                  27,1,1,   0.221705416756815,  0.5498878393089084,  0.9938146567896303,  -0.110626578423408,0.005387163767533328,-0.008072580935259558, 0.06655353586808131,-0.002085638954642734, 0.00192756519957522
               27.05,1,1,  0.2250473718375719,  0.5498878393089084,  0.9936277700688619, -0.1122869581987549,0.005431054686408902,-0.008123866777660528, 0.06705308126653611,-0.00210129359010335,0.001942033346355251
                27.1,1,1,  0.2284143269183287,  0.5498878393089084,  0.9934366766026718, -0.1139594318772169,0.005475258334386128,-0.008175513011931606, 0.06755262666499093,-0.002116948225563966,0.001956501493135281
               27.15,1,1,  0.2318062819990853,  0.5498878393089084,  0.9932413141648646, -0.1156439875645983,0.005519774241475781,-0.008227518976597939, 0.06805217206344572,-0.002132602861024582,0.001970969639915311
                27.2,1,1,  0.2352232370798422,  0.5498878393089084,  0.9930416200962033, -0.1173406131013379,0.005564601929540929,-0.008279883999846407, 0.06855171746190052,-0.002148257496485199,0.001985437786695341
               27.25,1,1,  0.2386651921605991,  0.5498878393089084,  0.9928375313054711, -0.1190492960586441,0.005609740912196294,-0.008332607399409109, 0.06905126286035533,-0.002163912131945815,0.001999905933475372
                27.3,1,1,   0.242132147241356,  0.5498878393089084,  0.9926289842705581, -0.1207700237346065,0.005655190694707047,-0.008385688482446248, 0.06955080825881015,-0.002179566767406432,0.002014374080255402
               27.35,1,1,  0.2456241023221129,  0.5498878393089084,  0.9924159150395738, -0.1225027831502809,0.005700950773886984,-0.008439126545428362, 0.07005035365726495,-0.002195221402867048,0.002028842227035433
                27.4,1,1,  0.2491410574028695,  0.5498878393089084,  0.9921982592319804, -0.1242475610457509,0.005747020637996078,-0.008492920874017817, 0.07054989905571973,-0.002210876038327664,0.002043310373815463
               27.45,1,1,  0.2526830124836264,  0.5498878393089084,  0.9919759520397516, -0.1260043438761637, 0.00579339976663747,-0.008547070742949702, 0.07104944445417455,-0.00222653067378828,0.002057778520595493
                27.5,1,1,  0.2562499675643833,  0.5498878393089084,  0.9917489282285591, -0.1277731178077416,0.005840087630653794,-0.008601575415911996, 0.07154898985262935,-0.002242185309248897,0.002072246667375524
               27.55,1,1,  0.2598419226451402,  0.5498878393089084,  0.9915171221389778, -0.1295538687137689,0.005887083692022978,-0.00865643414542514, 0.07204853525108416,-0.002257839944709514,0.002086714814155555
                27.6,1,1,   0.263458877725897,  0.5498878393089084,  0.9912804676877243, -0.1313465821705545, 0.00593438740375341,-0.008711646172720943, 0.07254808064953898,-0.00227349458017013,0.002101182960935585
               27.65,1,1,  0.2671008328066536,  0.5498878393089084,  0.9910388983689153, -0.1331512434533703, 0.00598199820977856,-0.008767210727620817, 0.07304762604799375,-0.002289149215630745,0.002115651107715615
                27.7,1,1,  0.2707677878874106,  0.5498878393089084,  0.9907923472553549, -0.1349678375323658,0.006029915544850972,-0.008823127028413433, 0.07354717144644857,-0.002304803851091362,0.002130119254495645
               27.75,1,1,  0.2744597429681675,  0.5498878393089084,  0.9905407469998475, -0.1367963490684572, 0.00607813883443573,-0.008879394281731701, 0.07404671684490338,-0.002320458486551978,0.002144587401275676
                27.8,1,1,  0.2781586980489244,  0.5498878393089084,  0.9902855930863593, -0.1386256306811507,0.006126373995013109,-0.008935669281019951, 0.07364708052613951,-0.002307934778183485,0.002133012883851651
               27.85,1,1,  0.2818331531296813,  0.5498878393089084,  0.9900288151732739, -0.1404420732451011,0.006174262253121657,-0.008991533508079769,  0.0731475351276847,-0.002292280142722868, 0.00211854473707162
                27.9,1,1,  0.2854826082104379,  0.5498878393089084,  0.9897704822976332, -0.1422456802437752,0.006221803870771671,-0.009046987391726109, 0.07264798972922992,-0.002276625507262253,0.002104076590291591
               27.95,1,1,  0.2891070632911948,  0.5498878393089084,  0.9895106630081582, -0.1440364553447759,0.006268999113696514,-0.009102031364298161, 0.07214844433077511,-0.002260970871801636, 0.00208960844351156
                  28,1,1,  0.2927065183719517,  0.5498878393089084,  0.9892494253650996, -0.1458144023955272, 0.00631584825123699,-0.009156665861523148, 0.07164889893232029,-0.002245316236341019, 0.00207514029673153
               28.05,1,1,  0.2962809734527085,  0.5498878393089084,  0.9889868369401102, -0.1475795254189906,0.006362351556226629,-0.009210891322381169, 0.07114935353386549,-0.002229661600880403,0.002060672149951499
                28.1,1,1,  0.2998304285334654,  0.5498878393089084,  0.9887229648161353, -0.1493318286094108,0.006408509304877781,-0.009264708188971106, 0.07064980813541068,-0.002214006965419787,0.002046204003171469
               28.15,1,1,  0.3033548836142221,  0.5498878393089084,  0.9884578755873188, -0.1510713163280924,0.006454321776668592,-0.009318116906377521,  0.0701502627369559,-0.002198352329959171,0.002031735856391439
                28.2,1,1,   0.306854338694979,  0.5498878393089084,  0.9881916353589332, -0.1527979930992073,0.006499789254230832,-0.009371117922538618, 0.06965071733850109,-0.002182697694498555,0.002017267709611408
               28.25,1,1,  0.3103287937757359,  0.5498878393089084,  0.9879243097473197,  -0.154511863605631,0.006544912023238554,-0.00942371168811526, 0.06915117194004627,-0.002167043059037938,0.002002799562831378
                28.3,1,1,  0.3137782488564927,  0.5498878393089084,  0.9876559638798517, -0.1562129326848108,0.006589690372297637,-0.009475898656360959, 0.06865162654159147,-0.002151388423577321,0.001988331416051347
               28.35,1,1,  0.3172027039372495,  0.5498878393089084,  0.9873866623949111, -0.1579012053246643,0.006634124592836178,-0.00952767928299298, 0.06815208114313666,-0.002135733788116705,0.001973863269271316
                28.4,1,1,  0.3206021590180062,  0.5498878393089084,  0.9871164694418842, -0.1595766866595077,0.006678214978995729,-0.009579054026064406, 0.06765253574468187,-0.00212007915265609,0.001959395122491287
               28.45,1,1,  0.3239766140987631,  0.5498878393089084,  0.9868454486811713, -0.1612393819660153,0.006721961827523407,-0.00963002334583731, 0.06715299034622707,-0.002104424517195473,0.001944926975711256
                28.5,1,1,    0.32732606917952,  0.5498878393089084,  0.9865736632842135, -0.1628892966592088,0.006765365437664823,-0.009680587704656893, 0.06665344494777226,-0.002088769881734856,0.001930458828931226
               28.55,1,1,  0.3306505242602768,  0.5498878393089084,  0.9863011759335335, -0.1645264362884786,0.006808426111057912,-0.009730747566826686, 0.06615389954931744,-0.00207311524627424,0.001915990682151195
                28.6,1,1,  0.3339499793410337,  0.5498878393089084,  0.9860280488227936, -0.1661508065336341,0.006851144151627592,-0.009780503398484807, 0.06565435415086264,-0.002057460610813623,0.001901522535371165
               28.65,1,1,  0.3372244344217903,  0.5498878393089084,  0.9857543436568662, -0.1677624132009853,0.006893519865481269,-0.009829855667481166, 0.06515480875240785,-0.002041805975353008,0.001887054388591135
                28.7,1,1,  0.3404738895025471,  0.5498878393089084,  0.9854801216519201, -0.1693612622194559,0.006935553560805225,-0.009878804843255814, 0.06465526335395304,-0.002026151339892391,0.001872586241811104
               28.75,1,1,   0.343698344583304,  0.5498878393089084,  0.9852054435355204, -0.1709473596367254,0.006977245547761825,-0.009927351396718227, 0.06415571795549824,-0.002010496704431775,0.001858118095031074
                28.8,1,1,  0.3468977996640609,  0.5498878393089084,  0.9849303695467412, -0.1725207116154031,0.007018596138387606,-0.009975495800127644, 0.06365617255704342,-0.001994842068971158,0.001843649948251043
               28.85,1,1,  0.3500722547448177,  0.5498878393089084,  0.9846549594362938, -0.1740813244292323,0.007059605646492202,-0.01002323852697448, 0.06315662715858861,-0.001979187433510542,0.001829181801471013
                28.9,1,1,  0.3532217098255743,  0.5498878393089084,  0.9843792724666659, -0.1756292044593257,0.007100274387558122,-0.01007058005186266, 0.06265708176013383,-0.001963532798049926,0.001814713654690983
               28.95,1,1,  0.3563461649063312,  0.5498878393089084,  0.9841033674122746,  -0.177164358190431,0.007140602678641398,-0.01011752085039309, 0.06215753636167905,-0.001947878162589311,0.001800245507910953
                  29,1,1,  0.3594456199870881,  0.5498878393089084,  0.9838273025596307, -0.1786867922072271,0.007180590838273048,-0.01016406139904806, 0.06165799096322429,-0.001932223527128696,0.001785777361130924
               29.05,1,1,  0.3625200750678449,  0.5498878393089084,  0.9835511357075163, -0.1801965131906517,0.007220239186361424,-0.01021020217507674, 0.06115844556476954,-0.001916568891668081,0.001771309214350895
                29.1,1,1,  0.3655695301486018,  0.5498878393089084,  0.9832749241671739,  -0.181693527914259,0.007259548044095392,-0.01025594365638164, 0.06065890016631477,-0.001900914256207466,0.001756841067570866
               29.15,1,1,  0.3685939852293584,  0.5498878393089084,  0.9829987247625048, -0.1831778432406085,0.007298517733848373,-0.01030128632140611, 0.06015935476786004,-0.001885259620746852,0.001742372920790838
                29.2,1,1,  0.3715934403101153,  0.5498878393089084,  0.9827225938302826, -0.1846494661176852,0.007337148579083211,-0.01034623064902286, 0.05965980936940529,-0.001869604985286237,0.001727904774010809
               29.25,1,1,  0.3745678953908722,  0.5498878393089084,  0.9824465872203728, -0.1861084035753481,0.007375440904257913,-0.01039077711842349, 0.05916026397095052,-0.001853950349825622, 0.00171343662723078
                29.3,1,1,   0.377517350471629,  0.5498878393089084,  0.9821707602959669,  -0.187554662721813,0.007413395034732217,-0.01043492620900905, 0.05866071857249576,-0.001838295714365007, 0.00169896848045075
               29.35,1,1,  0.3804418055523859,  0.5498878393089084,  0.9818951679338244,  -0.188988250740163, 0.00745101129667502,-0.01047867840028158,   0.058161173174041,-0.001822641078904392,0.001684500333670721
                29.4,1,1,  0.3833412606331425,  0.5498878393089084,  0.9816198645245242, -0.1904091748848912,0.007488290016972636,-0.01052203417173669, 0.05766162777558627,-0.001806986443443778,0.001670032186890693
               29.45,1,1,  0.3862157157138995,  0.5498878393089084,  0.9813449039727273, -0.1918174424784745,0.007525231523137931,-0.01056499400275711, 0.05716208237713151,-0.001791331807983163,0.001655564040110664
                29.5,1,1,  0.3890651707946563,  0.5498878393089084,  0.9810703396974485, -0.1932130609079763,0.007561836143220237,-0.01060755837250734, 0.05666253697867675,-0.001775677172522548,0.001641095893330635
               29.55,1,1,  0.3918896258754132,  0.5498878393089084,  0.9807962246323347, -0.1945960376216821,0.007598104205716188,-0.01064972775982919, 0.05616299158022199,-0.001760022537061933,0.001626627746550605
                29.6,1,1,    0.39468908095617,  0.5498878393089084,  0.9805226112259539, -0.1959663801257647,0.007634036039481331,-0.01069150264313837, 0.05566344618176722,-0.001744367901601318,0.001612159599770576
               29.65,1,1,  0.3974635360369267,  0.5498878393089084,  0.9802495514420935, -0.1973240959809797,0.007669631973642615,-0.01073288350032215,  0.0551639007833125,-0.001728713266140704,0.001597691452990548
                29.7,1,1,  0.4002129911176835,  0.5498878393089084,  0.9799770967600633, -0.1986691927993931,0.007704892337511725,-0.01077387080863789, 0.05466435538485774,-0.001713058630680089,0.001583223306210519
               29.75,1,1,  0.4029374461984405,  0.5498878393089084,  0.9797052981750094, -0.2000016782411378,0.007739817460499207,-0.01081446504461271, 0.05416480998640297,-0.001697403995219474, 0.00156875515943049
                29.8,1,1,  0.4056369012791974,  0.5498878393089084,  0.9794342061982335, -0.2013215600112023,0.007774407672029483,-0.01085466668394401, 0.05366526458794822,-0.001681749359758859,0.001554287012650461
               29.85,1,1,  0.4083113563599542,  0.5498878393089084,   0.979163870857521, -0.2026288458562492,0.007808663301456678,-0.01089447620140114, 0.05316571918949346,-0.001666094724298244,0.001539818865870432
                29.9,1,1,  0.4109608114407109,  0.5498878393089084,  0.9788943416974746, -0.2039235435614645,0.007842584677981284,-0.01093389407072795, 0.05266617379103872,-0.00165044008883763,0.001525350719090404
               29.95,1,1,  0.4135852665214678,  0.5498878393089084,   0.978625667779855, -0.2052056609474383,0.007876172130567656,-0.01097292076454638, 0.05216662839258396,-0.001634785453377016,0.001510882572310374
                  30,1,1,  0.4161847216022246,  0.5498878393089084,  0.9783578976839288, -0.2064752058670742,0.007909425987862359,-0.01101155675426102, 0.05166708299412921, -0.0016191308179164,0.001496414425530345
               30.05,1,1,  0.4187591766829815,  0.5498878393089084,  0.9780910795068203, -0.2077321862025315,0.007942346578113315,-0.01104980250996469, 0.05116753759567444,-0.001603476182455785,0.001481946278750316
                30.1,1,1,  0.4213086317637385,  0.5498878393089084,  0.9778252608638729, -0.2089766098621967,0.007974934229089811,-0.01108765850034499, 0.05066799219721968,-0.001587821546995171,0.001467478131970287
               30.15,1,1,  0.4238330868444951,  0.5498878393089084,  0.9775604888890106, -0.2102084847776856,0.008007189268003314,-0.01112512519259181, 0.05016844679876496,-0.001572166911534557,0.001453009985190259
                30.2,1,1,   0.426332541925252,  0.5498878393089084,  0.9772968102351101, -0.2114278189008768,0.008039112021429139,-0.01116220305230586,  0.0496689014003102,-0.001556512276073942, 0.00143854183841023
               30.25,1,1,  0.4288069970060089,  0.5498878393089084,  0.9770342710743743, -0.2126346202009738,0.008070702815228915, -0.0111988925434082, 0.04916935600185543,-0.001540857640613327,  0.0014240736916302
                30.3,1,1,  0.4312564520867658,  0.5498878393089084,  0.9767729170987128, -0.2138288966616005,0.008101961974473906,-0.01123519412805064, 0.04866981060340067,-0.001525203005152712,0.001409605544850171
               30.35,1,1,  0.4336809071675227,  0.5498878393089084,  0.9765127935201253, -0.2150106562779243,0.008132889823369125,-0.01127110826652726, 0.04817026520494591,-0.001509548369692097,0.001395137398070142
                30.4,1,1,  0.4360803622482793,  0.5498878393089084,  0.9762539450710898, -0.2161799070538112,0.008163486685178306,-0.01130663541718684, 0.04767071980649118,-0.001493893734231483,0.001380669251290114
               30.45,1,1,  0.4384548173290362,  0.5498878393089084,  0.9759964160049559, -0.2173366569990114, 0.00819375288214967,-0.01134177603634623, 0.04717117440803642,-0.001478239098770868,0.001366201104510085
                30.5,1,1,  0.4408042724097931,  0.5498878393089084,  0.9757402500963397, -0.2184809141263744,0.008223688735442519,-0.01137653057820475, 0.04667162900958166,-0.001462584463310253,0.001351732957730056
               30.55,1,1,    0.44312872749055,  0.5498878393089084,  0.9754854906415228,  -0.219612686449095,0.008253294565054681,-0.01141089949475955, 0.04617208361112689,-0.001446929827849638,0.001337264810950027
                30.6,1,1,  0.4454281825713069,  0.5498878393089084,  0.9752321804588568,   -0.22073198197799,0.008282570689750713,-0.01144488323572188, 0.04567253821267214,-0.001431275192389023,0.001322796664169997
               30.65,1,1,  0.4477026376520636,  0.5498878393089084,  0.9749803618891681, -0.2218388087188041,0.008311517426990966,-0.01147848224843442, 0.04517299281421741,-0.001415620556928409,0.001308328517389969
                30.7,1,1,  0.4499520927328205,  0.5498878393089084,  0.9747300767961657, -0.2229331746695476,0.008340135092861479,-0.01151169697778948, 0.04467344741576264,-0.001399965921467794, 0.00129386037060994
               30.75,1,1,  0.4521765478135774,  0.5498878393089084,  0.9744813665668542, -0.2240150878178631,0.008368424002004618,-0.01154452786614828, 0.04417390201730789,-0.001384311286007179,0.001279392223829911
                30.8,1,1,  0.4543760028943343,  0.5498878393089084,  0.9742342721119445, -0.2250845561384229,0.008396384467550594,  -0.011576975353261, 0.04367435661885313,-0.001368656650546564,0.001264924077049882
               30.85,1,1,  0.4565504579750912,  0.5498878393089084,  0.9739888338662717, -0.2261415875903567,0.008424016801049785,-0.01160903987618805, 0.04317481122039837,-0.001353002015085949,0.001250455930269853
                30.9,1,1,   0.458699913055848,  0.5498878393089084,   0.973745091789211, -0.2271861901147094,0.008451321312405839,-0.01164072186922202, 0.04267526582194364,-0.001337347379625335,0.001235987783489824
               30.95,1,1,  0.4608243681366048,  0.5498878393089084,  0.9735030853650973,  -0.228218371631929,0.008478298309809609,-0.01167202176381082, 0.04217572042348888,-0.00132169274416472,0.001221519636709795
                  31,1,1,  0.4629238232173618,  0.5498878393089084,  0.9732628536036448, -0.2292381400393848,0.008504948099673884,-0.01170293998848159, 0.04167617502503412,-0.001306038108704105,0.001207051489929766
               31.05,1,1,  0.4649982782981186,  0.5498878393089084,  0.9730244350403692,  -0.230245503208915,0.008531270986568924,-0.01173347696876571, 0.04117662962657935,-0.00129038347324349,0.001192583343149737
                31.1,1,1,  0.4670477333788756,  0.5498878393089084,  0.9727878677370092, -0.2312404689844055,0.008557267273158845,-0.01176363312712462, 0.04067708422812459,-0.001274728837782875,0.001178115196369708
               31.15,1,1,  0.4690721884596323,  0.5498878393089084,  0.9725531892819517,  -0.232223045179398, 0.00858293726013872,-0.01179340888287671, 0.04017753882966987,-0.001259074202322261, 0.00116364704958968
                31.2,1,1,  0.4710716435403892,  0.5498878393089084,  0.9723204367906534, -0.2331932395747279,0.008608281246172579,-0.01182280465212507,  0.0396779934312151,-0.001243419566861647,0.001149178902809651
               31.25,1,1,  0.4730460986211461,  0.5498878393089084,  0.9720896469060654, -0.2341510599161929,0.008633299527832126,-0.01185182084768623, 0.03917844803276034,-0.001227764931401032,0.001134710756029621
                31.3,1,1,   0.474995553701903,  0.5498878393089084,  0.9718608557990593, -0.2350965139122506,0.008657992399536322,-0.01188045787901981, 0.03867890263430558,-0.001212110295940416,0.001120242609249592
               31.35,1,1,  0.4769200087826599,  0.5498878393089084,  0.9716340991688484, -0.2360296092317469, 0.00868236015349173,-0.01190871615215913, 0.03817935723585082,-0.001196455660479802,0.001105774462469563
                31.4,1,1,  0.4788194638634167,  0.5498878393089084,  0.9714094122434138, -0.2369503535016738,0.008706403079633664,-0.01193659606964273, 0.03767981183739609,-0.001180801025019188,0.001091306315689535
               31.45,1,1,  0.4806939189441736,  0.5498878393089084,  0.9711868297799275, -0.2378587543049573,0.008730121465568138,-0.01196409803044689, 0.03718026643894133,-0.001165146389558573,0.001076838168909506
                31.5,1,1,  0.4825433740249305,  0.5498878393089084,  0.9709663860651745, -0.2387548191782742,  0.0087535155965146,-0.01199122242991899, 0.03668072104048657,-0.001149491754097958,0.001062370022129477
               31.55,1,1,  0.4843678291056874,  0.5498878393089084,  0.9707481149159745, -0.2396385556099003,0.008776585755249484,-0.01201796965971184, 0.03618117564203181,-0.001133837118637343,0.001047901875349448
                31.6,1,1,  0.4861672841864443,  0.5498878393089084,  0.9705320496796038, -0.2405099710375871,0.008799332222050508,-0.01204434010771901, 0.03568163024357705,-0.001118182483176728,0.001033433728569418
               31.65,1,1,  0.4879417392672012,  0.5498878393089084,  0.9703182232342148, -0.2413690728464681,0.008821755274641819,-0.01207033415801098, 0.03518208484512232,-0.001102527847716114, 0.00101896558178939
                31.7,1,1,   0.489691194347958,  0.5498878393089084,   0.970106667989253,  -0.242215868366996,0.008843855188139894,-0.01209595219077226, 0.03468253944666756,-0.001086873212255499,0.001004497435009361
               31.75,1,1,   0.491415649428715,  0.5498878393089084,  0.9698974158858755, -0.2430503648729081,0.008865632235000215,-0.01212119458223943,  0.0341829940482128,-0.001071218576794884,0.000990029288229332
                31.8,1,1,  0.4931151045094719,  0.5498878393089084,  0.9696904983973635, -0.2438725695792223,0.008887086684964766,-0.01214606170464014, 0.03368344864975804,-0.001055563941334269,0.0009755611414493029
               31.85,1,1,  0.4947895595902289,  0.5498878393089084,  0.9694859465295385, -0.2446824896402622,0.008908218805010295,-0.01217055392613295, 0.03318390325130327,-0.001039909305873654,0.0009610929946692737
                31.9,1,1,  0.4964390146709857,  0.5498878393089084,  0.9692837908211692, -0.2454801321477119,0.008929028859297354,-0.01219467161074817, 0.03268435785284855,-0.00102425467041304,0.0009466248478892455
               31.95,1,1,  0.4980634697517425,  0.5498878393089084,  0.9690840613443835, -0.2462655041287008, 0.00894951710912016,-0.01221841511832958, 0.03218481245439379,-0.001008600034952425,0.0009321567011092164
                  32,1,1,  0.4996629248324995,  0.5498878393089084,  0.9688867877050719, -0.2470386125439164,0.008969683812857163,-0.01224178480447701, 0.03168526705593902,-0.0009929453994918101,0.0009176885543291873
               32.05,1,1,  0.5012373799132563,  0.5498878393089084,  0.9686919990432923, -0.2477994642857481,0.008989529225922463,-0.01226478102048998,  0.0311857216574843,-0.0009772907640311962,0.0009032204075491591
                32.1,1,1,  0.5027868349940133,  0.5498878393089084,  0.9684997240336701, -0.2485480661764602,0.009009053600718006,-0.01228740411331207, 0.03068617625902948,-0.0009616361285705794,0.0008887522607691282
               32.15,1,1,  0.5043112900747702,  0.5498878393089084,  0.9683099908857963,  -0.249284424966393,0.009028257186586489,-0.01230965442547633, 0.03018663086057473,-0.0009459814931099649,0.0008742841139890995
                32.2,1,1,  0.5058107451555272,  0.5498878393089084,  0.9681228273446209, -0.2500085473321954,0.009047140229765122,-0.01233153229505156, 0.02968708546211991,-0.000930326857649348,0.0008598159672090687
               32.25,1,1,   0.507285200236284,  0.5498878393089084,   0.967938260690845, -0.2507204398750839,0.009065702973340093,-0.01235303805558946, 0.02918754006366516,-0.0009146722221887335,0.0008453478204290399
                32.3,1,1,  0.5087346553170409,  0.5498878393089084,  0.9677563177413098, -0.2514201091191343,0.009083945657201883,-0.01237417203607276, 0.02868799466521041,-0.000899017586728119,0.0008308796736490112
               32.35,1,1,   0.510159110397798,  0.5498878393089084,  0.9675770248493781, -0.2521075615096001,0.009101868518001283,-0.01239493456086416, 0.02818844926675559,-0.0008833629512675021,0.0008164115268689803
                32.4,1,1,  0.5115585654785548,  0.5498878393089084,  0.9674004079053168, -0.2527828034112606,0.009119471789106229,-0.01241532594965624, 0.02768890386830085,-0.0008677083158068876,0.0008019433800889516
               32.45,1,1,  0.5129330205593121,  0.5498878393089084,   0.967226492336673, -0.2534458411067996,0.009136755700559392,-0.01243534651742227, 0.02718935846984602,-0.0008520536803462707,0.0007874752333089207
                32.5,1,1,  0.5142824756400688,  0.5498878393089084,  0.9670553031086475,  -0.254096680795211,0.009153720479036525,-0.01245499657436783, 0.02668981307139128,-0.0008363990448856562,0.0007730070865288919
               32.55,1,1,  0.5156069307208256,  0.5498878393089084,  0.9668868647244618, -0.2547353285902357,0.009170366347805586,-0.01247427642588345, 0.02619026767293653,-0.0008207444094250417,0.0007585389397488633
                32.6,1,1,  0.5169063858015824,  0.5498878393089084,  0.9667212012257234, -0.2553617905188262,0.009186693526686661,-0.01249318637249806, 0.02569072227448171,-0.0008050897739644248,0.0007440707929688324
               32.65,1,1,  0.5181808408823393,  0.5498878393089084,  0.9665583361927848, -0.2559760725196405,0.009202702232012574,-0.01251172670983335, 0.02519117687602696,-0.0007894351385038103,0.0007296026461888036
                32.7,1,1,  0.5194302959630962,  0.5498878393089084,  0.9663982927451005, -0.2565781804415654,0.009218392676590356,-0.01252989772855904, 0.02469163147757214,-0.0007737805030431934,0.0007151344994087728
               32.75,1,1,  0.5206547510438531,  0.5498878393089084,  0.9662410935415751, -0.2571681200422694,0.009233765069663415,-0.01254769971434903, 0.02419208607911739,-0.0007581258675825789,0.000700666352628744
                32.8,1,1,    0.52185420612461,  0.5498878393089084,  0.9660867607809112, -0.2577458969867825,0.009248819616874465,-0.01256513294783842, 0.02369254068066265,-0.0007424712321219644,0.0006861982058487153
               32.85,1,1,  0.5230286612053667,  0.5498878393089084,  0.9659353162019494, -0.2583115168461071,0.009263556520229274,-0.01258219770458142, 0.02319299528220783,-0.0007268165966613475,0.0006717300590686845
                32.9,1,1,  0.5241781162861238,  0.5498878393089084,   0.965786781084003, -0.2588649850958571,0.009277975978061091,-0.01259889425501022, 0.02269344988375308,-0.000711161961200733,0.0006572619122886557
               32.95,1,1,  0.5253025713668805,  0.5498878393089084,  0.9656411762471909, -0.2594063071149256,0.009292078184995915,-0.01261522286439459, 0.02219390448529826,-0.0006955073257401162,0.0006427937655086248
                  33,1,1,  0.5264020264476373,  0.5498878393089084,  0.9654985220527624, -0.2599354881841813,0.009305863331918457,-0.01263118379280251, 0.02169435908684351,-0.0006798526902795016,0.000628325618728596
               33.05,1,1,  0.5274764815283942,  0.5498878393089084,  0.9653588384034139, -0.2604525334851945,0.009319331605938889,-0.01264677729506162, 0.02119481368838876,-0.0006641980548188871,0.0006138574719485673
                33.1,1,1,  0.5285259366091513,  0.5498878393089084,  0.9652221447436073, -0.2609574480989916,0.009332483190360346,-0.01266200362072153, 0.02069526828993394,-0.0006485434193582703,0.0005993893251685365
               33.15,1,1,  0.5295503916899083,  0.5498878393089084,  0.9650884600598783, -0.2614502370048382,0.009345318264647202,-0.01267686301401705,  0.0201957228914792,-0.0006328887838976557,0.0005849211783885077
                33.2,1,1,  0.5305498467706653,  0.5498878393089084,  0.9649578028811364, -0.2619309050790504,0.009357837004394024,-0.01269135571383228, 0.01969617749302437,-0.000617234148437039,0.0005704530316084769
               33.25,1,1,  0.5315243018514223,  0.5498878393089084,  0.9648301912789659, -0.2623994570938373,0.009370039581295387,-0.01270548195366555, 0.01919663209456963,-0.0006015795129764243,0.0005559848848284481
                33.3,1,1,   0.532473756932179,  0.5498878393089084,  0.9647056428679144,  -0.262855897716168,0.009381926163116399,-0.01271924196159526, 0.01869708669611488,-0.0005859248775158098,0.0005415167380484194
               33.35,1,1,   0.533398212012936,  0.5498878393089084,  0.9645841748057791, -0.2633002315066717, 0.00939349691366391,-0.01273263596024662, 0.01819754129766006,-0.0005702702420551931,0.0005270485912683885
                33.4,1,1,  0.5342976670936926,  0.5498878393089084,  0.9644658037938865, -0.2637324629185634,0.009404751992758567,-0.01274566416675919, 0.01769799589920531,-0.0005546156065945784,0.0005125804444883597
               33.45,1,1,  0.5351721221744496,  0.5498878393089084,  0.9643505460773633, -0.2641525962965997,0.009415691556207572,-0.01275832679275538, 0.01719845050075049,-0.0005389609711339617,0.0004981122977083289
                33.5,1,1,  0.5360215772552065,  0.5498878393089084,  0.9642384174454055, -0.2645606358760621,0.009426315755778195,-0.01277062404430971, 0.01669890510229574,-0.0005233063356733472,0.0004836441509283002
               33.55,1,1,  0.5368460323359634,  0.5498878393089084,   0.964129433231537, -0.2649565857817709,0.009436624739172063,-0.01278255612191908,   0.016199359703841,-0.0005076517002127325,0.0004691760041482714
                33.6,1,1,  0.5376454874167204,  0.5498878393089084,  0.9640236083138621, -0.2653404500271254,0.009446618650000122,-0.01279412322047375, 0.01569981430538617,-0.0004919970647521158,0.0004547078573682406
               33.65,1,1,  0.5384199424974773,  0.5498878393089084,  0.9639209571153158, -0.2657122325131737,0.009456297627758431,-0.01280532552922931, 0.01520026890693142,-0.000476342429291501,0.0004402397105882117
                33.7,1,1,  0.5391693975782341,  0.5498878393089084,  0.9638214936039009, -0.2660719370277108, 0.00946566180780465,-0.01281616323177946,  0.0147007235084766,-0.000460687793830884,0.0004257715638081807
               33.75,1,1,  0.5398938526589909,  0.5498878393089084,  0.9637252312929239, -0.2664195672444057,0.009474711321335299,-0.01282663650602963, 0.01420117811002184,-0.0004450331583702693,0.0004113034170281517
                33.8,1,1,  0.5405933077397478,  0.5498878393089084,  0.9636321832412199, -0.2667551267219569,0.009483446295363726,-0.01283674552417156, 0.01370163271156709,-0.0004293785229096545,0.0003968352702481228
               33.85,1,1,  0.5412677628205049,  0.5498878393089084,  0.9635423620533746, -0.2670786189032749,0.009491866852698858,-0.01284649045265863, 0.01320208731311226,-0.0004137238874490376,0.0003823671234680918
                33.9,1,1,  0.5419172179012618,  0.5498878393089084,  0.9634557798799359, -0.2673900471146957, 0.00949997311192469, -0.0128558714521821, 0.01270254191465751,-0.0003980692519884228,0.0003678989766880628
               33.95,1,1,  0.5425416729820189,  0.5498878393089084,  0.9633724484176198, -0.2676894145652206, 0.00950776518738047,-0.01286488867764821, 0.01220299651620268,-0.0003824146165278058,0.0003534308299080318
                  34,1,1,  0.5431411280627758,  0.5498878393089084,  0.9632923789095104,  -0.267976724345785,0.009515243189141692,-0.01287354227815619, 0.01170345111774793,-0.0003667599810671911,0.0003389626831280028
               34.05,1,1,  0.5437155831435327,  0.5498878393089084,  0.9632155821452504, -0.2682519794285565,0.009522407223001789,  -0.012881832396977, 0.01120390571929317,-0.0003511053456065763,0.0003244945363479739
                34.1,1,1,  0.5442650382242896,  0.5498878393089084,  0.9631420684612257, -0.2685151826662597, 0.00952925739045456,-0.01288975917153305, 0.01070436032083835,-0.0003354507101459593,0.0003100263895679429
               34.15,1,1,  0.5447894933050464,  0.5498878393089084,  0.9630718477407432, -0.2687663367915309,0.009535793788677371,-0.01289732273337873, 0.01020481492238359,-0.0003197960746853445,0.0002955582427879139
                34.2,1,1,  0.5452889483858033,  0.5498878393089084,  0.9630049294141999, -0.2690054444163008,0.009542016510515065,-0.01290452320818179,0.009705269523928767,-0.0003041414392247276,0.000281090096007883
               34.25,1,1,  0.5457634034665602,  0.5498878393089084,   0.962941322459246, -0.2692325080312041,0.009547925644464626,-0.01291136071570559,0.009205724125474013,-0.0002884868037641128,0.000266621949227854
                34.3,1,1,   0.546212858547317,  0.5498878393089084,  0.9628810354009391, -0.2694475300050198,0.009553521274660566,-0.01291783536979217,0.008706178727019259,-0.000272832168303498,0.0002521538024478251
               34.35,1,1,  0.5466373136280739,  0.5498878393089084,  0.9628240763118927, -0.2696505125841382,0.009558803480861076,-0.01292394727834628,0.008206633328564434,-0.000257177532842881,0.0002376856556677941
                34.4,1,1,   0.547036768708831,  0.5498878393089084,  0.9627704528124156, -0.2698414578920559,0.009563772338434886,-0.01292969654332009,0.007707087930109679,-0.0002415228973822663,0.0002232175088877651
               34.45,1,1,  0.5474112237895877,  0.5498878393089084,  0.9627201720706431, -0.2700203679289009,0.009568427918348863,-0.01293508326069891,0.007207542531654853,-0.0002258682619216493,0.0002087493621077341
                34.5,1,1,  0.5477606788703446,  0.5498878393089084,  0.9626732408026643, -0.2701872445709839,0.009572770287156387, -0.0129401075204877,0.006707997133200099,-0.0002102136264610345,0.0001942812153277051
               34.55,1,1,  0.5480851339511015,  0.5498878393089084,  0.9626296652726369, -0.2703420895703791,0.009576799506986415, -0.0129447694066984,0.006208451734745345,-0.0001945589910004198,0.0001798130685476762
                34.6,1,1,  0.5483845890318584,  0.5498878393089084,  0.9625894512928976, -0.2704849045545329,0.009580515635533278, -0.0129490689973382,0.005708906336290519,-0.0001789043555398028,0.0001653449217676452
               34.65,1,1,  0.5486590441126155,  0.5498878393089084,  0.9625526042240641, -0.2706156910259007,0.009583918726047264,-0.01295300636439854,0.005209360937835764,-0.000163249720079188,0.0001508767749876162
                34.7,1,1,  0.5489084991933724,  0.5498878393089084,  0.9625191289751276, -0.2707344503616124,  0.0095870088273259,-0.01295658157384509,0.004709815539380938,-0.000147595084618571,0.0001364086282075852
               34.75,1,1,  0.5491329542741294,  0.5498878393089084,  0.9624890300035396, -0.2708411838131651,0.009589785983705943,-0.01295979468560847,0.004210270140926184,-0.0001319404491579563,0.0001219404814275563
                34.8,1,1,  0.5493324093548863,  0.5498878393089084,  0.9624623113152904, -0.2709358925061459,0.009592250235056171,-0.01296264575357591, 0.00371072474247143,-0.0001162858136973415,0.0001074723346475273
               34.85,1,1,  0.5495068644356432,  0.5498878393089084,  0.9624389764649792, -0.2710185774399804,0.009594401616770852,-0.01296513482558368,0.003211179344016604,-0.0001006311782367245,9.300418786749633e-05
                34.9,1,1,  0.5496563195163999,  0.5498878393089084,  0.9624190285558772, -0.2710892394877112,0.009596240159763979,-0.01296726194341041,0.002711633945561849,-8.497654277610976e-05,7.853604108746738e-05
               34.95,1,1,  0.5497807745971569,  0.5498878393089084,  0.9624024702399807, -0.2711478793958043, 0.00959776589046421,-0.01296902714277131,0.002212088547107024,-6.932190731549278e-05,6.406789430743637e-05
                  35,1,1,  0.5498802296779137,  0.5498878393089084,  0.9623893037180595, -0.2711944977839836,0.009598978830810586,-0.01297043045331308, 0.00171254314865227,-5.366727185487804e-05,4.959974752740744e-05
               35.05,1,1,  0.5499546847586706,  0.5498878393089084,  0.9623795307396943, -0.2712290951450923,0.009599878998248925,-0.01297147189860989,0.001212997750197517,-3.801263639426332e-05,3.513160074737853e-05
                35.1,1,1,  0.5500041398394275,  0.5498878393089084,  0.9623731526033081, -0.2712516718449853,0.009600466405728994,-0.01297215149615998,0.0007134523517426926,-2.235800093364637e-05,2.066345396734757e-05
               35.15,1,1,  0.5500285949201844,  0.5498878393089084,  0.9623701701561901, -0.2712622281224469,0.009600741061702393,-0.01297246925738333,0.0002139069532879391,-6.703365473031645e-06,6.195307187318649e-06
                35.2,1,1,  0.5500280500009412,  0.5498878393089084,  0.9623705837945091, -0.2712607640891385,0.009600702970121187,-0.01297242518761995,-0.0002856384451668853,8.951269987585306e-06,-8.272839592712323e-06
               35.25,1,1,  0.5500025050816982,  0.5498878393089084,   0.962374393463321, -0.2712472797295736,0.009600352130437259,-0.01297201928612925,-0.0007851838436216388,2.460590544820003e-05,-2.274098637274124e-05
                35.3,1,1,  0.5499519601624551,  0.5498878393089084,  0.9623815986565677, -0.2712217749011211,  0.0095996885376024,-0.01297125154609005,-0.001284729242076392,4.026054090881476e-05,-3.720913315277016e-05
               35.35,1,1,  0.5498764152432121,  0.5498878393089084,  0.9623921984170692, -0.2711842493340372,0.009598712182069128,-0.01297012195460158,-0.001784274640531216,5.59151763694317e-05,-5.167727993280112e-05
                35.4,1,1,  0.5497758703239689,  0.5498878393089084,  0.9624061913365053, -0.2711347026315248,0.009597423049792239,-0.01296863049268528,-0.00228382003898597,7.156981183004644e-05,-6.614542671283005e-05
               35.45,0,0,  0.5496774343885745,  0.5498878393089084,   0.962423473741953, -0.2710734948986219,0.009595830505347149,-0.01296678799114857,-0.002683456357749788,8.40935201985387e-05,-7.771994413685362e-05
                35.5,0,0,  0.5496774343885745,  0.5498878393089084,  0.9624417022877241, -0.2710089201369426,0.009594150344089798,-0.01296484411275347,-0.002683456357749788,8.40935201985387e-05,-7.771994413685362e-05
               35.55,0,0,  0.5496774343885745,  0.5498878393089084,  0.9624599264940559, -0.2709443441533432,0.009592470139574517,-0.01296290017590274,-0.002683456357749788,8.40935201985387e-05,-7.771994413685362e-05
                35.6,0,0,  0.5496774343885745,  0.5498878393089084,  0.9624781463608664, -0.2708797669481151,0.009590789891808893,-0.01296095618060512,-0.002683456357749788,8.40935201985387e-05,-7.771994413685362e-05
               35.65,0,0,  0.5496774343885745,  0.5498878393089084,  0.9624963618880734, -0.2708151885215493,0.009589109600800491,-0.01295901212686938,-0.002683456357749788,8.40935201985387e-05,-7.771994413685362e-05
                35.7,0,0,  0.5496774343885745,  0.5498878393089084,  0.9625145730755947, -0.2707506088739371,0.009587429266556891,-0.01295706801470429,-0.002683456357749788,8.40935201985387e-05,-7.771994413685362e-05
               35.75,0,0,  0.5496774343885745,  0.5498878393089084,  0.9625327799233482, -0.2706860280055697,0.009585748889085668,-0.01295512384411861,-0.002683456357749788,8.40935201985387e-05,-7.771994413685362e-05
                35.8,0,0,  0.5496774343885745,  0.5498878393089084,  0.9625509824312521,  -0.270621445916738,0.009584068468394403,-0.01295317961512111,-0.002683456357749788,8.40935201985387e-05,-7.771994413685362e-05
               35.85,0,0,  0.5496774343885745,  0.5498878393089084,  0.9625691805992241, -0.2705568626077337,0.009582388004490664,-0.01295123532772056,-0.002683456357749788,8.40935201985387e-05,-7.771994413685362e-05
                35.9,0,0,  0.5496774343885745,  0.5498878393089084,  0.9625873744271821, -0.2704922780788474,0.009580707497382032,-0.01294929098192572,-0.002683456357749788,8.40935201985387e-05,-7.771994413685362e-05
               35.95,0,0,  0.5496774343885745,  0.5498878393089084,  0.9626055639150441, -0.2704276923303707,0.009579026947076083,-0.01294734657774536,-0.002683456357749788,8.40935201985387e-05,-7.771994413685362e-05
                  36,0,0,  0.5496774343885745,  0.5498878393089084,  0.9626237490627281, -0.2703631053625946,  0.0095773463535804,-0.01294540211518824,-0.002683456357749788,8.40935201985387e-05,-7.771994413685362e-05
               36.05,0,0,  0.5496774343885745,  0.5498878393089084,  0.9626419298701521, -0.2702985171758103,0.009575665716902557,-0.01294345759426314,-0.002683456357749788,8.40935201985387e-05,-7.771994413685362e-05
                36.1,0,0,  0.5496774343885745,  0.5498878393089084,   0.962660106337234, -0.2702339277703091,0.009573985037050132,-0.01294151301497881,-0.002683456357749788,8.40935201985387e-05,-7.771994413685362e-05
               36.15,0,0,  0.5496774343885745,  0.5498878393089084,  0.9626782784638921, -0.2701693371463822,0.009572304314030699,-0.01293956837734403,-0.002683456357749788,8.40935201985387e-05,-7.771994413685362e-05
                36.2,0,0,  0.5496774343885745,  0.5498878393089084,  0.9626964462500442, -0.2701047453043208,0.009570623547851839,-0.01293762368136757,-0.002683456357749788,8.40935201985387e-05,-7.771994413685362e-05
               36.25,0,0,  0.5496774343885745,  0.5498878393089084,  0.9627146096956086, -0.2700401522444164,0.009568942738521132, -0.0129356789270582,-0.002683456357749788,8.40935201985387e-05,-7.771994413685362e-05
                36.3,0,0,  0.5496774343885745,  0.5498878393089084,  0.9627327688005033, -0.2699755579669599,0.009567261886046154,-0.01293373411442468,-0.002683456357749788,8.40935201985387e-05,-7.771994413685362e-05
               36.35,0,0,  0.5496774343885745,  0.5498878393089084,  0.9627509235646465, -0.2699109624722427,0.009565580990434489,-0.01293178924347577,-0.002683456357749788,8.40935201985387e-05,-7.771994413685362e-05
                36.4,0,0,  0.5496774343885745,  0.5498878393089084,  0.9627690739879563, -0.2698463657605559,0.009563900051693709,-0.01292984431422026,-0.002683456357749788,8.40935201985387e-05,-7.771994413685362e-05
               36.45,0,0,  0.5496774343885745,  0.5498878393089084,   0.962787220070351, -0.2697817678321909,0.009562219069831393,-0.01292789932666691,-0.002683456357749788,8.40935201985387e-05,-7.771994413685362e-05
                36.5,0,0,  0.5496774343885745,  0.5498878393089084,  0.9628053618117486, -0.2697171686874388,0.009560538044855122,-0.01292595428082448,-0.002683456357749788,8.40935201985387e-05,-7.771994413685362e-05
               36.55,0,0,  0.5496774343885745,  0.5498878393089084,  0.9628234992120674, -0.2696525683265911,0.009558856976772478,-0.01292400917670175,-0.002683456357749788,8.40935201985387e-05,-7.771994413685362e-05
                36.6,0,0,  0.5496774343885745,  0.5498878393089084,  0.9628416322712255, -0.2695879667499388,0.009557175865591037,-0.01292206401430749,-0.002683456357749788,8.40935201985387e-05,-7.771994413685362e-05
               36.65,0,0,  0.5496774343885745,  0.5498878393089084,  0.9628597609891412, -0.2695233639577734,0.009555494711318379,-0.01292011879365048,-0.002683456357749788,8.40935201985387e-05,-7.771994413685362e-05
                36.7,0,0,  0.5496774343885745,  0.5498878393089084,  0.9628778853657327,  -0.269458759950386,0.009553813513962086,-0.01291817351473947,-0.002683456357749788,8.40935201985387e-05,-7.771994413685362e-05
               36.75,0,0,  0.5496774343885745,  0.5498878393089084,  0.9628960054009188, -0.2693941547280681,0.009552132273529731,-0.01291622817758324,-0.002683456357749788,8.40935201985387e-05,-7.771994413685362e-05
                36.8,0,0,  0.5496774343885745,  0.5498878393089084,   0.962914121094617, -0.2693295482911108,0.009550450990028905,-0.01291428278219056,-0.002683456357749788,8.40935201985387e-05,-7.771994413685362e-05
               36.85,0,0,  0.5496774343885745,  0.5498878393089084,  0.9629322324467462, -0.2692649406398055,0.009548769663467184,-0.01291233732857021,-0.002683456357749788,8.40935201985387e-05,-7.771994413685362e-05
                36.9,0,0,  0.5496774343885745,  0.5498878393089084,  0.9629503394572244, -0.2692003317744434, 0.00954708829385215,-0.01291039181673095,-0.002683456357749788,8.40935201985387e-05,-7.771994413685362e-05
               36.95,0,0,  0.5496774343885745,  0.5498878393089084,    0.96296844212597, -0.2691357216953158,0.009545406881191388,-0.01290844624668156,-0.002683456357749788,8.40935201985387e-05,-7.771994413685362e-05
                  37,0,0,  0.5496774343885745,  0.5498878393089084,  0.9629865404529017, -0.2690711104027141,0.009543725425492467,-0.01290650061843081,-0.002683456357749788,8.40935201985387e-05,-7.771994413685362e-05
               37.05,0,0,  0.5496774343885745,  0.5498878393089084,  0.9630046344379375, -0.2690064978969298,0.009542043926762974,-0.01290455493198746,-0.002683456357749788,8.40935201985387e-05,-7.771994413685362e-05
                37.1,0,0,  0.5496774343885745,  0.5498878393089084,  0.9630227240809959, -0.2689418841782538,0.009540362385010491,-0.01290260918736031,-0.002683456357749788,8.40935201985387e-05,-7.771994413685362e-05
               37.15,0,0,  0.5496774343885745,  0.5498878393089084,  0.9630408093819953, -0.2688772692469777,  0.0095386808002426, -0.0129006633845581,-0.002683456357749788,8.40935201985387e-05,-7.771994413685362e-05
                37.2,0,0,  0.5496774343885745,  0.5498878393089084,  0.9630588903408545, -0.2688126531033929,0.009536999172466882,-0.01289871752358963,-0.002683456357749788,8.40935201985387e-05,-7.771994413685362e-05
               37.25,0,0,  0.5496774343885745,  0.5498878393089084,  0.9630769669574918, -0.2687480357477905,0.009535317501690923,-0.01289677160446366,-0.002683456357749788,8.40935201985387e-05,-7.771994413685362e-05
                37.3,0,0,  0.5496774343885745,  0.5498878393089084,  0.9630950392318255,  -0.268683417180462,0.009533635787922304,-0.01289482562718897,-0.002683456357749788,8.40935201985387e-05,-7.771994413685362e-05
               37.35,0,0,  0.5496774343885745,  0.5498878393089084,  0.9631131071637744, -0.2686187974016988,0.009531954031168606,-0.01289287959177433,-0.002683456357749788,8.40935201985387e-05,-7.771994413685362e-05
                37.4,0,0,  0.5496774343885745,  0.5498878393089084,  0.9631311707532568, -0.2685541764117921, 0.00953027223143741,-0.01289093349822851,-0.002683456357749788,8.40935201985387e-05,-7.771994413685362e-05
               37.45,0,0,  0.5496774343885745,  0.5498878393089084,  0.9631492300001914, -0.2684895542110333,0.009528590388736302,-0.01288898734656029,-0.002683456357749788,8.40935201985387e-05,-7.771994413685362e-05
                37.5,0,0,  0.5496774343885745,  0.5498878393089084,  0.9631672849044968,  -0.268424930799714,0.009526908503072863,-0.01288704113677845,-0.002683456357749788,8.40935201985387e-05,-7.771994413685362e-05
               37.55,0,0,  0.5496774343885745,  0.5498878393089084,  0.9631853354660915, -0.2683603061781253,0.009525226574454678,-0.01288509486889176,-0.002683456357749788,8.40935201985387e-05,-7.771994413685362e-05
                37.6,0,0,  0.5496774343885745,  0.5498878393089084,  0.9632033816848941, -0.2682956803465587,0.009523544602889327,-0.01288314854290899,-0.002683456357749788,8.40935201985387e-05,-7.771994413685362e-05
               37.65,0,0,  0.5496774343885745,  0.5498878393089084,  0.9632214235608233, -0.2682310533053053,0.009521862588384396,-0.01288120215883893,-0.002683456357749788,8.40935201985387e-05,-7.771994413685362e-05
                37.7,0,0,  0.5496774343885745,  0.5498878393089084,  0.9632394610937977, -0.2681664250546569,0.009520180530947466,-0.01287925571669034,-0.002683456357749788,8.40935201985387e-05,-7.771994413685362e-05
               37.75,0,0,  0.5496774343885745,  0.5498878393089084,  0.9632574942837359, -0.2681017955949047,0.009518498430586124,  -0.012877309216472,-0.002683456357749788,8.40935201985387e-05,-7.771994413685362e-05
                37.8,0,0,  0.5496774343885745,  0.5498878393089084,  0.9632755231305568, -0.2680371649263402,0.009516816287307954,-0.01287536265819269,-0.002683456357749788,8.40935201985387e-05,-7.771994413685362e-05
               37.85,0,0,  0.5496774343885745,  0.5498878393089084,  0.9632935476341791, -0.2679725330492546,0.009515134101120541,-0.01287341604186118,-0.002683456357749788,8.40935201985387e-05,-7.771994413685362e-05
                37.9,0,0,  0.5496774343885745,  0.5498878393089084,  0.9633115677945213, -0.2679078999639395, 0.00951345187203147,-0.01287146936748626,-0.002683456357749788,8.40935201985387e-05,-7.771994413685362e-05
               37.95,0,0,  0.5496774343885745,  0.5498878393089084,  0.9633295836115023, -0.2678432656706862,0.009511769600048323, -0.0128695226350767,-0.002683456357749788,8.40935201985387e-05,-7.771994413685362e-05
                  38,0,0,  0.5496774343885745,  0.5498878393089084,   0.963347595085041, -0.2677786301697863,0.009510087285178694,-0.01286757584464127,-0.002683456357749788,8.40935201985387e-05,-7.771994413685362e-05
               38.05,0,0,  0.5496774343885745,  0.5498878393089084,  0.9633656022150562, -0.2677139934615311, 0.00950840492743016,-0.01286562899618876,-0.002683456357749788,8.40935201985387e-05,-7.771994413685362e-05
                38.1,0,0,  0.5496774343885745,  0.5498878393089084,  0.9633836050014662, -0.2676493555462119,0.009506722526810306,-0.01286368208972793,-0.002683456357749788,8.40935201985387e-05,-7.771994413685362e-05
               38.15,0,0,  0.5496774343885745,  0.5498878393089084,  0.9634016034441902, -0.2675847164241204,0.009505040083326716,-0.01286173512526758,-0.002683456357749788,8.40935201985387e-05,-7.771994413685362e-05
                38.2,0,0,  0.5496774343885745,  0.5498878393089084,  0.9634195975431471, -0.2675200760955478,0.009503357596986985,-0.01285978810281648,-0.002683456357749788,8.40935201985387e-05,-7.771994413685362e-05
               38.25,0,0,  0.5496774343885745,  0.5498878393089084,  0.9634375872982557, -0.2674554345607858,0.009501675067798684, -0.0128578410223834,-0.002683456357749788,8.40935201985387e-05,-7.771994413685362e-05
                38.3,0,0,  0.5496774343885745,  0.5498878393089084,  0.9634555727094347, -0.2673907918201259,0.009499992495769412,-0.01285589388397714,-0.002683456357749788,8.40935201985387e-05,-7.771994413685362e-05
               38.35,0,0,  0.5496774343885745,  0.5498878393089084,  0.9634735537766034, -0.2673261478738593,0.009498309880906749,-0.01285394668760646,-0.002683456357749788,8.40935201985387e-05,-7.771994413685362e-05
                38.4,0,0,  0.5496774343885745,  0.5498878393089084,  0.9634915304996805, -0.2672615027222774,0.009496627223218285,-0.01285199943328014,-0.002683456357749788,8.40935201985387e-05,-7.771994413685362e-05
               38.45,0,0,  0.5496774343885745,  0.5498878393089084,  0.9635095028785848, -0.2671968563656719,0.009494944522711608,-0.01285005212100697,-0.002683456357749788,8.40935201985387e-05,-7.771994413685362e-05
                38.5,0,0,  0.5496774343885745,  0.5498878393089084,  0.9635274709132357, -0.2671322088043343,0.009493261779394302,-0.01284810475079572,-0.002683456357749788,8.40935201985387e-05,-7.771994413685362e-05
               38.55,0,0,  0.5496774343885745,  0.5498878393089084,  0.9635454346035518, -0.2670675600385558,0.009491578993273953,-0.01284615732265518,-0.002683456357749788,8.40935201985387e-05,-7.771994413685362e-05
                38.6,0,0,  0.5496774343885745,  0.5498878393089084,  0.9635633939494523, -0.2670029100686281,0.009489896164358146,-0.01284420983659412,-0.002683456357749788,8.40935201985387e-05,-7.771994413685362e-05
               38.65,0,0,  0.5496774343885745,  0.5498878393089084,  0.9635813489508562, -0.2669382588948427,0.009488213292654476,-0.01284226229262132,-0.002683456357749788,8.40935201985387e-05,-7.771994413685362e-05
                38.7,0,0,  0.5496774343885745,  0.5498878393089084,  0.9635992996076825, -0.2668736065174913,0.009486530378170524,-0.01284031469074557,-0.002683456357749788,8.40935201985387e-05,-7.771994413685362e-05
               38.75,0,0,  0.5496774343885745,  0.5498878393089084,  0.9636172459198504, -0.2668089529368651,0.009484847420913881,-0.01283836703097566,-0.002683456357749788,8.40935201985387e-05,-7.771994413685362e-05
                38.8,0,0,  0.5496774343885745,  0.5498878393089084,  0.9636351878872786, -0.2667442981532557,0.009483164420892134,-0.01283641931332035,-0.002683456357749788,8.40935201985387e-05,-7.771994413685362e-05
               38.85,0,0,  0.5496774343885745,  0.5498878393089084,  0.9636531255098865, -0.2666796421669544,0.009481481378112878,-0.01283447153778844,-0.002683456357749788,8.40935201985387e-05,-7.771994413685362e-05
                38.9,0,0,  0.5496774343885745,  0.5498878393089084,  0.9636710587875931, -0.2666149849782531,0.009479798292583696, -0.0128325237043887,-0.002683456357749788,8.40935201985387e-05,-7.771994413685362e-05
               38.95,0,0,  0.5496774343885745,  0.5498878393089084,  0.9636889877203176, -0.2665503265874429,0.009478115164312174,-0.01283057581312991,-0.002683456357749788,8.40935201985387e-05,-7.771994413685362e-05
                  39,0,0,  0.5496774343885745,  0.5498878393089084,  0.9637069123079793, -0.2664856669948156,0.009476431993305903,-0.01282862786402087,-0.002683456357749788,8.40935201985387e-05,-7.771994413685362e-05
               39.05,0,0,  0.5496774343885745,  0.5498878393089084,  0.9637246327344701, -0.2664217289942044, 0.00947473915933025,-0.01282668696357348,-0.002533456357749782,8.40935201985387e-05,-7.771994413685362e-05
                39.1,0,0,  0.5496774343885745,  0.5498878393089084,  0.9637397185819379, -0.2663673067613478,0.009472919627745997,-0.01282483957361885,-0.002033456357749738,8.40935201985387e-05,-7.771994413685362e-05
               39.15,0,0,  0.5496774343885745,  0.5498878393089084,  0.9637514723627645, -0.2663249305908091,0.009470939761336082,-0.01282311056221926,-0.001533456357749767,8.40935201985387e-05,-7.771994413685362e-05
                39.2,0,0,  0.5496774343885745,  0.5498878393089084,   0.963759895665817, -0.2662946009223264,0.009468799592127193,-0.01282149991872402,-0.001033456357749724,8.40935201985387e-05,-7.771994413685362e-05
               39.25,0,0,  0.5496774343885745,  0.5498878393089084,  0.9637649896282341, -0.2662763180706902,0.009466499147703119,-0.01282000762646805,-0.0005334563577497528,8.40935201985387e-05,-7.771994413685362e-05
                39.3,0,0,  0.5496774343885745,  0.5498878393089084,  0.9637667549354051, -0.2662700822258149,0.009464038451206625,-0.01281863366277405,-3.345635774978111e-05,8.40935201985387e-05,-7.771994413685362e-05
               39.35,0,0,  0.5496774343885745,  0.5498878393089084,  0.9637651918209599, -0.2662758934527811, 0.00946141752134168,-0.01281737799895433,0.0004665436422502616,8.40935201985387e-05,-7.771994413685362e-05
                39.4,0,0,  0.5496774343885745,  0.5498878393089084,  0.9637603000667639, -0.2662937516918503,0.009458636372376003,-0.01281624060031242,0.0009665436422502332,8.40935201985387e-05,-7.771994413685362e-05
               39.45,0,0,  0.5496774343885745,  0.5498878393089084,  0.9637520790029224, -0.2663236567584513,0.009455695014144054,-0.01281522142614435,0.001466543642250276,8.40935201985387e-05,-7.771994413685362e-05
                39.5,0,0,  0.5496774343885745,  0.5498878393089084,  0.9637405275077903, -0.2663656083431387,0.009452593452050368,-0.01281432042973969,0.001966543642250247,8.40935201985387e-05,-7.771994413685362e-05
               39.55,0,0,  0.5496774343885745,  0.5498878393089084,  0.9637271426030625, -0.2664141850507199,0.009449403767748247,-0.01281348439662689,0.002016543642250273,8.40935201985387e-05,-7.771994413685362e-05
                39.6,0,0,  0.5496774343885745,  0.5498878393089084,   0.963713755241095,  -0.266462761079018,0.009446214059352741,-0.01281264833084323,0.002016543642250273,8.40935201985387e-05,-7.771994413685362e-05
               39.65,0,0,  0.5496774343885745,  0.5498878393089084,  0.9637003654219223, -0.2665113364279093,0.009443024326871989,-0.01281181223239083,0.002016543642250273,8.40935201985387e-05,-7.771994413685362e-05
                39.7,0,0,  0.5496774343885745,  0.5498878393089084,  0.9636869731455784, -0.2665599110972698,0.009439834570314118,-0.01281097610127184,0.002016543642250273,8.40935201985387e-05,-7.771994413685362e-05
               39.75,0,0,  0.5496774343885745,  0.5498878393089084,  0.9636735784120977, -0.2666084850869759,0.009436644789687263,-0.01281013993748837,0.002016543642250273,8.40935201985387e-05,-7.771994413685362e-05
                39.8,0,0,  0.5496774343885745,  0.5498878393089084,   0.963660181221514, -0.2666570583969035,0.009433454984999558,-0.01280930374104257,0.002016543642250273,8.40935201985387e-05,-7.771994413685362e-05
               39.85,0,0,  0.5496774343885745,  0.5498878393089084,  0.9636467815738615,  -0.266705631026929,0.009430265156259133,-0.01280846751193656,0.002016543642250273,8.40935201985387e-05,-7.771994413685362e-05
                39.9,0,0,  0.5496774343885745,  0.5498878393089084,  0.9636333794691746, -0.2667542029769283,0.009427075303474121,-0.01280763125017248,0.002016543642250273,8.40935201985387e-05,-7.771994413685362e-05
               39.95,0,0,  0.5496774343885745,  0.5498878393089084,  0.9636199749074874, -0.2668027742467778,0.009423885426652661,-0.01280679495575246,0.002016543642250273,8.40935201985387e-05,-7.771994413685362e-05
                  40,0,0,  0.5496774343885745,  0.5498878393089084,   0.963606567888834, -0.2668513448363535, 0.00942069552580288,-0.01280595862867863,0.002016543642250273,8.40935201985387e-05,-7.771994413685362e-05
               40.05,0,0,  0.5496774343885745,  0.5498878393089084,  0.9635931584132488, -0.2668999147455316,0.009417505600932919,-0.01280512226895313,0.002016543642250273,8.40935201985387e-05,-7.771994413685362e-05
                40.1,0,0,  0.5496774343885745,  0.5498878393089084,  0.9635797464807659, -0.2669484839741882,0.009414315652050902,-0.01280428587657808,0.002016543642250273,8.40935201985387e-05,-7.771994413685362e-05
               40.15,0,0,  0.5496774343885745,  0.5498878393089084,  0.9635663320914192, -0.2669970525221995,0.009411125679164965,-0.01280344945155562,0.002016543642250273,8.40935201985387e-05,-7.771994413685362e-05
                40.2,0,0,  0.5496774343885745,  0.5498878393089084,  0.9635529152452432, -0.2670456203894417,0.009407935682283245,-0.01280261299388789,0.002016543642250273,8.40935201985387e-05,-7.771994413685362e-05
               40.25,0,0,  0.5496774343885745,  0.5498878393089084,  0.9635394959422718,  -0.267094187575791,0.009404745661413876,  -0.012801776503577,0.002016543642250273,8.40935201985387e-05,-7.771994413685362e-05
                40.3,0,0,  0.5496774343885745,  0.5498878393089084,  0.9635260741825398, -0.2671427540811235,0.009401555616564989,-0.01280093998062511,0.002016543642250273,8.40935201985387e-05,-7.771994413685362e-05
               40.35,0,0,  0.5496774343885745,  0.5498878393089084,  0.9635126499660807, -0.2671913199053154,0.009398365547744716,-0.01280010342503434,0.002016543642250273,8.40935201985387e-05,-7.771994413685362e-05
                40.4,0,0,  0.5496774343885745,  0.5498878393089084,  0.9634992232929291, -0.2672398850482428,0.009395175454961198,-0.01279926683680681,0.002016543642250273,8.40935201985387e-05,-7.771994413685362e-05
               40.45,0,0,  0.5496774343885745,  0.5498878393089084,  0.9634857941631196, -0.2672884495097819, 0.00939198533822256,-0.01279843021594468,0.002016543642250273,8.40935201985387e-05,-7.771994413685362e-05
                40.5,0,0,  0.5496774343885745,  0.5498878393089084,  0.9634723625766858, -0.2673370132898089, 0.00938879519753694,-0.01279759356245007,0.002016543642250273,8.40935201985387e-05,-7.771994413685362e-05
               40.55,0,0,  0.5496774343885745,  0.5498878393089084,  0.9634589285336622,    -0.2673855763882, 0.00938560503291247,-0.01279675687632511,0.002016543642250273,8.40935201985387e-05,-7.771994413685362e-05
                40.6,0,0,  0.5496774343885745,  0.5498878393089084,   0.963445492034083, -0.2674341388048314,0.009382414844357284,-0.01279592015757193,0.002016543642250273,8.40935201985387e-05,-7.771994413685362e-05
               40.65,0,0,  0.5496774343885745,  0.5498878393089084,  0.9634320530779827, -0.2674827005395791,0.009379224631879519,-0.01279508340619268,0.002016543642250273,8.40935201985387e-05,-7.771994413685362e-05
                40.7,0,0,  0.5496774343885745,  0.5498878393089084,  0.9634186116653951, -0.2675312615923194,0.009376034395487315,-0.01279424662218948,0.002016543642250273,8.40935201985387e-05,-7.771994413685362e-05
               40.75,0,0,  0.5496774343885745,  0.5498878393089084,  0.9634051677963552, -0.2675798219629285,0.009372844135188796,-0.01279340980556446,0.002016543642250273,8.40935201985387e-05,-7.771994413685362e-05
                40.8,0,0,  0.5496774343885745,  0.5498878393089084,  0.9633917214708967, -0.2676283816512827,0.009369653850992102,-0.01279257295631977,0.002016543642250273,8.40935201985387e-05,-7.771994413685362e-05
               40.85,0,0,  0.5496774343885745,  0.5498878393089084,  0.9633782726890537, -0.2676769406572581,0.009366463542905363,-0.01279173607445753,0.002016543642250273,8.40935201985387e-05,-7.771994413685362e-05
                40.9,0,0,  0.5496774343885745,  0.5498878393089084,  0.9633648214508611, -0.2677254989807308,0.009363273210936713,-0.01279089915997988,0.002016543642250273,8.40935201985387e-05,-7.771994413685362e-05
               40.95,0,0,  0.5496774343885745,  0.5498878393089084,   0.963351367756353, -0.2677740566215771,0.009360082855094294,-0.01279006221288894,0.002016543642250273,8.40935201985387e-05,-7.771994413685362e-05
                  41,0,0,  0.5496774343885745,  0.5498878393089084,  0.9633379116055635, -0.2678226135796731,0.009356892475386234,-0.01278922523318686,0.002016543642250273,8.40935201985387e-05,-7.771994413685362e-05
               41.05,0,0,  0.5496774343885745,  0.5498878393089084,  0.9633244529985268, -0.2678711698548948,0.009353702071820666,-0.01278838822087578,0.002016543642250273,8.40935201985387e-05,-7.771994413685362e-05
                41.1,0,0,  0.5496774343885745,  0.5498878393089084,  0.9633109919352776, -0.2679197254471189,0.009350511644405729,-0.01278755117595781,0.002016543642250273,8.40935201985387e-05,-7.771994413685362e-05
               41.15,0,0,  0.5496774343885745,  0.5498878393089084,  0.9632975284158499, -0.2679682803562212,0.009347321193149556, -0.0127867140984351,0.002016543642250273,8.40935201985387e-05,-7.771994413685362e-05
                41.2,0,0,  0.5496774343885745,  0.5498878393089084,  0.9632840624402785, -0.2680168345820781,0.009344130718060284,-0.01278587698830979,0.002016543642250273,8.40935201985387e-05,-7.771994413685362e-05
               41.25,0,0,  0.5496774343885745,  0.5498878393089084,  0.9632705940085972, -0.2680653881245657,0.009340940219146047,  -0.012785039845584,0.002016543642250273,8.40935201985387e-05,-7.771994413685362e-05
                41.3,0,0,  0.5496774343885745,  0.5498878393089084,  0.9632571231208406, -0.2681139409835602,0.009337749696414981,-0.01278420267025988,0.002016543642250273,8.40935201985387e-05,-7.771994413685362e-05
               41.35,0,0,  0.5496774343885745,  0.5498878393089084,  0.9632436497770429, -0.2681624931589376,0.009334559149875217,-0.01278336546233955,0.002016543642250273,8.40935201985387e-05,-7.771994413685362e-05
                41.4,0,0,  0.5496774343885745,  0.5498878393089084,  0.9632301739772386, -0.2682110446505747,0.009331368579534894,-0.01278252822182515,0.002016543642250273,8.40935201985387e-05,-7.771994413685362e-05
               41.45,0,0,  0.5496774343885745,  0.5498878393089084,  0.9632166957214622, -0.2682595954583471,0.009328177985402145,-0.01278169094871882,0.002016543642250273,8.40935201985387e-05,-7.771994413685362e-05
                41.5,0,0,  0.5496774343885745,  0.5498878393089084,  0.9632032150097478, -0.2683081455821312,  0.0093249873674851,-0.01278085364302268,0.002016543642250273,8.40935201985387e-05,-7.771994413685362e-05
               41.55,0,0,  0.5496774343885745,  0.5498878393089084,  0.9631897318421299, -0.2683566950218032,0.009321796725791903,-0.01278001630473889,0.002016543642250273,8.40935201985387e-05,-7.771994413685362e-05
                41.6,0,0,  0.5496774343885745,  0.5498878393089084,  0.9631762462186428, -0.2684052437772395,0.009318606060330687,-0.01277917893386956,0.002016543642250273,8.40935201985387e-05,-7.771994413685362e-05
               41.65,0,0,  0.5496774343885745,  0.5498878393089084,  0.9631627581393212,  -0.268453791848316,0.009315415371109583,-0.01277834153041684,0.002016543642250273,8.40935201985387e-05,-7.771994413685362e-05
                41.7,0,0,  0.5496774343885745,  0.5498878393089084,  0.9631492676041989, -0.2685023392349093,0.009312224658136728,-0.01277750409438285,0.002016543642250273,8.40935201985387e-05,-7.771994413685362e-05
               41.75,0,0,  0.5496774343885745,  0.5498878393089084,  0.9631357746133107, -0.2685508859368953,0.009309033921420257,-0.01277666662576974,0.002016543642250273,8.40935201985387e-05,-7.771994413685362e-05
                41.8,0,0,  0.5496774343885745,  0.5498878393089084,  0.9631222791666909, -0.2685994319541503,0.009305843160968309,-0.01277582912457964,0.002016543642250273,8.40935201985387e-05,-7.771994413685362e-05
               41.85,0,0,  0.5496774343885745,  0.5498878393089084,  0.9631087812643739, -0.2686479772865508, 0.00930265237678902, -0.0127749915908147,0.002016543642250273,8.40935201985387e-05,-7.771994413685362e-05
                41.9,0,0,  0.5496774343885745,  0.5498878393089084,  0.9630952809063941, -0.2686965219339726,0.009299461568890525,-0.01277415402447703,0.002016543642250273,8.40935201985387e-05,-7.771994413685362e-05
               41.95,0,0,  0.5496774343885745,  0.5498878393089084,  0.9630817780927862, -0.2687450658962922,0.009296270737280952,-0.01277331642556877,0.002016543642250273,8.40935201985387e-05,-7.771994413685362e-05
                  42,0,0,  0.5496774343885745,  0.5498878393089084,  0.9630682728235842, -0.2687936091733857,0.009293079881968452,-0.01277247879409207,0.002016543642250273,8.40935201985387e-05,-7.771994413685362e-05
               42.05,0,0,  0.5496774343885745,  0.5498878393089084,  0.9630547650988228, -0.2688421517651293,0.009289889002961148,-0.01277164113004907,0.002016543642250273,8.40935201985387e-05,-7.771994413685362e-05
                42.1,0,0,  0.5496774343885745,  0.5498878393089084,  0.9630412549185363, -0.2688906936713992,0.009286698100267179,-0.01277080343344188,0.002016543642250273,8.40935201985387e-05,-7.771994413685362e-05
               42.15,0,0,  0.5496774343885745,  0.5498878393089084,  0.9630277422827592, -0.2689392348920717,0.009283507173894683,-0.01276996570427265,0.002016543642250273,8.40935201985387e-05,-7.771994413685362e-05
                42.2,0,0,  0.5496774343885745,  0.5498878393089084,   0.963014227191526, -0.2689877754270231,0.009280316223851786,-0.01276912794254352,0.002016543642250273,8.40935201985387e-05,-7.771994413685362e-05
               42.25,0,0,  0.5496774343885745,  0.5498878393089084,  0.9630007096448713, -0.2690363152761297,0.009277125250146644,-0.01276829014825663,0.002016543642250273,8.40935201985387e-05,-7.771994413685362e-05
                42.3,0,0,  0.5496774343885745,  0.5498878393089084,  0.9629871896428294, -0.2690848544392676,0.009273934252787379, -0.0127674523214141,0.002016543642250273,8.40935201985387e-05,-7.771994413685362e-05
               42.35,0,0,  0.5496774343885745,  0.5498878393089084,  0.9629736671854345, -0.2691333929163129,0.009270743231782126,-0.01276661446201808,0.002016543642250273,8.40935201985387e-05,-7.771994413685362e-05
                42.4,0,0,  0.5496774343885745,  0.5498878393089084,  0.9629601422727213, -0.2691819307071421,0.009267552187139027, -0.0127657765700707,0.002016543642250273,8.40935201985387e-05,-7.771994413685362e-05
               42.45,0,0,  0.5496774343885745,  0.5498878393089084,  0.9629466149047242, -0.2692304678116312,0.009264361118866216,-0.01276493864557409,0.002016543642250273,8.40935201985387e-05,-7.771994413685362e-05
                42.5,0,0,  0.5496774343885745,  0.5498878393089084,   0.962933085081478, -0.2692790042296568,0.009261170026971832, -0.0127641006885304,0.002016543642250273,8.40935201985387e-05,-7.771994413685362e-05
               42.55,0,0,  0.5496774343885745,  0.5498878393089084,  0.9629195528030171, -0.2693275399610948,0.009257978911464007,-0.01276326269894175,0.002016543642250273,8.40935201985387e-05,-7.771994413685362e-05
                42.6,0,0,  0.5496774343885745,  0.5498878393089084,  0.9629060180693758, -0.2693760750058217,0.009254787772350885, -0.0127624246768103,0.002016543642250273,8.40935201985387e-05,-7.771994413685362e-05
               42.65,0,0,  0.5496774343885745,  0.5498878393089084,  0.9628924808805887, -0.2694246093637137,0.009251596609640591,-0.01276158662213817,0.002016543642250273,8.40935201985387e-05,-7.771994413685362e-05
                42.7,0,0,  0.5496774343885745,  0.5498878393089084,  0.9628789412366902, -0.2694731430346468,0.009248405423341271, -0.0127607485349275,0.002016543642250273,8.40935201985387e-05,-7.771994413685362e-05
               42.75,0,0,  0.5496774343885745,  0.5498878393089084,  0.9628653991377154, -0.2695216760184974,0.009245214213461059,-0.01275991041518042,0.002016543642250273,8.40935201985387e-05,-7.771994413685362e-05
                42.8,0,0,  0.5496774343885745,  0.5498878393089084,  0.9628518545836983, -0.2695702083151419,0.009242022980008093,-0.01275907226289909,0.002016543642250273,8.40935201985387e-05,-7.771994413685362e-05
               42.85,0,0,  0.5496774343885745,  0.5498878393089084,  0.9628383075746733, -0.2696187399244562,0.009238831722990502,-0.01275823407808562,0.002016543642250273,8.40935201985387e-05,-7.771994413685362e-05
                42.9,0,0,  0.5496774343885745,  0.5498878393089084,  0.9628247581106752, -0.2696672708463171, 0.00923564044241643,-0.01275739586074216,0.002016543642250273,8.40935201985387e-05,-7.771994413685362e-05
               42.95,0,0,  0.5496774343885745,  0.5498878393089084,  0.9628112061917388, -0.2697158010806004,0.009232449138294012,-0.01275655761087085,0.002016543642250273,8.40935201985387e-05,-7.771994413685362e-05
                  43,0,0,  0.5496774343885745,  0.5498878393089084,  0.9627976518178982, -0.2697643306271825,0.009229257810631391,-0.01275571932847382,0.002016543642250273,8.40935201985387e-05,-7.771994413685362e-05
               43.05,0,0,  0.5496774343885745,  0.5498878393089084,  0.9627840949891883, -0.2698128594859398,0.009226066459436695,-0.01275488101355321,0.002016543642250273,8.40935201985387e-05,-7.771994413685362e-05
                43.1,0,0,  0.5496774343885745,  0.5498878393089084,  0.9627705357056435, -0.2698613876567483,0.009222875084718063,-0.01275404266611116,0.002016543642250273,8.40935201985387e-05,-7.771994413685362e-05
               43.15,0,0,  0.5496774343885745,  0.5498878393089084,  0.9627569739672983, -0.2699099151394845,0.009219683686483633,-0.01275320428614981,0.002016543642250273,8.40935201985387e-05,-7.771994413685362e-05
                43.2,0,0,  0.5496774343885745,  0.5498878393089084,  0.9627434097741874, -0.2699584419340246,0.009216492264741539,-0.01275236587367128,0.002016543642250273,8.40935201985387e-05,-7.771994413685362e-05
               43.25,0,0,  0.5496774343885745,  0.5498878393089084,  0.9627298431263452, -0.2700069680402448, 0.00921330081949993,-0.01275152742867773,0.002016543642250273,8.40935201985387e-05,-7.771994413685362e-05
                43.3,0,0,  0.5496774343885745,  0.5498878393089084,  0.9627162740238066, -0.2700554934580215, 0.00921010935076693,-0.01275068895117129,0.002016543642250273,8.40935201985387e-05,-7.771994413685362e-05
               43.35,0,0,  0.5496774343885745,  0.5498878393089084,  0.9627027024666057, -0.2701040181872308,0.009206917858550684,-0.01274985044115409,0.002016543642250273,8.40935201985387e-05,-7.771994413685362e-05
                43.4,0,0,  0.5496774343885745,  0.5498878393089084,  0.9626891284547776, -0.2701525422277492,0.009203726342859332,-0.01274901189862829,0.002016543642250273,8.40935201985387e-05,-7.771994413685362e-05
               43.45,0,0,  0.5496774343885745,  0.5498878393089084,  0.9626755519883566, -0.2702010655794527,   0.009200534803701,  -0.012748173323596,0.002016543642250273,8.40935201985387e-05,-7.771994413685362e-05
                43.5,0,0,  0.5496774343885745,  0.5498878393089084,  0.9626619730673777, -0.2702495882422177,0.009197343241083834,-0.01274733471605937,0.002016543642250273,8.40935201985387e-05,-7.771994413685362e-05
               43.55,0,0,  0.5496774343885745,  0.5498878393089084,   0.962648391691875, -0.2702981102159205,0.009194151655015973,-0.01274649607602054,0.002016543642250273,8.40935201985387e-05,-7.771994413685362e-05
                43.6,0,0,  0.5496774343885745,  0.5498878393089084,  0.9626348078618836, -0.2703466315004374, 0.00919096004550555,-0.01274565740348165,0.002016543642250273,8.40935201985387e-05,-7.771994413685362e-05
               43.65,0,0,  0.5496774343885745,  0.5498878393089084,   0.962621221577438, -0.2703951520956447,0.009187768412560708,-0.01274481869844484,0.002016543642250273,8.40935201985387e-05,-7.771994413685362e-05
                43.7,0,0,  0.5496774343885745,  0.5498878393089084,  0.9626076328385725, -0.2704436720014188,0.009184576756189576,-0.01274397996091224,0.002016543642250273,8.40935201985387e-05,-7.771994413685362e-05
               43.75,0,0,  0.5496774343885745,  0.5498878393089084,  0.9625940416453225, -0.2704921912176356,0.009181385076400296,-0.01274314119088599,0.002016543642250273,8.40935201985387e-05,-7.771994413685362e-05
                43.8,0,0,  0.5496774343885745,  0.5498878393089084,   0.962580447997722, -0.2705407097441718,0.009178193373201006,-0.01274230238836823,0.002016543642250273,8.40935201985387e-05,-7.771994413685362e-05
               43.85,0,0,  0.5496774343885745,  0.5498878393089084,  0.9625668518958056, -0.2705892275809034,0.009175001646599847, -0.0127414635533611,0.002016543642250273,8.40935201985387e-05,-7.771994413685362e-05
                43.9,0,0,  0.5496774343885745,  0.5498878393089084,  0.9625532533396085, -0.2706377447277069,0.009171809896604951,-0.01274062468586675,0.002016543642250273,8.40935201985387e-05,-7.771994413685362e-05
               43.95,0,0,  0.5496774343885745,  0.5498878393089084,  0.9625396523291649, -0.2706862611844586,0.009168618123224469, -0.0127397857858873,0.002016543642250273,8.40935201985387e-05,-7.771994413685362e-05
                  44,0,0,  0.5496774343885745,  0.5498878393089084,  0.9625260488645099, -0.2707347769510347,0.009165426326466525, -0.0127389468534249,0.002016543642250273,8.40935201985387e-05,-7.771994413685362e-05
               44.05,0,0,  0.5496774343885745,  0.5498878393089084,  0.9625124429456777, -0.2707832920273113,0.009162234506339259,-0.01273810788848168,0.002016543642250273,8.40935201985387e-05,-7.771994413685362e-05
                44.1,0,0,  0.5496774343885745,  0.5498878393089084,  0.9624988345727034, -0.2708318064131651,0.009159042662850815,-0.01273726889105979,0.002016543642250273,8.40935201985387e-05,-7.771994413685362e-05
               44.15,0,0,  0.5496774343885745,  0.5498878393089084,  0.9624852237456212, -0.2708803201084721,0.009155850796009328,-0.01273642986116136,0.002016543642250273,8.40935201985387e-05,-7.771994413685362e-05
                44.2,0,0,  0.5496774343885745,  0.5498878393089084,  0.9624716104644664, -0.2709288331131087,0.009152658905822937,-0.01273559079878853,0.002016543642250273,8.40935201985387e-05,-7.771994413685362e-05
               44.25,0,0,  0.5496774343885745,  0.5498878393089084,  0.9624579947292736, -0.2709773454269513,0.009149466992299784,-0.01273475170394345,0.002016543642250273,8.40935201985387e-05,-7.771994413685362e-05
                44.3,0,0,  0.5496774343885745,  0.5498878393089084,  0.9624443765400771, -0.2710258570498761,0.009146275055448003,-0.01273391257662825,0.002016543642250273,8.40935201985387e-05,-7.771994413685362e-05
               44.35,0,0,  0.5496774343885745,  0.5498878393089084,   0.962430755896912, -0.2710743679817595,0.009143083095275737,-0.01273307341684507,0.002016543642250273,8.40935201985387e-05,-7.771994413685362e-05
                44.4,0,0,  0.5496774343885745,  0.5498878393089084,  0.9624171327998128, -0.2711228782224777,0.009139891111791117,-0.01273223422459606,0.002016543642250273,8.40935201985387e-05,-7.771994413685362e-05
               44.45,0,0,  0.5496774343885745,  0.5498878393089084,  0.9624035072488146,  -0.271171387771907, 0.00913669910500229,-0.01273139499988334,0.002016543642250273,8.40935201985387e-05,-7.771994413685362e-05
                44.5,0,0,  0.5496774343885745,  0.5498878393089084,  0.9623898792439517, -0.2712198966299239,0.009133507074917391,-0.01273055574270907,0.002016543642250273,8.40935201985387e-05,-7.771994413685362e-05
               44.55,0,0,  0.5496774343885745,  0.5498878393089084,  0.9623762487852593, -0.2712684047964045,0.009130315021544553,-0.01272971645307537,0.002016543642250273,8.40935201985387e-05,-7.771994413685362e-05
                44.6,0,0,  0.5496774343885745,  0.5498878393089084,  0.9623626158727717, -0.2713169122712252,0.009127122944891921, -0.0127288771309844,0.002016543642250273,8.40935201985387e-05,-7.771994413685362e-05
               44.65,0,0,  0.5496774343885745,  0.5498878393089084,  0.9623489805065236, -0.2713654190542624,0.009123930844967633,-0.01272803777643829,0.002016543642250273,8.40935201985387e-05,-7.771994413685362e-05
                44.7,0,0,  0.5496774343885745,  0.5498878393089084,  0.9623353426865503, -0.2714139251453923, 0.00912073872177983,-0.01272719838943918,0.002016543642250273,8.40935201985387e-05,-7.771994413685362e-05
               44.75,0,0,  0.5496774343885745,  0.5498878393089084,  0.9623217024128861, -0.2714624305444913,0.009117546575336649,-0.01272635896998921,0.002016543642250273,8.40935201985387e-05,-7.771994413685362e-05
                44.8,0,0,  0.5496774343885745,  0.5498878393089084,  0.9623080596855663, -0.2715109352514357, 0.00911435440564623,-0.01272551951809052,0.002016543642250273,8.40935201985387e-05,-7.771994413685362e-05
               44.85,0,0,  0.5496774343885745,  0.5498878393089084,  0.9622944145046252, -0.2715594392661018,0.009111162212716706,-0.01272468003374526,0.002016543642250273,8.40935201985387e-05,-7.771994413685362e-05
                44.9,0,0,  0.5496774343885745,  0.5498878393089084,  0.9622807668700978,  -0.271607942588366,0.009107969996556227,-0.01272384051695555,0.002016543642250273,8.40935201985387e-05,-7.771994413685362e-05
               44.95,0,0,  0.5496774343885745,  0.5498878393089084,  0.9622671167820188, -0.2716564452181045,0.009104777757172921,-0.01272300096772355,0.002016543642250273,8.40935201985387e-05,-7.771994413685362e-05
                  45,0,0,  0.5496774343885745,  0.5498878393089084,   0.962253464240423, -0.2717049471551937,0.009101585494574941,-0.01272216138605139,0.002016543642250273,8.40935201985387e-05,-7.771994413685362e-05
               45.05,0,0,  0.5496774343885745,  0.5498878393089084,  0.9622398092453452, -0.2717534483995099,0.009098393208770416,-0.01272132177194122,0.002016543642250273,8.40935201985387e-05,-7.771994413685362e-05
                45.1,0,0,  0.5496774343885745,  0.5498878393089084,  0.9622261517968203, -0.2718019489509296,0.009095200899767486,-0.01272048212539517,0.002016543642250273,8.40935201985387e-05,-7.771994413685362e-05
               45.15,0,0,  0.5496774343885745,  0.5498878393089084,  0.9622124918948832,  -0.271850448809329,0.009092008567574297,-0.01271964244641539,0.002016543642250273,8.40935201985387e-05,-7.771994413685362e-05
                45.2,0,0,  0.5496774343885745,  0.5498878393089084,  0.9621988295395687, -0.2718989479745844,0.009088816212198978,-0.01271880273500401,0.002016543642250273,8.40935201985387e-05,-7.771994413685362e-05
               45.25,0,0,  0.5496774343885745,  0.5498878393089084,  0.9621851647309114, -0.2719474464465721, 0.00908562383364968,-0.01271796299116318,0.002016543642250273,8.40935201985387e-05,-7.771994413685362e-05
                45.3,0,0,  0.5496774343885745,  0.5498878393089084,  0.9621714974689463, -0.2719959442251687,0.009082431431934535,-0.01271712321489504,0.002016543642250273,8.40935201985387e-05,-7.771994413685362e-05
               45.35,0,0,  0.5496774343885745,  0.5498878393089084,  0.9621578277537084, -0.2720444413102502,0.009079239007061684,-0.01271628340620173,0.002016543642250273,8.40935201985387e-05,-7.771994413685362e-05
                45.4,0,0,  0.5496774343885745,  0.5498878393089084,  0.9621441555852324, -0.2720929377016932,0.009076046559039274,-0.01271544356508539,0.002016543642250273,8.40935201985387e-05,-7.771994413685362e-05
               45.45,0,0,  0.5496774343885745,  0.5498878393089084,  0.9621304809635531, -0.2721414333993741,0.009072854087875438,-0.01271460369154816,0.002016543642250273,8.40935201985387e-05,-7.771994413685362e-05
                45.5,0,0,  0.5496774343885745,  0.5498878393089084,  0.9621168038887057,  -0.272189928403169,0.009069661593578315,-0.01271376378559219,0.002016543642250273,8.40935201985387e-05,-7.771994413685362e-05
               45.55,0,0,  0.5496774343885745,  0.5498878393089084,  0.9621031243607245, -0.2722384227129543,0.009066469076156051,-0.01271292384721962,0.002016543642250273,8.40935201985387e-05,-7.771994413685362e-05
                45.6,0,0,  0.5496774343885745,  0.5498878393089084,  0.9620894423796449, -0.2722869163286064,0.009063276535616777,-0.01271208387643258,0.002016543642250273,8.40935201985387e-05,-7.771994413685362e-05
               45.65,0,0,  0.5496774343885745,  0.5498878393089084,  0.9620757579455015, -0.2723354092500017,0.009060083971968644,-0.01271124387323322,0.002016543642250273,8.40935201985387e-05,-7.771994413685362e-05
                45.7,0,0,  0.5496774343885745,  0.5498878393089084,  0.9620620710583293, -0.2723839014770165,0.009056891385219779,-0.01271040383762368,0.002016543642250273,8.40935201985387e-05,-7.771994413685362e-05
               45.75,0,0,  0.5496774343885745,  0.5498878393089084,  0.9620483817181632, -0.2724323930095274,0.009053698775378332, -0.0127095637696061,0.002016543642250273,8.40935201985387e-05,-7.771994413685362e-05
                45.8,0,0,  0.5496774343885745,  0.5498878393089084,  0.9620346899250378, -0.2724808838474104,0.009050506142452439,-0.01270872366918263,0.002016543642250273,8.40935201985387e-05,-7.771994413685362e-05
               45.85,0,0,  0.5496774343885745,  0.5498878393089084,  0.9620209956789885, -0.2725293739905421,0.009047313486450244, -0.0127078835363554,0.002016543642250273,8.40935201985387e-05,-7.771994413685362e-05
                45.9,0,0,  0.5496774343885745,  0.5498878393089084,  0.9620072989800499, -0.2725778634387986,0.009044120807379886,-0.01270704337112656,0.002016543642250273,8.40935201985387e-05,-7.771994413685362e-05
               45.95,0,0,  0.5496774343885745,  0.5498878393089084,  0.9619935998282571, -0.2726263521920567,0.009040928105249502,-0.01270620317349826,0.002016543642250273,8.40935201985387e-05,-7.771994413685362e-05
                  46,0,0,  0.5496774343885745,  0.5498878393089084,  0.9619798982236448, -0.2726748402501925,0.009037735380067238,-0.01270536294347262,0.002016543642250273,8.40935201985387e-05,-7.771994413685362e-05
               46.05,0,0,  0.5496774343885745,  0.5498878393089084,  0.9619661941662481, -0.2727233276130822,0.009034542631841233,-0.01270452268105181,0.002016543642250273,8.40935201985387e-05,-7.771994413685362e-05
                46.1,0,0,  0.5496774343885745,  0.5498878393089084,  0.9619524876561021, -0.2727718142806024,0.009031349860579631,-0.01270368238623795,0.002016543642250273,8.40935201985387e-05,-7.771994413685362e-05
               46.15,0,0,  0.5496774343885745,  0.5498878393089084,  0.9619387786932414, -0.2728203002526294,0.009028157066290564,-0.01270284205903319,0.002016543642250273,8.40935201985387e-05,-7.771994413685362e-05
                46.2,0,0,  0.5496774343885745,  0.5498878393089084,  0.9619250672777014, -0.2728687855290396, 0.00902496424898218,-0.01270200169943967,0.002016543642250273,8.40935201985387e-05,-7.771994413685362e-05
               46.25,0,0,  0.5496774343885745,  0.5498878393089084,  0.9619113534095166, -0.2729172701097095,0.009021771408662619,-0.01270116130745955,0.002016543642250273,8.40935201985387e-05,-7.771994413685362e-05
                46.3,0,0,  0.5496774343885745,  0.5498878393089084,  0.9618976370887223, -0.2729657539945153,0.009018578545340019,-0.01270032088309494,0.002016543642250273,8.40935201985387e-05,-7.771994413685362e-05
               46.35,0,0,  0.5496774343885745,  0.5498878393089084,  0.9618839183153532, -0.2730142371833334,0.009015385659022518,-0.01269948042634802,0.002016543642250273,8.40935201985387e-05,-7.771994413685362e-05
                46.4,0,0,  0.5496774343885745,  0.5498878393089084,  0.9618701970894443, -0.2730627196760403,0.009012192749718264, -0.0126986399372209,0.002016543642250273,8.40935201985387e-05,-7.771994413685362e-05
               46.45,0,0,  0.5496774343885745,  0.5498878393089084,  0.9618564734110308, -0.2731112014725122,0.009008999817435394,-0.01269779941571574,0.002016543642250273,8.40935201985387e-05,-7.771994413685362e-05
                46.5,0,0,  0.5496774343885745,  0.5498878393089084,  0.9618427472801474, -0.2731596825726256,0.009005806862182048,-0.01269695886183468,0.002016543642250273,8.40935201985387e-05,-7.771994413685362e-05
               46.55,0,0,  0.5496774343885745,  0.5498878393089084,  0.9618290186968295, -0.2732081629762569,0.009002613883966372,-0.01269611827557987,0.002016543642250273,8.40935201985387e-05,-7.771994413685362e-05
                46.6,0,0,  0.5496774343885745,  0.5498878393089084,  0.9618152876611118, -0.2732566426832825,0.008999420882796502,-0.01269527765695344,0.002016543642250273,8.40935201985387e-05,-7.771994413685362e-05
               46.65,0,0,  0.5496774343885745,  0.5498878393089084,  0.9618015541730294, -0.2733051216935787,0.008996227858680579,-0.01269443700595755,0.002016543642250273,8.40935201985387e-05,-7.771994413685362e-05
                46.7,0,0,  0.5496774343885745,  0.5498878393089084,  0.9617878182326173, -0.2733536000070219,0.008993034811626745,-0.01269359632259432,0.002016543642250273,8.40935201985387e-05,-7.771994413685362e-05
               46.75,0,0,  0.5496774343885745,  0.5498878393089084,  0.9617740798399104, -0.2734020776234884, 0.00898984174164315,-0.01269275560686592,0.002016543642250273,8.40935201985387e-05,-7.771994413685362e-05
                46.8,0,0,  0.5496774343885745,  0.5498878393089084,  0.9617603389949441, -0.2734505545428549,0.008986648648737924,-0.01269191485877447,0.002016543642250273,8.40935201985387e-05,-7.771994413685362e-05
               46.85,0,0,  0.5496774343885745,  0.5498878393089084,  0.9617465956977531, -0.2734990307649977,0.008983455532919219,-0.01269107407832213,0.002016543642250273,8.40935201985387e-05,-7.771994413685362e-05
                46.9,0,0,  0.5496774343885745,  0.5498878393089084,  0.9617328499483726, -0.2735475062897929,0.008980262394195169,-0.01269023326551103,0.002016543642250273,8.40935201985387e-05,-7.771994413685362e-05
               46.95,0,0,  0.5496774343885745,  0.5498878393089084,  0.9617191017468374, -0.2735959811171172,0.008977069232573912,-0.01268939242034333,0.002016543642250273,8.40935201985387e-05,-7.771994413685362e-05
                  47,0,0,  0.5496774343885745,  0.5498878393089084,  0.9617053510931829, -0.2736444552468469,0.008973876048063592,-0.01268855154282117,0.002016543642250273,8.40935201985387e-05,-7.771994413685362e-05
               47.05,0,0,  0.5496774343885745,  0.5498878393089084,   0.961691597987444, -0.2736929286788584,0.008970682840672362,-0.01268771063294668,0.002016543642250273,8.40935201985387e-05,-7.771994413685362e-05
                47.1,0,0,  0.5496774343885745,  0.5498878393089084,  0.9616778424296556, -0.2737414014130283,0.008967489610408354,-0.01268686969072202,0.002016543642250273,8.40935201985387e-05,-7.771994413685362e-05
               47.15,0,0,  0.5496774343885745,  0.5498878393089084,  0.9616640844198528, -0.2737898734492327,0.008964296357279709,-0.01268602871614932,0.002016543642250273,8.40935201985387e-05,-7.771994413685362e-05
                47.2,0,0,  0.5496774343885745,  0.5498878393089084,   0.961650323958071, -0.2738383447873483, 0.00896110308129458,-0.01268518770923074,0.002016543642250273,8.40935201985387e-05,-7.771994413685362e-05
               47.25,0,0,  0.5496774343885745,  0.5498878393089084,  0.9616365610443453, -0.2738868154272512,0.008957909782461094,-0.01268434666996842,0.002016543642250273,8.40935201985387e-05,-7.771994413685362e-05
                47.3,0,0,  0.5496774343885745,  0.5498878393089084,  0.9616227956787105, -0.2739352853688181,0.008954716460787404, -0.0126835055983645,0.002016543642250273,8.40935201985387e-05,-7.771994413685362e-05
               47.35,0,0,  0.5496774343885745,  0.5498878393089084,  0.9616090278612018, -0.2739837546119253, 0.00895152311628164,-0.01268266449442112,0.002016543642250273,8.40935201985387e-05,-7.771994413685362e-05
                47.4,0,0,  0.5496774343885745,  0.5498878393089084,  0.9615952575918545, -0.2740322231564492,0.008948329748951956,-0.01268182335814044,0.002016543642250273,8.40935201985387e-05,-7.771994413685362e-05
               47.45,0,0,  0.5496774343885745,  0.5498878393089084,  0.9615814848707033, -0.2740806910022661,0.008945136358806486,-0.01268098218952459,0.002016543642250273,8.40935201985387e-05,-7.771994413685362e-05
                47.5,0,0,  0.5496774343885745,  0.5498878393089084,  0.9615677096977837, -0.2741291581492526,0.008941942945853381,-0.01268014098857572,0.002016543642250273,8.40935201985387e-05,-7.771994413685362e-05
               47.55,0,0,  0.5496774343885745,  0.5498878393089084,  0.9615539320731304, -0.2741776245972852,0.008938749510100775,-0.01267929975529597,0.002016543642250273,8.40935201985387e-05,-7.771994413685362e-05
                47.6,0,0,  0.5496774343885745,  0.5498878393089084,   0.961540151996779, -0.2742260903462401,0.008935556051556815,-0.01267845848968749,0.002016543642250273,8.40935201985387e-05,-7.771994413685362e-05
               47.65,0,0,  0.5496774343885745,  0.5498878393089084,  0.9615263694687642, -0.2742745553959939,0.008932362570229641,-0.01267761719175243,0.002016543642250273,8.40935201985387e-05,-7.771994413685362e-05
                47.7,0,0,  0.5496774343885745,  0.5498878393089084,  0.9615125844891216, -0.2743230197464228,0.008929169066127401,-0.01267677586149292,0.002016543642250273,8.40935201985387e-05,-7.771994413685362e-05
               47.75,0,0,  0.5496774343885745,  0.5498878393089084,  0.9614987970578859, -0.2743714833974035,0.008925975539258228,-0.01267593449891113,0.002016543642250273,8.40935201985387e-05,-7.771994413685362e-05
                47.8,0,0,  0.5496774343885745,  0.5498878393089084,  0.9614850071750922, -0.2744199463488121,0.008922781989630275,-0.01267509310400918,0.002016543642250273,8.40935201985387e-05,-7.771994413685362e-05
               47.85,0,0,  0.5496774343885745,  0.5498878393089084,  0.9614712148407762, -0.2744684086005253,0.008919588417251673,-0.01267425167678923,0.002016543642250273,8.40935201985387e-05,-7.771994413685362e-05
                47.9,0,0,  0.5496774343885745,  0.5498878393089084,  0.9614574200549728, -0.2745168701524195,0.008916394822130571,-0.01267341021725342,0.002016543642250273,8.40935201985387e-05,-7.771994413685362e-05
               47.95,0,0,  0.5496774343885745,  0.5498878393089084,  0.9614436228177171, -0.2745653310043711,0.008913201204275117,-0.01267256872540389,0.002016543642250273,8.40935201985387e-05,-7.771994413685362e-05
                  48,0,0,  0.5496774343885745,  0.5498878393089084,  0.9614298231290443, -0.2746137911562566,0.008910007563693445, -0.0126717272012428,0.002016543642250273,8.40935201985387e-05,-7.771994413685362e-05
               48.05,0,0,  0.5496774343885745,  0.5498878393089084,  0.9614160209889896, -0.2746622506079524,0.008906813900393709,-0.01267088564477228,0.002016543642250273,8.40935201985387e-05,-7.771994413685362e-05
                48.1,0,0,  0.5496774343885745,  0.5498878393089084,  0.9614022163975884, -0.2747107093593349,0.008903620214384036,-0.01267004405599449,0.002016543642250273,8.40935201985387e-05,-7.771994413685362e-05
               48.15,0,0,  0.5496774343885745,  0.5498878393089084,  0.9613884093548756, -0.2747591674102806,0.008900426505672581,-0.01266920243491156,0.002016543642250273,8.40935201985387e-05,-7.771994413685362e-05
                48.2,0,0,  0.5496774343885745,  0.5498878393089084,  0.9613745998608866, -0.2748076247606659,0.008897232774267487,-0.01266836078152565,0.002016543642250273,8.40935201985387e-05,-7.771994413685362e-05
               48.25,0,0,  0.5496774343885745,  0.5498878393089084,  0.9613607879156565, -0.2748560814103671,0.008894039020176893, -0.0126675190958389,0.002016543642250273,8.40935201985387e-05,-7.771994413685362e-05
                48.3,0,0,  0.5496774343885745,  0.5498878393089084,  0.9613469735192205,  -0.274904537359261,0.008890845243408942,-0.01266667737785346,0.002016543642250273,8.40935201985387e-05,-7.771994413685362e-05
               48.35,0,0,  0.5496774343885745,  0.5498878393089084,  0.9613331566716139, -0.2749529926072239,0.008887651443971779,-0.01266583562757147,0.002016543642250273,8.40935201985387e-05,-7.771994413685362e-05
                48.4,0,0,  0.5496774343885745,  0.5498878393089084,   0.961319337372872, -0.2750014471541322,0.008884457621873546,-0.01266499384499508,0.002016543642250273,8.40935201985387e-05,-7.771994413685362e-05
               48.45,0,0,  0.5496774343885745,  0.5498878393089084,    0.96130551562303, -0.2750499009998624,0.008881263777122389,-0.01266415203012644,0.002016543642250273,8.40935201985387e-05,-7.771994413685362e-05
                48.5,0,0,  0.5496774343885745,  0.5498878393089084,   0.961291691422123, -0.2750983541442908,0.008878069909726449,-0.01266331018296769,0.002016543642250273,8.40935201985387e-05,-7.771994413685362e-05
               48.55,0,0,  0.5496774343885745,  0.5498878393089084,  0.9612778647701862,  -0.275146806587294,0.008874876019693874,-0.01266246830352098,0.002016543642250273,8.40935201985387e-05,-7.771994413685362e-05
                48.6,0,0,  0.5496774343885745,  0.5498878393089084,  0.9612640356672552, -0.2751952583287485,0.008871682107032798,-0.01266162639178845,0.002016543642250273,8.40935201985387e-05,-7.771994413685362e-05
               48.65,0,0,  0.5496774343885745,  0.5498878393089084,  0.9612502041133646, -0.2752437093685306,0.008868488171751376,-0.01266078444777225,0.002016543642250273,8.40935201985387e-05,-7.771994413685362e-05
                48.7,0,0,  0.5496774343885745,  0.5498878393089084,  0.9612363701085503,  -0.275292159706517,0.008865294213857738,-0.01265994247147453,0.002016543642250273,8.40935201985387e-05,-7.771994413685362e-05
               48.75,0,0,  0.5496774343885745,  0.5498878393089084,  0.9612225336528476, -0.2753406093425839,0.008862100233360037,-0.01265910046289744,0.002016543642250273,8.40935201985387e-05,-7.771994413685362e-05
                48.8,0,0,  0.5496774343885745,  0.5498878393089084,  0.9612086947462913,  -0.275389058276608,0.008858906230266417,-0.01265825842204311,0.002016543642250273,8.40935201985387e-05,-7.771994413685362e-05
               48.85,0,0,  0.5496774343885745,  0.5498878393089084,   0.961194853388917, -0.2754375065084658,0.008855712204585024,-0.01265741634891371,0.002016543642250273,8.40935201985387e-05,-7.771994413685362e-05
                48.9,0,0,  0.5496774343885745,  0.5498878393089084,  0.9611810095807598, -0.2754859540380334,0.008852518156323996,-0.01265657424351138,0.002016543642250273,8.40935201985387e-05,-7.771994413685362e-05
               48.95,0,0,  0.5496774343885745,  0.5498878393089084,  0.9611671633218554, -0.2755344008651877,0.008849324085491472,-0.01265573210583825,0.002016543642250273,8.40935201985387e-05,-7.771994413685362e-05
                  49,0,0,  0.5496774343885745,  0.5498878393089084,  0.9611533146122386, -0.2755828469898048,0.008846129992095612,-0.01265488993589649,0.002016543642250273,8.40935201985387e-05,-7.771994413685362e-05
               49.05,0,0,  0.5496774343885745,  0.5498878393089084,  0.9611394634519451, -0.2756312924117615,0.008842935876144542,-0.01265404773368823,0.002016543642250273,8.40935201985387e-05,-7.771994413685362e-05
                49.1,0,0,  0.5496774343885745,  0.5498878393089084,  0.9611256098410099, -0.2756797371309341,0.008839741737646426,-0.01265320549921563,0.002016543642250273,8.40935201985387e-05,-7.771994413685362e-05
               49.15,0,0,  0.5496774343885745,  0.5498878393089084,  0.9611117537794684,  -0.275728181147199,0.008836547576609392,-0.01265236323248085,0.002016543642250273,8.40935201985387e-05,-7.771994413685362e-05
                49.2,0,0,  0.5496774343885745,  0.5498878393089084,   0.961097895267356, -0.2757766244604329,0.008833353393041593,  -0.012651520933486,0.002016543642250273,8.40935201985387e-05,-7.771994413685362e-05
               49.25,0,0,  0.5496774343885745,  0.5498878393089084,  0.9610842411732397, -0.2758243462574166,0.008830168675182956,-0.01265067197916293,0.001866543642250267,8.40935201985387e-05,-7.771994413685362e-05
                49.3,0,0,  0.5496774343885745,  0.5498878393089084,  0.9610733088906439, -0.2758625767867136,0.008827108862842721,-0.01264973580500802,0.001366543642250296,8.40935201985387e-05,-7.771994413685362e-05
               49.35,0,0,  0.5496774343885745,  0.5498878393089084,  0.9610658237637871, -0.2758887935763191,0.008824207161853387,-0.01264868927716551,0.0008665436422502533,8.40935201985387e-05,-7.771994413685362e-05
                49.4,0,0,  0.5496774343885745,  0.5498878393089084,  0.9610617867760427, -0.2759029969079781,0.008821463565156959,-0.01264753244053706,0.0003665436422502816,8.40935201985387e-05,-7.771994413685362e-05
               49.45,0,0,  0.5496774343885745,  0.5498878393089084,  0.9610611984602733,  -0.275905186934149,0.008818878061555908, -0.0126462653340942,-0.000133456357749761,8.40935201985387e-05,-7.771994413685362e-05
                49.5,0,0,  0.5496774343885745,  0.5498878393089084,  0.9610640588988412, -0.2758953636779711,0.008816450635716424,-0.01264488799087953,-0.0006334563577497326,8.40935201985387e-05,-7.771994413685362e-05
               49.55,0,0,  0.5496774343885745,  0.5498878393089084,    0.96107036772361, -0.2758735270332589,0.008814181268171267,-0.01264340043800795,-0.001133456357749704,8.40935201985387e-05,-7.771994413685362e-05
                49.6,0,0,  0.5496774343885745,  0.5498878393089084,  0.9610801241159368, -0.2758396767645258,0.008812069935322282, -0.0126418026966684,-0.001633456357749746,8.40935201985387e-05,-7.771994413685362e-05
               49.65,0,0,  0.5496774343885745,  0.5498878393089084,  0.9610932233839109, -0.2757941729170098,0.008810111869325857,-0.01264009808607831,-0.002033456357749738,8.40935201985387e-05,-7.771994413685362e-05
                49.7,0,0,  0.5496774343885745,  0.5498878393089084,  0.9611072856049553, -0.2757453045756673,0.008808198024599177,-0.01263836260502476,-0.002033456357749738,8.40935201985387e-05,-7.771994413685362e-05
               49.75,0,0,  0.5496774343885745,  0.5498878393089084,  0.9611213453342955, -0.2756964355194454,0.008806284157036924,-0.01263662709120581,-0.002033456357749738,8.40935201985387e-05,-7.771994413685362e-05
                49.8,0,0,  0.5496774343885745,  0.5498878393089084,  0.9611354025718943, -0.2756475657484708,0.008804370266644072,-0.01263489154462595,-0.002033456357749738,8.40935201985387e-05,-7.771994413685362e-05
               49.85,0,0,  0.5496774343885745,  0.5498878393089084,  0.9611494573177154, -0.2755986952628699,0.008802456353425575, -0.0126331559652897,-0.002033456357749738,8.40935201985387e-05,-7.771994413685362e-05
                49.9,0,0,  0.5496774343885745,  0.5498878393089084,  0.9611635095717224, -0.2755498240627696,0.008800542417386396,-0.01263142035320153,-0.002033456357749738,8.40935201985387e-05,-7.771994413685362e-05
               49.95,0,0,  0.5496774343885745,  0.5498878393089084,  0.9611775593338787, -0.2755009521482967,0.008798628458531499,-0.01262968470836596,-0.002033456357749738,8.40935201985387e-05,-7.771994413685362e-05
                  50,0,0,  0.5496774343885745,  0.5498878393089084,   0.961191606604148, -0.2754520795195777, 0.00879671447686585,-0.01262794903078748,-0.002033456357749738,8.40935201985387e-05,-7.771994413685362e-05
