sys.exec.out.time {s},verif.corr_state.pos_error[0] {m},verif.corr_state.pos_error[1] {m},verif.corr_state.pos_error[2] {m},verif.dispersed_position[0] {1},verif.dispersed_position[1] {1},verif.dispersed_position[2] {1},verif.corr_state.vel_error[0] {m/s},verif.corr_state.vel_error[1] {m/s},verif.corr_state.vel_error[2] {m/s},verif.dispersed_velocity[0] {1},verif.dispersed_velocity[1] {1},verif.dispersed_velocity[2] {1},verif.corr_state.att_error[0] {rad},verif.corr_state.att_error[1] {rad},verif.corr_state.att_error[2] {rad},verif.dispersed_T_mx[0][0] {1},verif.dispersed_T_mx[0][1] {1},verif.dispersed_T_mx[0][2] {1},verif.dispersed_T_mx[1][0] {1},verif.dispersed_T_mx[1][1] {1},verif.dispersed_T_mx[1][2] {1},verif.dispersed_T_mx[2][0] {1},verif.dispersed_T_mx[2][1] {1},verif.dispersed_T_mx[2][2] {1}
                   0,                   0,                   0,                   0,             6800000,                   0,                   0,                   0,                   0,                   0,                   0,                8000,                   0,                   0,                   0,                   0,                   0,                   1,                   0,                   0,                   0,                   1,                   1,                   0,                   0
                   1,    1.11763543682565,  -0.156874936355028,-0.06256410199640665,   6800001.117635437,  -0.156874936355028,-0.06256410199640665,   5.823707453076813, -0.4600097769346309,  0.0383485680388829,   5.823707453076813,   7999.539990223066,  0.0383485680388829,  -6.626310907044621, -0.7371204709012406, 0.01758512186953199, -0.0130194785056027,  0.9375856932572473, -0.3475105192346975, -0.6721586773728909,  0.2490967481562774,  0.6972471028912878,   0.740292648627398,  0.2426600046511477,  0.6269632497451001
                   2,   5.913191836247273,  0.2767384326766129, -0.1071727156654587,   6800005.913191836,  0.2767384326766129, -0.1071727156654587,  -12.35406289653217,  0.3193149020121916,  0.1104473531427436,  -12.35406289653217,   8000.319314902013,  0.1104473531427436,   -10.1628918017412,   2.547805974741967,-0.003092416517153696,-0.002563077207484154, -0.7385712703864419,  0.6741705342085086,  0.5595035320785675,  0.5577132361173973,  0.6131164194923079, -0.8288240031676424,  0.3787722598332903,  0.4118037723891643
