dyn_time{s}, x1_alias1{kg}, x2_alias1{N}, verif_test.sim_data.x1{kg}, verif_test.sim_data.i1{count}, x1_alias2{kg}
       6,     14.061726562499997,   0.677815057605945848,     14.061726562499997,    -9,     14.061726562499997
       7,   -21.0925898437499946,   0.440764982814795259,   -21.0925898437499946,    -9,   -21.0925898437499946
       8,    31.6388847656249936,  -0.598798366008895688,    31.6388847656249936,    13,    31.6388847656249936
       9,   -47.4583271484374905,  -0.704153954804962678,   -47.4583271484374905,   -19,   -47.4583271484374905
      10,    71.1874907226562357,   0.633916895607584685,    71.1874907226562357,   -19,    71.1874907226562357
