sys.exec.out.time {s},test_sep.sep_state_1.active {--},test_sep.sep_state_1.rel_state.trans.position[0] {m},test_sep.sep_state_1.rel_state.trans.position[1] {m},test_sep.sep_state_1.rel_state.trans.position[2] {m},test_sep.sep_state_2.active {--},test_sep.sep_state_2.rel_state.trans.position[0] {m},test_sep.sep_state_2.rel_state.trans.position[1] {m},test_sep.sep_state_2.rel_state.trans.position[2] {m}
                   0,0,                   0,                   0,                   0,0,                   0,                   0,                   0
                   1,1, -0.4999999999999849, -0.6999999999999964,1.414285714285693e-07,1, -0.9999999999999899,                   0,1.428571428571414e-07
                   2,1,                 0.5, -0.6999999000000108,   1.000000069999985,1,                   0,                   0,                   1
                   3,1, -0.4999995714287401,  -0.699999700000125,   3.000000141428465,1,  -0.999999571428745,                   0,   3.000000142857051
                   4,1, -0.4999994285717482,  0.2999998285715263,   4.000000084285622,1, -0.9999994285717245,  0.9999994285717448,   4.000000285714041
                   5,1,  -1.499998857143445,  0.2999998285715263,   4.000000441428152,1,  -1.999998857143388,  0.9999994285717448,   4.000000714285102
                   6,1,  -2.499998285714932,   1.299999257143259,   4.000001312855956,1,  -2.999998285714745,   1.999998857143428,   4.000001857141266
                   7,1,  -2.499998285715006, -0.6999996000002251,   4.000001141427531,1,   -2.99999828571499,                   0,   4.000001285713183
                   8,0,  -2.499998285715006, -0.6999996000002251,   4.000001141427531,0,   -2.99999828571499,                   0,   4.000001285713183
